Title,Description,Land Tenure,Tent Sites,Landing Comments,Camp Comments,Other Comments,Layer Title,Latitude,Longitude,x,y
Solitary Mountain,Campsite primary,Provincial Recreation Site,8,"Easy, on low gradient beach of gravel, cobble, some boulders. NW aspect. Some weather protection. East bank of creek.",Upland sheltered cleared sites in open forest. Potential for many tents. Hammock opportunities. Other options along same shore.,Water at year-round creek. View. Staging for tidal rapids.,Campsite,50.42765,-125.61310,-13983186.708,6520669.133
South Curme Island,Campsite secondary,Marine Provincial Park,8,"Moderate on rock ledges or rough beaches in N or S coves which join at high water, splitting island.","8 wooden tent platforms. Vault toilet. Picnic area. No fires permitted. Camping fees apply 1 June to 15 September. Either pre-pay permit via Internet or at Lund or Okeover launch sites, but no reservable sites. Camp only at designated sites. Numerous drought-killed trees reported 2023.",Views. In Spring avoid bird nesting area on SW end. See <a href="https://bcparks.ca/desolation-sound-marine-park/" target="_blank" style="color:blue">Desolation Sound Marine Provincial Park</a>Park Operator: 1312768 BC Ltd email DesolationSound.Camping@outlook.com ,Campsite,50.11400,-124.74250,-13886271.825,6466041.517
Grandmother Grove,Day Use,Regional,n/a,"Head of lagoon at end of Carrington Bay where creek enters. Sand, gravel beach.",No known camping.,"Big spruce trees hang over secluded, sandy beach. Extensive hiking trail access via Jimmy Smith Road past Cortes Pit. Carrington Bay Park, Strathcona Regional District. See: <a href="https://ourcortes.com/our-island/parks/carrington-bay/" target="_blank" style="color:blue">Carrington Bay Park</a>. . See also :<a href="http://ourcortes.com/our-land/forests/grandmother-grove/" target="_blank" style="color:blue">Grandmother Grove</a>.",Day Use,50.12488,-124.98851,-13913657.221,6467931.845
Fishermans Wharf ,Launch Site,"Public Harbour, Public Harbour",n/a,Low purpose-built paddlecraft dock on Fishermans Wharf in front of Harbour Master's Office. Access via narrow ramp from parking lot. Expect congestion during summer.,No camping. Many park facilities directly across road including toilets.,"Lies on David Foster Parkway walking path. Day street parking limit 2 hrs. Pay parking lot by dock $8.00 for 12 hr (2017). Launch site for Victoria Waterway Loop Trail, a 8.4 NM paddling route with a 950 m portage. Loop is in 4 sections with multiple launch points. May be completed in a day. See: <a href="https://vicwaterloop.ca/" target="_blank" style="color:blue">Loop</a>.",Launch Site,48.42223,-123.38204,-13734825.576,6177388.134
Bricky Bay,Day Use,Crown,n/a,"Sand, pebble beach. NE aspect. Steep stair to beach reduces value as Launch Site.",No camping permitted.,Ridiculous parking restrictions in adjacent Armadale Road. Steps to beach. Public beach access sign.,Day Use,48.81001,-123.28075,-13723550.315,6242685.337
Gulf Islands MT - 1,nan,nan,nan,nan,nan,nan,Gulf Islands MT - 1,49.19045,-123.94728,-13797606.519,6307268.817
Gulf Islands MT - 1b,nan,nan,nan,nan,nan,nan,Gulf Islands MT - 1,48.70910,-123.52103,-13750297.995,6225644.755
Gulf Islands MT 2,nan,nan,nan,nan,nan,nan,Gulf Islands MT - 2,49.19051,-123.94722,-13797608.369,6307277.595
Gulf Islands MT - 3,nan,nan,nan,nan,nan,nan,Gulf Islands MT - 3,48.57625,-123.35205,-13731487.684,6203263.043
Salish Sea MT - leg 1,nan,nan,nan,nan,nan,nan,Salish Sea MT - leg 1,48.40360,-123.36257,-13732869.288,6174735.013
Salish Sea MT - leg 2,nan,nan,nan,nan,nan,nan,Salish Sea MT - leg 2,48.64825,-123.39050,-13736102.102,6215373.076
Salish Sea MT - leg 3,nan,nan,nan,nan,nan,nan,Salish Sea MT - leg 3,49.19036,-123.94717,-13797602.698,6307250.696
Salish Sea MT - leg 4,nan,nan,nan,nan,nan,nan,Salish Sea MT - leg 4,49.46805,-123.75314,-13776192.524,6355117.249
Kent Island 2,Day Use,Crown Conservancy,2 - 5,"Easy on lage clam bed beach of muddy sand, scattered boulders. Protected from most directions. SE aspect.<br />. ","Small stream crosses SW part of beach. Directly to NE of stream,10 m path leads to tent flat behind big cedar. May need salal re-brushed. Reported brushed 2004. Alternate camp on protected beach not seen 2024. 1 semi-flat rock might yield small site. Visible grass floods.","Additional upland potential sites could be brushed, but will re-grow quickly. See <a href="https://bcparks.ca/mahpahkum-ahkwuna-deserters-walker-conservancy/" target="_blank" style="color:blue">Mahpahkum-Ahkwuna/Deserters-Walker Conservancy</a>.",Day Use,50.90127,-127.53601,-14197243.836,6603847.281
Kent Island 1,Day Use,Crown Conservancy,3 - 4,"Easy on low gradient sand, gravel, scattered boulder beach protected at all tides. End of the lagoon muddy, difficult at moderate or low tides. High water has more boulders. Very protected but long carry at low water.<br />","Undeveloped. Sheltered. Sites for 3-4 tents at top of beach between bushes or under alders, above all but highest tides on level pebble, gravel. Additional potential 2-3 sites upland if salal brushed. Old site reported 15 m into woods at inlet corner but not seen 2024.",Charted streams not seen 2024. First Nation 'sea garden'. Use might be restricted. See <a href="https://bcparks.ca/mahpahkum-ahkwuna-deserters-walker-conservancy/" target="_blank" style="color:blue">Mahpahkum-Ahkwuna/Deserters-Walker Conservancy</a>.,Day Use,50.90525,-127.53795,-14197459.762,6604549.921
Kent Island 3,Day Use,Crown Conservancy,3,"Easy on sand, cobble beach.","Sheltered, undeveloped. Little beach at high water.","Not a good site, but useful shelter if crossing QC Strait. Might instead be 50Deg 54.063'N 127Deg 32.094'W. See <a href="https://bcparks.ca/mahpahkum-ahkwuna-deserters-walker-conservancy/" target="_blank" style="color:blue">Mahpahkum-Ahkwuna/Deserters-Walker Conservancy</a>.",Day Use,50.89980,-127.53402,-14197021.798,6603588.605
Raynor Islands Central Cove,Informal site secondary,Provincial Forest,3 - 4,High water landing awkward over stacked drift logs at head of protected narrow cove. E aspect.,3-4 tent sites on damp lumpy grass. Easy upland access for further sites if brushed. Likely potential for 2 or more sites. Hammock opportunities.,Marginal site. ,Informal Site,50.88073,-127.22833,-14162992.498,6600223.49
Howcraft Point north,Day Use,Provincial Forest,unknown,"Beach of white sand below mid height, cobble, scattered boulders. Drift logs above. Exposed to NW. Surf likely in W wind. Outer cove to SE of Point is mostly boulders.","Undeveloped. Upper beach lacks tidal clearance so no beach sites. Access dense low slope upland vegetation on small animal trails to yield potential brushable tent sites, hammock opportunities. 2 sites reported but none found.",Attractive. Seasonal stream reported but not seen. Other sites offer better shelter.,Day Use,50.84356,-127.08689,-14147247.77,6593667.106
Peel Island,Day Use,Provincial Recreation Site,none,"Easy, on shell, pebble, sand beach. At tides less than 2m, landing is rocky. ","Sheltered, undeveloped. Dense salal. No upland forest sites found 2023. Beach floods. Gentle upland slope suggests brushing might reveal tent sites.","N Frazer (2000) noted nearby area with rough beach for possible day use. Used by First Nation for cedar bark harvesting, but no suitable campsites. Pipe debris on site 2023. Site viewed 2023 might be different from (to W of) main site.",Day Use,50.72479,-127.39617,-14181676.618,6572755.868
Cluxewe,Commercial,IR,15 +,Easy on exposed gravel beach. N aspect. Protected optional landing in estuary near boat launch might require mid or higher water levels.,"Developed commercial resort, RV site. Picnic tables. Toilets.","Water at tap. Boat launch in protected estuary. View. For details, see <a href="https://cluxeweresort.com/" target="_blank" style="color:blue">Cluxewe Resort</a>.",Private or Commercial,50.61382,-127.17647,-14157219.514,6553264.581
Pig Ranch central,Informal site secondary,Crown Conservancy,1 - 2,"Easy on cobble, pebble beach. Second bay from N. Drift logs.","Tent sites in open sloped second growth forest. In 2023 only 1-2 tent sites seen. Possibly 6-8 sites if brushed lightly. Former commercial site, but platforms, structures decayed. Drift logs prevent beach camping, ",Views. Log debris. See <a href="https://bcparks.ca/qwiquallaaq-boat-bay-conservancy/" target="_blank" style="color:blue">Qwiquallaaq/Boat Bay Conservancy</a>.,Dispersed Site,50.52973,-126.60867,-14094012.307,6538526.805
Lee Islands,Day Use,Crown,2,"Moderate, cobble, boulders, bedrock.",Undeveloped. Small rocky bluff areas. No clearing exists.,View. Faces across channel to Thurston Bay.,Day Use,50.38533,-125.35917,-13954918.603,6513278.157
Edith Point east,Informal site primary,Provincial Forest,5 - 7,"Easy on low gradient beach of silt or firm mud, gravel, pebble, cobble, occasional boulders. Long but easy 50 m carry at low water. SE aspect. Protected from prevailing wind, swell. Currents.",Undeveloped. Approx 50 m E of stream path leads into to forest clearing for 3 or more tents. Various other sites near centre bay among large conifers or alders without clearings. Another site lies by shore under large cedar just W of shoal projecting into bay. Inactive log dump nearby could yield additional sites. ,Water at stream. Attractive. Staging area for Edith Pt. ,Informal Site,50.37503,-125.53462,-13974449.641,6511480.068
Hardinge Island,Informal site primary,Crown Conservancy,4,"Easy on pebble, gravel beach at high water, much cobble, some boulders at low water. SW side of island. Exposed W aspect.",Undeveloped. Campsites in open forest behind the large rock at centre beach. Potential for several more sites. Hammock opportunities. ** Hazardous trees observed at here June 2020 - until situation has been remedied camping is recommended higher up slope where deadfall is less likely .**,Wild Coast Atlas shows site in incorrect location. Sheltered anchorages at various locations. Cetan Thurston Bay Conservancy. See: <a href="http://bcparks.ca/explore/cnsrvncy/cetan-thurston_bay/" target="_blank" style="color:blue">Cetan Thurston Bay Conservancy</a>.,Dispersed Site,50.35565,-125.35798,-13954786.868,6508097.5
Walkem Bay south,Informal site primary,Provincial Forest,8,"Easy on low gradient gravel, pebble beach. sand patches. Rougher at sides, top with cobbles, occasional boulders. Exposed to W but outer bay moderately protected.","Easy access to dark open forest with several level areas. Undeveloped. Some brushing, levelling needed.",Water at seasonal creek. Aka East Thurlow Island south.,Informal Site,50.35523,-125.48858,-13969324.826,6508023.924
Shoal Bay,Day Use,Public Harbour,n/a,"Large govt dock. Easy on low gradient mud, sand beach. N aspect. Long carry at most water levels.",Camping by permission on grass - room for 4 tents. Little privacy.,"Marina, laundry, showers, toilets. Water at tap. Cottage rental accommodation, seasonal pub. For details, see <a href="https://shoalbay.ca/" target="_blank" style="color:blue">The Cottages at Shoal Bay</a>.",Day Use,50.45649,-125.36697,-13955786.929,6525709.726
Sullivan Bay,Day Use,Crown tenure,n/a,Float community.,No comments.,"Fuel, some provisions available year-round. Laundry, showers.",Day Use,50.88500,-126.82717,-14118335.616,6600976.709
Greenway Sound,Campsite primary,Provincial Recreation Site,4,"Moderately difficult on rough rock boulder beach with boat run for low, mid water levels. Well protected. Prominent sign. Float, dock in disrepair, hazardous but not close to camping area, so not recommended. ","Clear level grass areas upland. Pit toilet near dock. Picnic tables. Log book box needs repair, no book present 2023. Raised boardwalk hazardous due to rotting boards. Location also given as N50D 50.21M W126D 46.299M","Attractive. Water at year-round creek. Hiking trail leads to lake 45 min, further lake 30 min more.",Campsite,50.83583,-126.77247,-14112246.44,6592305.748
Mimkwamlis,Day Use,IR,n/a,"Easy, shell beach, reefs, midden. Some beach debris.",No camping permitted. Site reported to be visited on summer evenings by Guardian Watchman to dissuade intending campers from staying overnight.,"Visitors to this site who go ashore must obtain permission. Fee $20 each person. Call Band Office at 250-287-2955 or Toll Free: 1-888-287-2955. Etransfer at: viband@mamalilikulla.ca. For details and letter of permission, see <a href="https://mamalilikulla.ca/" target="_blank" style="color:blue">Mamalilikulla First Nation</a>.Water at creek. Known archaeological site. Mamalilikulla First Nation village on Village Island, occupied until 1972. Trail. Much of village site overgrown. The name Mimkwa̱mlis means village with rocks and island out front. ",Day Use,50.61884,-126.57769,-14090563.774,6554146.403
Alert Road,Launch Site,Regional,n/a,"Easy, on sand, pebble, cobble beach. Exposed E aspect. Easy level access from parking area.",No camping permitted.,Alert Road off Highway 19A. Parking at street side in cul-de-sac. Beach access managed by Regional District of Nanaimo.,Launch Site,49.38884,-124.59113,-13869420.926,6341099.325
Burdwood Group central,Closed Site,Crown Conservancy,n/a,"This site is currently closed. Site closures may occur for a variety of reasons, including environmental protection, weather-related damage, safety concerns, or directives from First Nations. BC Marine Trails will update this site’s status as new information becomes available. We appreciate your understanding and cooperation in helping preserve these areas for future generations.",nan,nan,Closed,50.79390,-126.48485,-14080229.095,6584917.674
Sunnybeach Road,Launch Site,Regional,n/a,"Extensive low gradient sand beach. E aspect. Exposed. Short, easy carry from parking lot.","Benches, picnic tables.",Gravel parking lot for about 15 vehicles. Located on Highway 19A. Sunnybeach Road Beach Access managed by Regional District of Nanaimo. Additional launch sites at Franksea Road 430 m to N and at Baywater Road 570 m to S.,Launch Site,49.40742,-124.63380,-13874171.374,6344276.075
Care Island,Informal site secondary,Provincial Forest,4,"Rough beaches to N and S of rocky promontory.  Boulders, moderate gradient at high water, clam bed lower gradient with occasional boulders. S side steeper.",Undeveloped. Rough tent sites in second growth forest or possible bluff sites. Hammock opportunities.,No comments.,Informal Site,50.58524,-126.51898,-14084028.541,6548252.303
Fisherman Bay,Dispersed site secondary,Provincial Park,unknown,"Relatively easy landing on smooth pebble beach in partly protected cove. N aspect. Approach via centre bay through kelp. At very low water, W part of beach dries to boulders. Mostly sand bottom in centre of cove.","Large area of level berm with beach grass 40 m E of centre beach. Also upland site under deciduous tree W of small peninsula i.e further E. Dispersed camping permitted. Fire pit, camp furniture. Camping fees apply 1 May to 30 September. Either pre-pay permit via Internet or at San Josef Bay trailhead, but no reservable sites.",Rough hiking trail across peninsula to Nissen Bight. See: <a href="https://bcparks.ca/raft-cove-park/" target="_blank" style="color:blue">Cape Scott Provincial Park</a>,Dispersed Site,50.79442,-128.31214,-14283642.177,6585008.387
Lemon Cove,Informal site primary,Provincial Forest,4 - 6,"Easy on 20 m long mixed rock, gravel all-tide beach, cobbles below, scattered boulders in semi-protected cove, Open to W. W aspect. Moderately low gradient so dries far. Enter cove from W except at high water when passages between islands open. Beach mostly floods.",Large site in open mossy woods for several tents 20 m along trail from beach on NW bank of creek. Hammock opportunities. Additional sites could be brushed.,"Water at seasonal creek. Logging relics, remains of cord road.",Informal Site,50.86248,-127.77540,-14223891.907,6597003.983
Cranberry Islet,Informal site secondary,Crown,1 - 2,"Islet between Hull, Mistake Islands. Rocky beach or rock shelves at E end of islet. Strong winds can make landing difficult on SW side. Boat lining easy at either end of islet. ",Pine covered islet has flat top covered with low salal. Very small flat area half way along SW side above steep shore.,Attractive. View.,Informal Site,50.54417,-126.20617,-14049206.212,6541054.76
Boughey Bay entrance,Informal site secondary,Provincial Forest,1,Steep angular cobble beach at bight on E shore N of entrance to bay. W aspect.,Right (S) of highest rivulet of creek entering beach up behind grove of cedars is small open flat area with easy access.,"Water at seasonal creek, flowing during mid-July 2023 drought. Industrial road behind site.",Informal Site,50.54285,-126.18610,-14046971.841,6540824.814
Patrician Cove,Informal site secondary,Provincial Forest,1 - 3,"Rock reef split cove with tombolo joining ashore. Broad beach of pebble, sand on either side of tombolo. E aspect. Well-protected from N, W.",Beach camping on gravel or take trails 40 m into forest leading to upland camp area that will require brushing.,Attractive. View. Water at seasonal creek at W end of cove. Rough Tex Lyon hiking trail runs by site. Anchorage. Site appears to be just outside S boundary of Hardy Bay Recreation Reserve.,Informal Site,50.72600,-127.41717,-14184014.115,6572968.664
Masterman Islands,Informal site secondary,Crown,2 - 3,"Sand, pebble, shell beach with scattered boulders in protected cove on S side. Kelp. Landing easier at mid or high water. Landing at low water is difficult on seaweed-covered boulders. S aspect.",White shell berm may be levelled for small beach top site. Small upland bare patch for 2 tents approx 3 m above high water. Dense vegetation.,Attractive but rugged. Nature viewing. Bird colonies. Best avoided in Spring nesting season.,Informal Site,50.75755,-127.42554,-14184945.692,6578518.468
Attwood Bay inner north,Informal site secondary,Provincial Forest,1,"15% grade, 75 mm sharp rocks, gravel. Inner bay very sheltered. S aspect. Awkward boomsticks might be tethered on beach (2015). . Private float at shore (2022).","One clear all-weather site. Several more potential sites at upland margin. Ground lumpy possibly due to logging debris. Because so sheltered, might be buggy, dark",No apparent foreshore tenure in this part of inner bay except private float likely related to saltwater recreational fishing commercial permit (2022). Anchorage. ,Informal Site,50.31745,-124.66737,-13877907.78,6501435.18
Toba Inlet Entrance,Informal site secondary,Provincial Forest,2,"15%-20% grade, pea gravel up to 50-70 mm round gravel. Sheltered from inflow winds.",Sites at upland margin behind drift logs. Open forest might yield more sites with minor brushing. 2022 party unable to find upland sites so used marginal gravel beach sites with little high water clearance at Neaps. Beach sites likely flood at Springs.,Water at creek to N. Shaded after mid-afternoon.,Informal Site,50.35133,-124.74652,-13886719.341,6507343.552
Bend Island,Informal site secondary,Provincial Forest,3 - 4,"Smooth firm clam bed mud beach with scattered cobble, boulders. Suited to all water levels. ",Sites in forest. Lumpy terrain. Hammock opportunities.,Attractive. View.,Informal Site,50.57540,-126.43827,-14075043.299,6546528.084
Village Bay Mayne Island,Launch Site,Public Foreshore,n/a,"Sand, gravel pebble beach in protected bay with scattered drift logs N of, adjacent to ferry dock. NW aspect. Use Public Beach Access gate in perimeter security fence, normally unlocked when terminal is staffed. Sloped, grassy access path with 1 step. Easy to wheel small boat from ferry to or from water.",No camping permitted.,"Services nearby. If locked, security fence gate may be unlocked on request by staff on duty approx 30 min before ferry arrives. Flush toilets, possible water available at terminal. 48 hr parking permitted on Dalton Drive.",Launch Site,48.84486,-123.32418,-13728384.62,6248578.939
Tribune Bay Campground,Commercial,Private,100 +,Easy on expansive sand beach 450 m to SE. S aspect. Campsite on beach access road - wheels useful. Off-beach to trail approx 50 m. Trail approx 70 m. Shields Road approx 300 m.,Developed often crowded vehicle-accessible site. Minimum 2 nights stay. Reservations recommended. Open mid-May to September. See: http://www.tribunebay.com/rates.html#map Email: info@tribunebay.com Tel: +1 250.335.2359,"On Shields Road adjacent to Tribune Bay Provincial Park - camping not permitted there. Provisions, restaurants, services nearby.",Private or Commercial,49.52413,-124.64481,-13875396.323,6364268.053
Cevallos Campsite,Campsite secondary,Municipal,10,Land at village dock about 500m S or paddle up tidal river.,"Vehicle accessible campground with most services. Toilets, fire pits, picnic tables. Water at tap. Picnic shelter. Laundry facilities. Fee $10 per night (2023) Separate RV site has hookups at higher cost. Operated by Village of Zeballos, Reservations: (250) 761-4229 or e-mail adminzeb@recn.ca. Attractive riverside location.",No comments.,Campsite,49.98474,-126.84826,-14120683.5,6443633.757
Lyall Harbour,Launch Site,Public float,n/a,"High-sided float at public wharf, adjacent to ferry dock. Protected.",No camping.,"Direct but awkward access from BC Ferries to float managed by Capital Regional District as a Small Craft Harbour. Pub, restaurant, services.",Launch Site,48.79791,-123.20056,-13714623.861,6240640.849
Weld Island Tombolo,Informal site secondary,Crown,2,"Easy on protected sand, gravel beach, rougher at high water. Approach from NE or SW.","Small site at top of isthmus. Suited to Neaps only, floods at Springs. Sides are rock walls that will funnel wind.","Attractive, view.",Informal Site,48.94645,-125.08789,-13924720.464,6265779.688
Carrington Lagoon Entrance,Campsite primary,Regional,15 +,Easy on protected pebble beaches E or W of reversing falls. Drift logs on E shore. W side bank slopes more gently to upland.,"Main camping area to E of tidal channel on grass or in forest clearings. Additional sites on W shore near picnic shelter. Pit toilet reported unusable 2021. Fire pits. Camp furniture. Site shared with hiking access users. Annual use in early August for large noisy 3 day /night gathering of approx. 100 visitors, Threats to remove public access resulting from poor visitor behaviour.","Water location unknown but 2 creeks mapped NW of narrows. Footbridge across narrows. Easy short portage to lagoon. Extensive hiking trails. Carrington Bay Park, Strathcona Regional District. No fees (2021). See <a href="https://srd.ca/services/parks-and-facilities/cortes-island-parks/" target="_blank" style="color:blue">Carrington Bay Park</a>.",Campsite,50.13468,-125.00117,-13915066.471,6469632.015
Carrington Bay east,Dispersed site secondary,Regional,2 - 4,"Gravel, rubble beach, some boulders. Behind island in sheltered bay. <br />Float home reported 300m W.",Camp on open grassy upland benches. Fire pit. Camp furniture. Room for more tents.,"Water at seasonal creek nearby but dry in Aug 2023 drought. Carrington Bay Park, Strathcona Regional District. Web site says informal camping. Park approx 200 ha waterfront lot with sheltered lagoon. Varied forested area includes old growth, second growth. Some accumulation of beach garbage reported 2022. Please remove if you can, as some kind paddlers are steadily doing.",Dispersed Site,50.14309,-125.00098,-13915045.453,6471092.755
Stefans Islet,Day Use,Crown,3,Awkward landing in notch in bedrock with boulder substrate. S aspect. Protected except from S. Landing at mid or high water likely more difficult.,"Several level sites in open pine forest on upper parts of small islet. Fire ring, camp furniture.Avoid camping under or near dead trees in case of blowdown.","View. Secluded. Not listed as campsite because of potential landing difficulty, but regularly used. Name taken from SRD map. Aka Dunsterville Mini Islet.",Day Use,50.14627,-125.16447,-13933245.467,6471645.191
Secret Beach Campground,Commercial,Treaty Settlement Land,65 +,See adjacent launch site,"2 serviced campgrounds on either side of small creek. Gravel pads, fire pits, picnic tables. Drinking water not provided, no showers. Pit toilets. Open mid-May to mid-September. Gate locked at 11 pm nightly. Camping fee and launch fee - amount varies by season.To reserve email secretbeach@toquaht.ca or ph. 1-778-762-4433.","From Highway 4 turn onto gravel Toquaht Bay Road. Go straight 13 km. Campground on right. Marina, separate kayak launch nearby from same entry. Owned, operated by Toquaht Nation. See: <a href="https://www.secretbeachcampground.com/" target="_blank" style="color:blue">Secret Beach</a> Campground is open May 20 to September 15, 2022. Check with Toquaht Nation to ensure openings/closing of campground.",Private or Commercial,49.01115,-125.36394,-13955449.842,6276753.477
Saturna Beach,Launch Site,Regional,n/a,"Smooth pebble, sand beach. Small boat dock. W aspect.",No camping permitted. Toilets. Picnic shelter.,"By road take East Point Road, Narvaez Bay Road, then Harris Road over ridge saddle to Trueworthy Road. Park at end. Swimming, Winery. Thomson Community Park, a Capital Regional District Park.",Launch Site,48.77673,-123.20052,-13714619.241,6237062.454
Taylor Point,Day Use,National Park Reserve,n/a,"Easy on long low to moderate gradient sand beach, occasional boulders, gravel. E aspect. Beach has some soft parts. Many drift logs under steep bank.","No camping permitted. Huge meadow, old orchard in upland, many fine picnic locations.","Attractive. View. Water at seasonal stream at centre beach. Ruins of farm, old quarry. Interpretive signs. Intact shoreline strip of Douglas Fir, Garry Oak, Arbutus from Taylor Point to vineyard. Rough hiking routes to Brown Ridge, vineyard but Parks Canada have not yet sanctioned or marked these. Wildlife viewing.",Day Use,48.76453,-123.13316,-13707120.949,6235001.64
Tumbo Island,Day Use,National Park Reserve,n/a,Sand beach in sheltered cove. W aspect. Another landing beach at E end of island. E aspect.,No camping permitted.,"Hiking trails. Pit toilets. Nature viewing. Tidal pools, freshwater marsh. Respect house owner's privacy. Gulf Islands National Park Reserve.",Day Use,48.79526,-123.06597,-13699641.593,6240192.468
Gordon River,Launch Site,IR,n/a,Concrete ramp at river. Many other options locally,No camping.,Parking available for fee. Might also be some free parking. Ramp believed to be part of Pacheedaht IR.,Launch Site,48.57937,-124.40682,-13848903.508,6203789.099
Sooke,Launch Site,Municipal,n/a,Concrete ramp in sheltered harbour.,No camping,District of Sooke public boat ramp. Located at 6933 West Coast Road. Parking. Fees charged. Many services nearby.,Launch Site,48.36694,-123.72918,-13773468.924,6168119.937
Mannion Bay Boathouse,Day Use,Municipal,n/a,"Rough beach in sheltered bay. Steep 15-20% slope, rocks to 200 mm, slightly cleared in centre, Rocks to 300 mm at sides. SW aspect.",No camping.,"Old boathouse, ramp, Road end Right of Way directly upland from boathouse, Flat bench on first small bluff to S. Bowen Island municipal park.",Day Use,49.38644,-123.32631,-13728622.042,6340688.721
Millers Landing,Day Use,Municipal,n/a,"Rough beach on cove 8% slope, 100 mm rounded rocks, rocks slightly larger to 200 mm at lower water levels, exposed somewhat to N but protected by small islet.",No camping.,"Overlooked by two houses, steep wooden public stairs to upland. Bowen Island municipal park.",Day Use,49.39095,-123.31912,-13727821.543,6341460.421
Fairweather Bay,Day Use,Municipal,n/a,"10% slope, gravel to 50 mm at high water. At lower water some rocks to 300 mm. Drift logs. S aspect but some protection from S.","No camping permitted, but 1-2 emergency sites possible at top of beach.",Attractive. View. Overlooked by 2 houses (2015),Day Use,49.33491,-123.39535,-13736307.695,6331880.707
Mannion Bay,Day Use,Municipal,n/a,Wide beach of gravel to 75 mm at all water levels in protected bay.,No camping.,Anchorage. Road access at Senator Place. Bowen Island municipal park.,Day Use,49.38598,-123.33329,-13729399.553,6340610.313
Cape Roger Curtis north,Day Use,Crown,n/a,"Beach in cove with moderate 10% slope, gravel to 75mm, rocks to 400mm at mid water only, narrow entry but wide higher up, drift logs st top.",No camping.,"2 m rock bank to upland and seawalk. Shelter from N, E and some S. Just N of centre of the 3 long piers in this otherwise prime stretch of coastline. Developed private land above seawalk.",Day Use,49.34174,-123.43138,-13740318.269,6333047.151
Read Point east,Dispersed site primary,Provincial Park,5 - 7,"Moderate gradient pebble, gravel, small cobble beach in protected bay. SW aspect. Drift logs. Between the low and high the beach becomes barnacle encrusted rocks to boulders.","Undeveloped user-maintained dispersed camping. Beach sites feasible. 2 sites to W of beach. Trail leads to many more upland sites to N some needing minor brushing, levelling. Rustic furniture. Some damp or flooded areas seasonally.","Water at seasonal stream which runs through site. Former homestead site. Evidence of old house, buildings, fencing. See <a href="https://bcparks.ca/read-island-park/" target="_blank" style="color:blue">Read Island Park</a>. Additional bay 300 m to E also reported to have camping options.",Dispersed Site,50.13305,-125.13633,-13930112.903,6469349.721
Union Cove,Day Use,Municipal,n/a,"Pebble beach in small well protected cove with moderate 10% slope, Drift logs. Sheltered from N, W, S. Appears to flood at Springs.",No camping.,"No known public upland, but reported to be in part Bowen Island municipal class C park. Overlooked by residences on bench above 7 m bank. No known public road or trail access nor any found.",Day Use,49.33670,-123.36135,-13732522.944,6332187.114
Cape Roger Curtis,Day Use,Municipal,n/a,"Beach moderate 10-15% grade, gravel and rock to 200 mm. W aspect, shelter from N,E, S. Large dock (2014) and floats with marina to be added (2015).",No camping.,Bowen Island municipal park from high water to trail that joins to 2 other coves to N. Major residential development above. Road access nearby.,Day Use,49.34008,-123.43196,-13740382.868,6332764.068
Pasley South Islet,Day Use,Provincial Recreation Reserve,n/a,"Challenging bedrock shelf at SE corner of main islet. At low water, pebble tombolo beach joins to smaller islet. Landing exposed. Check weather for landing, leaving. Use in settled weather only.","Flat bedrock, grassy areas on upper islet.","Some trees, swampy area. View.",Day Use,49.35454,-123.46341,-13743884.3,6335234.235
Winegarden Park,Day Use,Municipal,n/a,Difficult on steep 25-30% small rip rap stone blocks. Easier landings nearby.,No camping permitted.,"Paved pathways, grass, trees. Map shows toilets at extreme N end. Township of Gibsons park.",Day Use,49.40041,-123.50745,-13748786.788,6343078.05
Mount Gardner Dock,Launch Site,Municipal,n/a,"Wharf with float or adjacent gravel beach, 15% slope. Well protected from S, E, W.",No camping.,Road access on Mount Gardner Road. Bowen Island municipal park.,Launch Site,49.40135,-123.38032,-13734633.895,6343238.043
Armours Beach,Launch Site,Municipal,n/a,"Easy on sand, pebble beach. SE aspect. Ramp, 9 stone steps to beach from road.","No camping permitted. Flush toilets. Small wharf, float. 5 picnic tables, bench seats","N end of municipal smooth gravel seawalk, picnic area, small wharf, swimming area. Approx 8 parking spaces, no significant restrictions. Township of Gibsons park.",Launch Site,49.40494,-123.50175,-13748152.2,6343852.228
Verdier Point north,Launch Site,Public Foreshore,n/a,"Easy roadside access down low bank to low gradient gravel beach, NE aspect. A few larger rocks, boulders.",No camping.,View. Large gravel parking area on Mill Bay Road with no posted restrictions. General 24 hr regional district parking time limit may apply. Adjacent land appears to be part of Malahat IR.,Launch Site,48.63512,-123.53450,-13751797.635,6213173.604
Salmon Rock,Day Use,"Public Foreshore, Road end Right of Way",n/a,"Land on W side in sheltered cove between west islet and Salmon Rock. 15% grade, mixed sand, gravel, small rocks to 100 mm, some rounded rocks to 300 mm.","Exposed flat areas on grass, bedrock at point, some rock benches. Please respect 'no fires' notices.","Attractive. Upland owned, managed by Keats Camps, Convention of Baptist Churches of BC Trails, ROW to camp buildings, also to Keats Island public wharf, road at Keats Landing. The only public land access is on the wide road right of way strip wide. Coordinates on BCMT map lie in the centre of strip. Home Island just to S is Crown and marked also as a Recreation Reserve, but lacks good landing. ",Day Use,49.38417,-123.49528,-13747431.685,6340300.195
Crayola Beach,Day Use,Municipal,n/a,"Beach of gravel to 75 mm at all water levels.Some bedrock, boulders at high water. W aspect. Open bay sheltered from E, S with some protection from N.",No camping.,"Seasonal creek at S side of beach. Minimal overlook from local residences. Public stone stairs, trail to upland. Vertical painted log at stair base looks like huge upright crayon stub. Bowen Island municipal park.",Day Use,49.37681,-123.41695,-13738712.074,6339041.288
Mallard Road,Launch Site,Regional,n/a,"Extensive beach of sand pebble, cobble, scattered boulders.. Low gradient. Long carry at low water. Exposed E aspect. Short path to beach from parking.",Picnic area.,Public beach access managed by Regional District of Nanaimo. Parking for numerous vehicles. Access from Johnstone Road. Alternate site 200 m SE at end of Johnstone Road.,Launch Site,49.35420,-124.38079,-13846006.43,6335177.002
East Beach Keats Island,Day Use,Municipal,n/a,"Beach moderate 15% slope, rounded gravel to 50 mm. Sheltered from W, S.",No camping.,"Overlooked by houses. Several small boats stored at beach top,",Day Use,49.39681,-123.43274,-13740470.154,6342462.211
Clipper Place,Day Use,Municipal,n/a,"Beach in open bay moderate 10% slope, gravel and rocks to 75 mm, low water, 10 mm gravel at high water.  W aspect. Shelter from S, E.",No camping.,Bowen Island municipal park.,Day Use,49.37547,-123.41988,-13739038.719,6338813.175
East Islets Keats south,Day Use,Crown,n/a,"Easy landing on small treeless rock islets. For both N and S landings 15% slope, shell & gravel to 75 mm, some 300 mm rocks. One side sheltered from E, W, S.  Other side sheltered from E, W, N.",No camping. Almost no shelter from wind.,View. Some flat areas for rest.,Day Use,49.38842,-123.48114,-13745857.472,6341026.267
Cates Bay,Day Use,Municipal,n/a,"Broad beach in bay. Moderate 15% slope, rounded gravel to 75 mm, at med/low water 200 mm rounded rocks. E aspect.",No camping.,"Overlooked by many houses, mostly set far back. Bowen Island Municipal park. Public stairs give access from road. Aka Safety Cove on topo map.",Day Use,49.41374,-123.31482,-13727342.858,6345357.628
Seymour Landing,Day Use,Municipal,n/a,"S beach of sand, fine gravel. N beach of pebble, mixed rocks.  NE aspect. Mostly floods at high water.",No camping.,Public stair lead to/from road end. Major residential development in adjacent upland (2015). Bowen Island municipal park. Golf course above in higher upland,Day Use,49.34163,-123.35686,-13732022.719,6333029.041
Alder Cove Bowen Island,Day Use,Municipal,n/a,Beach of fine sand in small sheltered cove. Protection from all directions. W aspect. Drift logs. Beach floods at high water.,No camping.,Public stairs lead to/from road end. Unserviced Bowen Island municipal park.,Day Use,49.33661,-123.36334,-13732743.791,6332171.056
September Morn Beach,Day Use,Municipal,n/a,Long gravel beach of moderate to steep slope.  Narrow at high water. Many drift logs. E aspect.,No camping.,Access from road via public stairs. Steep bank enhances privacy. Bowen Island municipal park.,Day Use,49.37018,-123.33229,-13729287.41,6337908.083
Patricia Bay,Launch Site,Public Foreshore,n/a,"Easy access on short unpaved track near large arbutus tree to normally sheltered broad sand, gravel beach. Low gradient, Moderate slope at top.. W aspect. Some drift logs.",No camping.,View. Off road parking for several vehicles on gravel roadside under trees that appears to be on municipal property alongside W Saanich Rd. General regulation bans parking over 24 hrs. but nothing posted. Popular launch site. Tseycum Reserve boundary appears to be immediately to N. ..,Launch Site,48.66242,-123.45103,-13742506.165,6217773.492
Port Graves Camp Artaban,Day Use,Regional,n/a,Land on float.,No known public camping.,"Upland Camp Artaban is private, but roadways open to public use. Children's summer camp no longer in operation 2015. Substantial dock maintained by Sunshine Coast Regional District.",Day Use,49.47482,-123.35455,-13731766.116,6355815.138
Sunset Estates,Day Use,Road end right of way,n/a,Steep paved or concrete ramp.,No camping.,2 m high concrete breakwater around linear parking area for a few vehicles. Launch ramp continues directly down from steep approach road Errington Highway or onto floating dock with ramp up to parking area. 14 lot waterfront subdivision developed in 2006 Average 5 acre lots.,Day Use,49.44804,-123.36533,-13732966.118,6351229.587
Long Bay Head,Day Use,Road end right of way,n/a,Gravel boat launch in sheltered bay.,No known camping.,"Very sheltered gravel launch close to residences. Gambier Island Sea Ranch is a private 334 acre strata community of at the head of Long Bay with resident manager operating a working farm. Marina on opposite shore, community pavilion, walking trails, swimming. Public access to trails unclear.",Day Use,49.47657,-123.34981,-13731238.217,6356114.916
Laurel Beach,Day Use,Municipal,n/a,"Unknown, but likely is bedrock shelving at some 15% slope, with gravel, rounded rocks to 150 mm. Drift logs.",No camping.,Municipal park and marine conservation area.,Day Use,49.39232,-123.43712,-13740956.831,6341694.541
West Beach Keats Island,Day Use,Regional,n/a,"Wide gravel beach, moderate 15% gradient, round pebbly rocks 25 mm to 75 mm. Exposed to SW.","No camping permitted. Potential emergency use sites at beach top near stored small boats. Small beach fires permitted in winter, shoulder months only.","Steep upland bank partly shields overview from numerous cabins, giving some privacy. Sunshine Coast Regional District park. Trails lead to cross-island road. Frequently used for social gatherings,swimming by island residents, cottagers. Float in summer.",Day Use,49.39209,-123.44309,-13741621.654,6341654.434
Eastbourne,Day Use,Regional,n/a,"Dock, float or adjacent gravel beach, moderate 15% slope, canoe runs at centre beach and beside dock. Rocks to 300 mm to E, rocks to 100 mm to W. Smaller stones at high water, larger rocks, bedrock at low water. E aspect. Exposed to N outflow winds. ",No camping permitted.,"Large cable sign, diagonal roadway to public dock across steep shore precludes upland usage, Aka Maple Beach. Dock operated by Sunshine Coast Regional District. Daily foot passenger ferry to Langdale. Frequent on-demand charter water taxi service. Adjacent to residential subdivision of holiday homes.",Day Use,49.39490,-123.43432,-13740646.072,6342134.767
Wreck Beach Keats Island,Day Use,Crown,n/a,"Beach of moderate 10% slope, gravel, rounded rocks to 100 mm, wide canoe run at beach centre, rougher at sides.",Camping not permitted. Possible emergency sites at foot of access road to SW.,Overlooked by houses. Many small boats stored just above beach. aka Sunrise Beach.,Day Use,49.39982,-123.43217,-13740405.822,6342976.271
Andys Beach,Day Use,"Private upland, Public Foreshore",n/a,"Small beach of rounded gravel to 50 mm, moderate 15% slope. Bedrock outcrops. Private floats. S aspect.",No camping.,Steep bank upland shields overlook from residence giving some privacy. Seasonal stream cascades through steep rocks on W. Please respect private upland property.,Day Use,49.39355,-123.44627,-13741976.061,6341904.671
Underhill and Sole Beaches,Day Use,Municipal,n/a,"Beach moderate 15% slope, sand, gravel and rocks to 100 mm. NW aspect.",No camping.,"Underhill Beach at the N end, Sole Beach at S. Overlooked by houses. 2 paths or narrow road accesses to beach. Aka Smugglers Cove on topo map.",Day Use,49.41523,-123.32069,-13727996.148,6345613.177
Poca Beach,Day Use,Municipal,n/a,"Wide gravel beach moderate 15% grade, SE aspect.",No camping.,Greatly overlooked by upland houses. Adjacent to Cates Bay beach to S. Bowen Island municipal park.,Day Use,49.41638,-123.31328,-13727172.061,6345809.648
Doctor Bay islet,Informal site secondary,Crown,3,"20% grade, rocks to 200mm, some bedrock at foreshore, upland margin.","1 site on S summit, 2 sites on N summit which is in view of residence and industrial dock, work area. Paddlers have camped on islet and on point(s) on E side of Doctor Bay. Potential camp on W side of Bay beside islet.","Aquaculture, docks in bay. Bay, mainland to N under Crown tenure. Pictograph.",Informal Site,50.25030,-124.82169,-13895086.704,6489736.014
Palm Beach kwekwenis,Day Use,Regional,n/a,"Broad sand, pebble beach with drift logs. SE aspect. 250 m trail from parking lot to beach.","Camping not permitted. Day use area. Flush toilets April - 15 September, playing field, playground, covered picnic area, parking.","View. Qathet Regional District park. Access from Hwy 101 turn S on Lang Bay Road then left on Palm Beach Road, half block to parking lot. Former name Palm Beach Lang Bay.",Day Use,49.77198,-124.34274,-13841770.901,6406879.936
Hof Regional Park,Launch Site,Regional,n/a,Easy on protected gravel beach. NE aspect. 150 m carry to beach.,No camping.,Parking for 3 cars plus more along road. Grassy beach access trail. Picnic area. Hiking trails in separate section. Cees and Miep Hof Memorial Park operated by Cowichan Valley Regional District. Directions: E off Trans-Canada Highway onto Koksilah Rd. Bear right (S ) on Cherry Point Rd. Continue past Hof farm. Turn left (N) on Kingscote Rd to end.,Launch Site,48.72692,-123.57606,-13756423.929,6228651.095
Gibsons Beach Park,Launch Site,Municipal,n/a,"Occasional boulders on low gradient cobble, mixed sand beach. Paved boat ramp in some disrepair. Exposed. Better beach to N of ramp near picnic tables.",Camping not permitted. 2 Picnic tables. Grassy meadow. Porta-toilet.,View. Large parking lot. Unrestricted except for no camping. Access from Hwy 101 12 km from Powell River then 1.5 km on unpaved Gibsons Beach Road. Boat ramp. City of Powell River park.,Launch Site,49.89078,-124.59595,-13869957.931,6427382.994
Cherry Point Marina,Launch Site,Private,n/a,Launch from beach beside boat ramp.,No camping.,Parking & launch fee $5.00 (2014). Pay at deposit box. Easy beach launch. Please keep clear of traffic using ramp. Overnight parking available. Privately owned and operated marina.,Launch Site,48.73531,-123.59073,-13758056.741,6230067.428
Pulteney Point,Day Use,Crown,unknown,Cobble beach in lee of point in NW wind.,Beach bivouac among drift logs. No room for tent. N Frazer says location 40 m SE of lighthouse. Owner of adjacent property to N does not encourage camping there.,No comments.,Day Use,50.63111,-127.15419,-14154740.162,6556298.625
Chatham Channel east,Informal site primary,Provincial Forest,4,"Low gradient firm clam bed with moderately steep beach of pebble, small cobble above creek mouth. S aspect. Kelp.",Path up midden bank near creek mouth to E. Camp in woods on top.,"Water at creek, likely year-round. Flowing in drought mid-July 2023. Attractive, sunny. ",Informal Site,50.58698,-126.22784,-14051619.207,6548558.672
Bunsen Beach,Informal site secondary,Provincial Forest,2,"20% slope, rough, rocks to 300 mm. Boulders at lower water levels. Oyster band at low water, Currents.",Undeveloped. Would yield 2 further upland campsites with brushing of dense vegetation. Hammock opportunities.,View. Small trails through site.,Informal Site,50.27453,-124.78634,-13891151.849,6493956.499
Potts Point north,Day Use,Road end right of way,n/a,"Beach 10% gradient of gravel, rounded rocks to 100 mm.",No known camping.,Several roads or pathways upland.,Day Use,49.46333,-123.36491,-13732918.952,6353847.043
Scarborough Beach,Day Use,Municipal,n/a,"Wide gravel beach moderate 15% slope,  Rocks to 100 mm, Drift logs. NE aspect.",No camping.,"Attractive. Overlooked some by residences..Public access stairs to beach, road end. Possible access along old road at diagonal to property lines but N part appears private. Bowen Island municipal park.",Day Use,49.39354,-123.32276,-13728227.314,6341902.738
Scarborough Beach north,Day Use,Crown,n/a,"10 m wide beach, E aspect. Moderate 15% slope, broken rock to 100 mm at high water, larger rocks to 450 mm at low, medium water,  Sheltered from W, N, S.","Overnight use not permitted. Potential sites to S on bluff, or directly upland. Further possibilities on upland to N.",Day use only permitted.,Day Use,49.39615,-123.32322,-13728278.076,6342349.544
Baker Beach Bowen Island,Day Use,Crown,n/a,"Small steep beach 20% slope, in small bay. .Bedrock shelf to S. Gravel with some rocks to 200 mm. Beach floods so not usable at high water.",No camping.,Overlooked by one residence. Steep cliff bars upland access. Bowen Island municipal park.,Day Use,49.40498,-123.31090,-13726906.241,6343858.643
Williams Beach,Day Use,Municipal,n/a,"Rough beach, moderate 15% slope, gravel at high water, gravel and rocks to 300 mm at lower water levels. SE aspect.",No camping.,"Upland to N side of beach. Stairs, bluff appears to be Crown land and where the road end right of way intersects with beach.",Day Use,49.40119,-123.31643,-13727522.662,6343211.836
Eagle Cliff Beach,Day Use,Municipal,n/a,"Wide beach moderate 10-15% slope, gravel and rocks to 100 mm, Wide boat run N of centre. SE aspect.",No camping.,"Steep upland, but some access up steep bank at N end. Small boats stored on upland, Bowen Island municipal park.",Day Use,49.40033,-123.31867,-13727771.383,6343064.827
Langdale,Launch Site,"Private upland, public foreshore",n/a,"Easy on broad low gradient beach with 3% slope on sand, gravel, some small rocks. Protected E aspect. Prominent large boulder on shore. Some drift logs. Access on short  trail from parking lot. Former alternative launch off public float on N side within ferry dock, next to Gambier, Keats passenger ferry dock, inaccessible (2022) to long objects due to deliberately-placed barriers, fencing, also gated, locked at night. ","No camping permitted. Toilets at terminal, trailhead.","Terminal reconstruction planned. Public plaza planned next to beach to S of new building. Unknown if beach access, launch is to be included. Popular beach access location following removal of security fence from BC Ferries bordering property. Conditions of use of large parking lot unknown.",Launch Site,49.43396,-123.47393,-13745054.513,6348818.697
Gibsons Marina Kwíl’aḵm,Launch Site,Private or Municipal,n/a,"Concrete boat ramp, float, dock, Beach 15% grade sand, silt inside fully protected harbour.",No camping. Kayak rentals available.,Operated by Gibsons Marina. Pay parking available. Unknown if paddlecraft are required to pay launch fees - using the adjacent beach is obvious alternative. Squamish (Coast Salish) name Kwíl’aḵm. Large Sea to Sky Marine Trail sign at top of ramp.,Launch Site,49.39774,-123.50657,-13748687.959,6342621.319
Georgia Beach,Launch Site,Municipal,n/a,"15% grade, sand & gravel, wide beach, drift logs.",Camping not permitted. Space at sides for emergency use. Picnic table.,Parking for 6 cars. Gates close at 9:00 pm. Township of Gibsons park. . No toilet.,Launch Site,49.39369,-123.50190,-13748169.021,6341927.71
Cooper Point,Informal site secondary,Provincial Forest,3 - 5,"Easy at low water on protected clam bed beach at cove head to SW of Point. Rougher band with cobble, rubble, boulders at mid, high water levels. Near centre of Upper Okisollo Rapids so be aware of very strong currents.","Treeless islet with cobble tombolo joins to Quadra Island. Camping or day use on W side of islet at grassy point. Cove head immediately W also has sites in protected forest clearing or at Neaps on upper beach, likely preferable to tombolo. Possible former cabin location.",Stream shown on topo map entering beach but not reported. Some private land to S. Beach fires are banned all year round.,Informal Site,50.30515,-125.24178,-13941851.51,6499291.123
Waddington Bay,Dispersed site secondary,Crown Conservancy,4 - 6,Moderate gradient smooth shell beach in protected bay. SE aspect.,"Large accessible but rough upland area. High bench just inside trees. Small tent sites in open forest, mostly uneven. Small trails link some sites. Many blowdowns. Some reporters used landing, sites approx. 100 m to NW. Hammock opportunities. Many additional tent sites with brushing.","Some parts used for cedar bark harvest. Anchorage, Provincial Boat Haven. Broughton Archipelago Conservancy.",Dispersed Site,50.71739,-126.62048,-14095326.868,6571455.034
Retreat Passage south,Informal site secondary,Provincial Forest,4,Clam bed in protected bay with NW aspect dries to smooth firm mud with scattered boulders. Beach smoother in centre.,Old stump on beach has salal growing on top. Half way along beach SW of stump path leads 15 m to spacious flat site in old second growth forest. Other small tent sites. Hammock opportunities.,"Water at small seasonal creek at head of bay, dry in drought of mid-July 2023.",Informal Site,50.67017,-126.60467,-14093567.029,6563156.114
Hanks Beach,Day Use,Regional,n/a,"Easy on sand, pebble beach. Moderate gradient. 50 m wide. SE aspect.","Open grass area behind beach. Signage says camping, fires not permitted. Access trail 10 min to/from road. Open style toilet 200m from beach in trees. Driftwood benches, shelter.","Hank’s Beach Forest Conservation Park. 62 ha mainly forested. Conservation Covenant (Land Conservancy of BC). Gifted by The Tides Foundation 2007 or 2011 from major donation by individual for preservation. Strathcona Regional District manages as public park, for respectful level of public use but primary management goal to maintaining ecological integrity, mature forest ecosystems. Ecologically significant inland, coastal bluffs wildlife habitat, rare species, plant communities. ",Day Use,50.04553,-124.95593,-13910030.978,6454164.381
Tiber Bay Islet,Informal site secondary,Crown,1 - 3,Rock shelf or boulder landing on small rocky promontory on E shore of N islet. SE aspect. Better landing on W side of islet at notch.,Exposed mossy rock flat lacks trees. Potential treed or mossy rock bluff sites elsewhere on islet.,View. Sign nearby on S islet says Klahoose Oyster Lease. Islet dries on S shore.,Informal Site,50.06675,-124.87808,-13901364.622,6457844.286
Mayne Passage,Day Use,Provincial Forest,2,Shore of prominent white bedrock. Rock shelf. Fisheries boundary marker triangle. Boat wash. No protection from S.,"Spacious bluffs, but tent sites marginal. Better for day use.",View.,Day Use,50.39936,-125.51934,-13972749.47,6515726.681
Gower Point east,Day Use,Regional,4,"Exposed 5-10% slope beach, low water 300-200 mm cobble reducing to 75 mm rounded rocks to gravel at high water. Many drift logs. S, E aspect. Beach might flood at Springs.",No camping permitted by Regional District. Dense vegetation but few mature trees. Some recent slide activity (2017). Small pebble beach sites except at Springs.,"Trail access via trail, steps, off Gower Point Road. Beach access park Sunhsine Coast Regional District. 2 small streams. Area also called 'Secret Beach'. Walk along beach at most tides to access trail to Gower Point Road. Some other small trails appear to lead to residences. .",Day Use,49.38435,-123.53163,-13751478.137,6340331.814
Wharf Avenue Portage,Portage,Municipal,n/a,"From beach at Trail Bay S node of portage, short 15% slope concrete ramp, slight slope down, and then 1.4 km level paved sidewalk to moderate gradient paved launch at Porpoise Bay Wharf on Sechelt, Inlet N node of portage.",No camping.,"Follow Wharf Avenue directly N, keeping to sidewalk except at first parking lot. Be aware of pedestrians, controlled highway crossing in the 2nd block through town. Remainder is level sidewalk. Simple, minimal physical exertion required compared to many other portages or ferry walk-offs. Enables extensive circle tour of Sechelt peninsula.",Launch Site,49.47407,-123.75454,-13776292.198,6355686.976
Chaster Creek south,Day Use,Regional,n/a,"Small bay immediately N, 3-5 % slope, gravel, round rocks to 100 mm. Some protection from S, W. Small estuary.",No camping permitted. Residences nearby. Toilets. ,"Also known as Bonnybrook Beach. From Hwy 101 take Pratt Road, Gower Point Road to Ocean Beach Esplanade. 1577 Ocean Beach Esplanade. Roadside parking. Community Hall. Sunshine Coast Regional District park 2.1 ha.",Day Use,49.38974,-123.55582,-13754171.045,6341252.337
Paul Beach,Day Use,Municipal,n/a,"5-10% slope, varied gravel to 75 mm, round rocks, some bedrock. Depending on water level, landing is sheltered from N, S or W behind bedrock outcrops.",No camping.,"Attractive, view. Limited parking. Beach access trail 130 m. Swimming. Some overview from nearby houses.",Day Use,49.43686,-123.69727,-13769917.053,6349314.864
Halfmoon Bay xwilkway,Launch Site,Regional,n/a,"Low gradient beach of cobble, gravel, some sand at creek mouth. Jetty nearby.",No camping. Toilet,Beach abuts Mintie Road near Halfmoon Bay General Store. Provisions. Coordinates given as N49 30.669 W123 54.727 Redrooffs Trail Park managed by Sunshine Coast Regional District. Very limited short term parking only. shishalh nae in Coast Salish language is xwilkway.,Launch Site,49.51135,-123.91033,-13793634.305,6362075.708
Secret Beach west,Day Use,Regional,n/a,"Beach of shingle, round cobble to 75 mm, 15% slope, many drift logs. Exposed SW aspect.",No camping.,"Sunshine Coast Regional District beach access park. Level road access at Ocean Beach Esplanade junction with 6th St or Gower Point Road. Steeper access from 7th St (encroached?) or Mabel Road. Upper beach has several shacks, assumed to belong to residences above.",Day Use,49.38913,-123.55205,-13753751.838,6341149.16
tsukwum UREP,Emergency Pullout,UREP  Provincial Recreation Reserve,3,"From seaward enter narrow breakwater gap into small protected estuary or creek mouth,  S aspect. Dries to mud so might not be usable at low water. Likely easier access directly off the Strait on moderately steep beach of pebble, cobble with some drift logs. Beach lies adjacent to creek mouth  to E of gap. SE aspect. Exposed. Beach 10% gradient, sand, gravel, round smooth cobbles to 100 mm. ",Level upland with scrubby vegetation that would require minor brushing. Several small tent sites possible for emergency use or to break this long section of Salish Sea Marine Trail. No facilities. No fires.,"New marina, multi-tenant housing and other land nearby owned by shíshálh First Nation who do not want recreational use here but cite environmental reasons relating to creek and estuary habitat. Site has water access only. Overlooked by residences. Sufficient privacy for sanitation purposes might be an issue. UREP 931505 (2021) site - emergency use only. Former name Wilson Creek UREP",Emergency Pullout,49.43721,-123.70999,-13771333.071,6349374.591
Mason Road,Launch Site,Municipal,n/a,"Beach of cobble, small boulders with boat run on smaller cobbles. Drift logs.",No camping.,5399 Mason Road - short cul de sac off Highway 101 in residential area. Parking for approx 3 vehicles. Easy access beach on gravel path 20 m. District of Sechelt beach access park. Walking trail to Wakefield along waterfront.,Launch Site,49.46763,-123.80135,-13781502.919,6354583.587
Buccaneer Marina,Launch Site,Private,n/a,Narrow concrete boat ramp in fully protected cove surrounded by floats.,No camping.,"5535 Sans Souci Road Halfmoon Bay, V0N 1Y2 Ph 604 885-7888 or Toll Free 1-877-885-7888. 2016 fee charged for kayak launch $3, retrieve $3 incl day parking. Overnight parking available for additional fee. ",Launch Site,49.53252,-123.95487,-13798593.155,6365706.47
Walkem Bay north,Informal site secondary,Provincial Forest,unknown,"Easy on moderate gradient pebble, sand beach. Currents. W aspect. Bay is generally protected.","Sites in sloped open cedar forest may require minor brushing, levelling. Access through dense salal vegetation band at beach top. No feasible beach camping at most tide levels.","Previously named East Thurlow Island west 2, Walkem Islands inside 2",Informal Site,50.36410,-125.50112,-13970720.405,6509571.958
Penrose Bay,Launch Site,Private or Crown lease,n/a,No longer appropriate for landing/launching. Please use the government dock 1 Nautical Mile south at the Okeover government wharf. ,"Closed for launching except with a rental from Powell River Sea Kayaking. Call for opening, closing dates 604 483 2160 or 1 (866) 617 4444 (toll-free). Email info@bcseakayak.com",Powell River Sea Kayaking base. No longer an appropriate launch/landing site,Launch Site,50.01090,-124.73095,-13884985.84,6448163.743
Port Browning,Launch Site,"Private upland, Public Foreshore",n/a,"Sand beach in protected harbour. SE aspect. 2 adjacent locations - paved boat ramp  or beach near pub, public dock near broad lawn or grass field.",See camping nearby at marina.,"Ramp at at end of Hamilton Road next to sailing club compound, other beach at end of Oak Road. Kayak, canoe, SUP rentals, tours, outfitter. Pub. Marina. Dock, floats managed by Capital Regional District as a Small Craft Harbour. Parking available either on Hamilton Road or possibly through arrangement with local businesses.",Launch Site,48.77517,-123.27464,-13722870.442,6236798.871
Mortimer Spit,Launch Site,Regional,n/a,"Moderately steep protected pebble, shell beaches depending on tide height. Drift logs. Various aspects to suit conditions. Unsurfaced boat ramp. Small lagoon. Short carry.",no fires permitted.,"Road access from Mortimer Spit Road, off Canal Road just S of bridge. Large gravel parking lot. No overnight parking permitted. Swimming. Capital Regional District Park. Nearby is Xelisen - aboriginal site bisected by construction of nearby canal. Outhouse on site near road.",Launch Site,48.76734,-123.25656,-13720857.774,6235476.009
Sturdies Bay,Launch Site,"Public Foreshore, Public float",n/a,"Easy on  is float at public dock adjacent to ferry dock. Alternate is protected sand beach. SE aspect. Some rock ledges. Immediately SW of ferry wharf. Vessel traffic, currents in Active Pass. ",No camping. Toilets.,"Public dock, float managed by Capital Regional District as a Small Craft Harbour. Easy 60 m access from ferry ramp. Wheels recommended. Beach access from ferry parking lot by unlocked gate through low perimeter fence, leading to paved sloped trail or drainage swale that runs to wall just above beach. Step off concrete wall to sandstone and beach approx 1 m high. Feasible to transport small narrow boats to, from beach. For ferry travellers without vehicles public float is more convenient",Launch Site,48.87781,-123.31739,-13727628.938,6254154.072
Crofton Beach Park,Launch Site,Municipal,n/a,"Low gradient sand beach, mud lower. At low water, long muddy carry likely. E aspect. Easy 50 m path to beach.","No camping permitted. Toilet., picnic tables, benches. Grassed play area. ","Off Adelaide Road, Berridge Street, Dyck Road. 2 small parking lots day use only. Park operated by Municipality of North Cowichan. Closed at night. S start point of Crofton Seawalk.",Launch Site,48.86206,-123.63297,-13762759.511,6251487.345
Curlew Boat Ramp,Launch Site,"Public Foreshore, municipal",n/a,"Steep concrete boat ramp, adjacent sand, gravel beach. Low gradient, dries far.",No camping permitted.,View. Limited roadside parking at end of Curlew View Road off Steward Drive. Previously named Horton Bay.,Launch Site,48.83129,-123.24621,-13719704.85,6246283.982
Little Espinosa Inlet east,Campsite secondary,Provincial Recreation Site,2 - 4,Gravel boat ramp in sheltered inlet. Exit from W end best timed for slack water to avoid strong rapids flowing under road bridge at mid-tides.,"Small site along short level gravel road, suited to drive-in camping or RVs. 2 fire pits. Additional sites for tents subject to brushing, mowing grass. Pit toilet.","Attractive. 9 km SW of Zeballos on gravel road. Past viewpoint overlooking Zeballos, Zeballos Inlet, road veers sharply right. Access road at sign on right.",Campsite,49.95775,-126.86763,-14122840.137,6438962.08
Mitlenatch Island,Day Use,Provincial Park,n/a,"Landing permitted only at Northwest Bay or Camp Bay. Camp Bay has protected beach in cove. SE aspect. Float. Northwest Bay has exposed beach, NW aspect.",Camping not permitted.,Access restricted to Northwest Bay or Camp Bay. Most of island is under visitor restriction. Bird sanctuary. Observation blind. Wildlife viewing. Volunteer naturalist in residence in summer months. Marine mammals. See <a href="https://bcparks.ca/mitlenatch-island-nature-park/" target="_blank" style="color:blue">Mitlenatch Island Nature Provincial Park</a>,Day Use,49.95191,-125.00121,-13915071.424,6437952.042
East Redonda Boulder,Day Use,Provincial Ecological Reserve,n/a,"Exposed beach of small rocks, Land near creek mouth at prominent boulder, relatively few oysters. Minor boat run. W aspect. Easier at high or low water to minimize oyster contact at mid water.","Forest opening at creek leads to level sites in small clearings in sloping forest near 2 creeks. Low salal, Tree hazards present.","Water at creek, believed year-round. Ecological Reserve: Open to the public for non-destructive pursuits like hiking.",Day Use,50.18471,-124.72661,-13884502.825,6478326.544
Hanna Point east,Dispersed site secondary,Provincial Park,20 +,"Easy landing on moderately steep beach of smooth pebble at high water with low sea state. Weed-covered smooth rocks below pebble beach at low water. SE aspect, Expect surf if swell is from S, Hanna Point protects beach from W.","Roomy beach site on pebbles. Dispersed camping permitted. Camping fees apply 1 May to 30 September. Either pre-pay permit via Internet or at San Josef Bay trailhead, but no reservable sites.","Water reported nearby but location unknown, See: <a href="https://bcparks.ca/raft-cove-park/" target="_blank" style="color:blue">Cape Scott Provincial Park</a>",Dispersed Site,50.67116,-128.34130,-14286888.052,6563331.091
Rough Islets,Campsite secondary,Crown Conservancy,6,"Narrow boat run on cobble beach to E of  site, Larger boulders at alternate landing on W side. ","Trails on peninsula lead through salal to grass or forested sites. 4 large wooden tent platforms, some repaired by BC Parks. Usable. Other grassy areas appear damp. Kitchen structure in poor condition. Picnic table, fire pit.",Trail to Maggy Point site with composting toilet. Wildlife viewing. Adjacent to park but outside it. See <a href="https://bcparks.ca/broughton-archipelago-park/" target="_blank" style="color:blue">Broughton Archipelago Provincial Park</a>.,Campsite,50.60794,-126.67627,-14101537.916,6552233.647
Hudson Island,Dispersed site secondary,Marine Provincial Park,3,"Easy on moderate gradient firm pebble, gravel, sand beach in protected bay. 30cm boulders at low water. E aspect. Many drift logs, snags at high water. Summer 2024 large tree/log blocks most of upper beach at high water.",Minor brushing required in upland forest for one tent site - others are normally clear. Beach camp possible on gravel. Good tree for bear hang.,Attractive. Trail across isthmus. See <a href="https://bcparks.ca/broughton-archipelago-park/" target="_blank" style="color:blue">Broughton Archipelago Park</a>.,Dispersed Site,50.71874,-126.68035,-14101992.568,6571692.324
Bonner Islet west,Informal site secondary,Provincial Forest,unknown,Possible surf landing above 2 - 2.5 m tides.  Can be exposed to inflow winds.,Beach camping. Upper sites reported to not flood at springs. Tombolo 60 m to S might be used by some parties.,"Water at E beach via trail. View of Brooks Peninsula, sea state.",Informal Site,50.24615,-127.78208,-14224635.666,6489014.702
Kinsmen Park Departure Bay,Launch Site,Municipal,n/a,"Easy on large beach of pebble, sand, some rock. E aspect. Low gradient beach dries far.","No camping. Picnic tables, benches, playground, toilets.","E end of Loat Street, off Departure Bay Road. BCMTNA sign. Day parking. Swimming, swim area, float. City of Nanaimo Kinsmen Park.",Launch Site,49.20300,-123.97013,-13800291.233,6309376.007
Powell River ferry,Ferry Service,Private,n/a,"Walk on, paddle off. Launch of municipal marina floats, boat ramp or rough beach adjacent to ferry.",n/a,BC Ferries service to Blubber Bay Texada Island and to Little River Vancouver Island.,Ferry Terminal,49.83585,-124.53056,-13862677.971,6417895.99
Blubber Bay ferry,Ferry Service,Private,n/a,"Walk on, paddle off. Extensive security fencing make shore access challenging. Rough beach in protected bay. Steep riprap banks at high water. ",n/a,BC Ferries service to Powell River.,Ferry Terminal,49.79482,-124.62032,-13872670.899,6410817.468
Little River ferry,Ferry Service,Private,n/a,"Walk on, paddle off. Adjacent beaches offer good launches via gate in ferry terminal fence on S side. Semi-protected moderately steep sand, gravel beach. Many drift logs on upper beach. Approx 50 m from gate to water. Also possible to launch or land on N side in Little River estuary.",No camping permitted.,"BC Ferries service to/from Powell River. Private parking for ferry employees, short-stay visitors. Possible roadside parking off site. Official boat launch to N, possibly at Lancaster Road off Wilkinson Road.",Ferry Terminal,49.74106,-124.92456,-13906538.184,6401552.347
Shingle Spit ferry,Ferry Service,Private,n/a,"Walk on, paddle off. Good beach adjacent to ferry. See Shingle Spit.",n/a,"BC Ferries service from Hornby Island to Gravelly Bay, Denman Island.",Ferry Terminal,49.51120,-124.70452,-13882043.109,6362050.711
Saltery Bay ferry,Ferry Service,Private,n/a,"Walk on, paddle off. Most feasible launch from government dock 100 m to E of ferry dock. Walk out of terminal around end of compound fence.",n/a,BC Ferries service between Saltery Bay and Earl's Cove - n.b. latter terminal has no feasible launch nearby.,Ferry Terminal,49.78163,-124.17742,-13823367.496,6408543.023
Gravelly Bay ferry,Ferry Service,Private,n/a,"Walk on, paddle off. Good beach adjacent to ferry. See Gravelly Bay.",n/a,"BC Ferries service from Denman Island to Shingle Spit, Horny Island.",Ferry Terminal,49.49385,-124.70884,-13882524.01,6359075.801
Denman Island,Ferry Service,Private,n/a,"Walk on, paddle off. Rough beach adjacent to ferry adequate, if not ideal..",n/a,BC Ferries service from Buckley Bay Vancouver Island.,Ferry Terminal,49.53485,-124.82292,-13895223.782,6366106.036
Buckley Bay ferry,Ferry Service,Private,n/a,"Walk on, paddle off. Beach adjacent to ferry. See Buckley Bay.",n/a,BC Ferries service from Vancouver Island to Denman Island.,Ferry Terminal,49.52600,-124.84757,-13897967.808,6364587.632
Swartz Bay,Ferry Service,Private,n/a,"Walk on, paddle off. Portage to Barnacle Road launch.",n/a,"BC Ferries service to Gulf Islands, Tsawwassen. Various circle tours feasible.",Ferry Terminal,48.68696,-123.41051,-13737995.132,6221910.682
Penelakut Island ferry,Ferry Service,Private,n/a,"Walk on, paddle off.",n/a,BC Ferries service to Chemainus and Thetis Island.,Ferry Terminal,48.97114,-123.66081,-13765857.955,6269965.196
Snug Cove ferry,Ferry Service,Private,n/a,"Walk on, paddle off. Good launch opportunities nearby. Closest are floats but gravel beach at cove head also feasible. Wheels recommended.",n/a,BC Ferries service to Horseshoe Bay. Sea to Sky Marine Trail map sign in sheter near ferry dock.,Ferry Terminal,49.37969,-123.33186,-13729240.299,6339533.287
Fulford Harbour ferry,Ferry Service,Private,n/a,"Walk on, paddle off.  Two short but awkward rough trails to small pebble, mud beach adjacent to ferry ramp on N side.  Paddlers with unloaded boats may opt instead to launch from high float at government dock S of ferry ramp, but ladder use likely required.",n/a,"BC Ferries service to Swartz Bay, Vancouver Island.",Ferry Terminal,48.76929,-123.45067,-13742465.389,6235804.678
Descanso Bay ferry,Ferry Service,Private,n/a,"Walk on, paddle off is possible but difficult.",n/a,"BC Ferries service to Nanaimo, Vancouver Island.",Ferry Terminal,49.17779,-123.85830,-13787843.221,6305082.657
Sturdies Bay ferry,Ferry Service,Private,n/a,"Walk on, paddle off.  See nearby Sturdies Bay for launch details.",n/a,"BC Ferries service to other Gulf Islands, Tsawwassen, Swartz Bay. Other kayakers have recommended that one use the wharf/dock next to the ferry. Get out of your kayak on the dock and wheel it up to the BC Ferry dock then leave it there until you board the ferry. That is where you will be instructed to wait for loading anyway (in the bicycle loading area). ",Ferry Terminal,48.87796,-123.31656,-13727536.443,6254179.072
Thetis Island ferry,Ferry Service,Private,n/a,"Walk on, paddle off.",n/a,BC Ferries service to Chemainus and Penelakut Island.,Ferry Terminal,48.98014,-123.67769,-13767737.696,6271491.561
Vesuvius ferry,Ferry Service,Private,n/a,"Walk on, paddle off. Rough launch beach nearby or government float. Also feasible to walk 400 m to sand beach to S instead.",n/a,"BC Ferries service to Crofton, Vancouver Island. No known long-term parking nearby.",Ferry Terminal,48.88152,-123.57260,-13756039.131,6254782.015
Departure Bay ferry,Ferry Service,Private,n/a,"Walk on, paddle off. Closest launch is at Brechin Boat Ramp.",n/a,"BC Ferries service to Horseshoe Bay, West Vancouver.",Ferry Terminal,49.19173,-123.95419,-13798517.313,6307455.951
Lyall Harbour ferry,Ferry Service,Private,n/a,"Walk on, paddle off. Launch feasible from adjacent floats.",n/a,"BC Ferries service to other Gulf Islands, Tsawwassen, Swartz Bay.",Ferry Terminal,48.79795,-123.20125,-13714699.97,6240647.187
Zacharias Bay Harbour Island,Informal site secondary,Provincial Recreation Reserve,2,"Sand beach. SW aspect. Protected by island, reefs, rocks at both narrow bay entrances, subject to swell, turbulence. Could be tough getting out in big swell and west wind","One cleared upland forest site, one beach site. No other facilities. Sheltered.",Harbour Island Recreation Res REC6626 with active status is half of island. Area 15 Ha.,Informal Site,49.85658,-126.98741,-14136173.818,6421474.972
Burgoyne Bay Wharf,Launch Site,Provincial Park,n/a,"Easy on cleared boat run through rough beach, mostly of cobble. Vehicle loading near water, short carry at all water levels.",No camping permitted.,"BC Parks designated, signed canoe, kayak launch. Vehicles must be parked after unloading in 2 large gravel parking lots approx. 150 m to NW. Take signed driveway to private industrial property, not adjacent roadway leading to government dock. Swimming. Birding. Extensive hiking trails. No posted parking restrictions. See: <a href="https://bcparks.ca/burgoyne-bay-park/" target="_blank" style="color:blue">Burgoyne Bay Provincial Park</a>",Launch Site,48.79326,-123.52129,-13750327.105,6239854.47
Kingfisher Cove,Launch Site,Regional,n/a,"Easy on clam bed beach of silt, small rocks in very protected cove. S aspect. Local signage asks paddlers to not use beach at low water to avoid trampling clams, damaging eel grass. 40 m unpaved path from vehicles is smooth, steep, has no stairs.",No camping permitted.,Water at seasonal creek. Vehicle access from Beaver Point Road by Bridgman Road then Fraser Road. Roadside parking on grassy shoulders for about 10 - 15 vehicles. No posted parking restrictions. Capital Regional District shore access. Many small boats stored at beach top.,Launch Site,48.75980,-123.40974,-13737909.416,6234202.325
Churchill Road,Launch Site,Regional,n/a,"Easy on protected moderately low gradient beach that largely floods at high water. Clam beds of silt, pebble. SE aspect. Short smooth unpaved trail ends with wide stairs, handrails that has awkward 90 degree turn.",No camping permitted.,From Lower Ganges Road take Churchill Road to end. Roadside day parking for about 20 vehicles. No overnight parking permitted.,Launch Site,48.85601,-123.48886,-13746717.014,6250464.527
Baders Beach,Launch Site,Public foreshore,n/a,"Extensive low gradient pebble, silt beach. Long carry at low water. Clams, oysters. NW aspect.",No camping permitted.,"At end of Collins Road, branching off Rainbow Road. Parking for several vehicles. Water at year-round creek. Very short near-level carry from vehicles at high water.",Launch Site,48.85128,-123.56452,-13755139.447,6249664.293
Crofton ferry,Ferry Service,Private,n/a,"Walk on, paddle off. Concrete boat ramp or cobble beach N of ferry terminal. Please respect other users of  busy ramp. If congested, please use adjacent beach instead - possibly awkward at high water due to scattered boulders. ",n/a,"BC Ferries service to Vesuvius, Salt Spring Island. Overnight parking nearby but congested.",Ferry Terminal,48.86563,-123.63937,-13763471.488,6252091.788
Village Bay ferry,Ferry Service,Private,n/a,"Walk on, paddle off. Excellent launch adjacent to ferry terminal - see Village Bay Mayne Island.",n/a,"BC Ferries service to other Gulf Islands, Tsawwassen, Swartz Bay.",Ferry Terminal,48.84472,-123.32464,-13728436.572,6248554.243
Nanaimo Gabriola ferry,Ferry Service,Private,n/a,"Walk on, paddle off is possible but difficult.",n/a,BC Ferries service to Gabriola Island,Ferry Terminal,49.16622,-123.93069,-13795901.304,6303111.977
Sidney ferry,Ferry Service,Private,n/a,"Walk on, paddle off. ",n/a,"WA State Ferries summer service to San Juan Islands, Anacortes, WA.",Ferry Terminal,48.64348,-123.39731,-13736525.269,6214582.506
Duke Point ferry,Ferry Service,Private,n/a,"Walk on, paddle off. Nearest feasible launch involves 1 km portage to Jack Point launch. Wheels required. Terminal has steep approach road, path to large gate that is unlocked on request. ",n/a,BC Ferries service to Tsawwassen. Enables circle tours around Gulf Islands from Tsawwassen.,Ferry Terminal,49.16107,-123.89190,-13791582.776,6302235.075
Long Harbour ferry,Ferry Service,Private,n/a,"Walk on, paddle off.  See nearby Welbury Bay launch for launch details. No launch at terminal itself.",n/a,"BC Ferries service to other Gulf Islands, Tsawwassen.",Ferry Terminal,48.85154,-123.44539,-13741877.956,6249708.956
Mill Bay ferry,Ferry Service,Private,n/a,"Walk on, paddle off. ",n/a,BC Ferries service to Brentwood Bay. ,Ferry Terminal,48.61410,-123.51838,-13750002.609,6209634.111
Brentwood Bay ferry,Ferry Service,Private,n/a,"Walk on, paddle off.",n/a,"BC Ferries service to other Crofton, Vancouver Island.",Ferry Terminal,48.57765,-123.46631,-13744206.982,6203499.104
Chemainus ferry,Ferry Service,Private,n/a,"Walk on, paddle off.",n/a,BC Ferries service to Thetis and Penelakut Islands.,Ferry Terminal,48.92556,-123.71468,-13771855.627,6262240.079
Jack Point,Portage,Municipal,n/a,"Low gradient rock shelf with small sand, gravel areas. In Nanaimo River estuary. E aspect. Access tide dependent as estuary dries far. Critical tide height not yet determined. Observed, used at depths over 3.1 m. Likely feasible down to 2.0 m. At some water levels a beach approx 100 m to N offers easier landing. Connection is by a relatively smooth trail with minor stair, feasible with unloaded boats.",No camping permitted.,"To reach Duke Point Ferry Terminal from landing, head E approx 40 m on good trail until short stair- unload boat here - leads to paved parking lot (40 m, re-load boat), opposite main entry to Canadian Forest Products mill. No barrier to Duke Pt Highway (2019). Walk N 750 m on south bound bicycle lane to passenger terminal for tickets. Access to bicycle etc ramp N of building but requires wide gate to be unlocked - regular man-gate too narrow. Steep ramp leads to vehicle ramp, ferry deck. Wheels required. City of Nanaimo park, heavily used by walkers.",Launch Site,49.15591,-123.89202,-13791596.58,6301357.754
Gowlland Point Beach,Launch Site,Regional,n/a,100 m long gravel pebble beach. Many drift logs. SE aspect.,"No camping, no fires permitted.",At end of Gowlland Point Road. No overnight parking permitted but can park up the road. Access to beach via stairs with 90 degree turn.,Launch Site,48.73738,-123.18423,-13712805.724,6230417.881
Blind Bay north,Day Use,Road end right of way,n/a,Rocky beach 10% - 15% gradient in protected cove.,None known. Grass above foreshore. Lightly forested above.,Attractive S aspect. View.,Day Use,49.74120,-124.18988,-13824754.203,6401576.29
Kye Bay,Launch Site,Municipal,n/a,"Easy on sand, shingle, cobble in protected bay. Low gradient, so long carry at low water.","No camping permitted. Playground, picnic tables. Although a community park, no toilet seen.","476 Windslow Road, Comox, BC V9M 3T8 Off Kye Bay Road, Town of Comox Elks and Royal Purple Park. Gravel parking lots. Signage prohibits overnight parking..",Launch Site,49.70667,-124.87062,-13900533.589,6395629.894
Union Bay south,Launch Site,Regional,n/a,"Low pebble beach of moderate gradient. Some cobble, Scattered boulders. Shellifish lease. E aspect. Little elevation change from parking lot.","No camping permitted. Picnic tables, toilets, benches.",Rest area parking lot alongside Hwy 19A.,Launch Site,49.57386,-124.88039,-13901621.57,6372799.537
Pat Leslie Memorial Boat Launch,Launch Site,Municipal,n/a,Concrete ramp in protected  harbour with adjacent gravel beach. Part of the adjacent commercial Ucluelet Campground.,No camping permitted at ramp. Bench.,"115 Seaplane Base Road. District of Ucluelet Floating dock. Signage. No charge for day parking, space for 10 vehicles. No overnight parking. Portable toilet. From Peninsula Rd, turn left on Seaplane Base Rd and follow to end. ",Launch Site,48.94973,-125.55908,-13977172.75,6266335.215
Mahaffey Road,Launch Site,Regional,n/a,Similar to nearby Mountain View Road but more open. Very short carry from vehicle.,No camping permitted.,Limited parking in lane without a turn area. No overnight parking. Comox Valley Regional District beach access.,Launch Site,49.84767,-125.08665,-13924582.216,6419936.488
Denman Road,Launch Site,Road end right of way,n/a,"Similar to Fillongley. Exposed low gradient pebble, coarse sand beach. Dries 300 m at low water. Recommended for mid to high tides only. Short walk from vehicles. Access road short, steep, soft needing 4WD vehicle. Mabel Road to N might be better access.",No camping permitted.,"Road access from Denman Road, keeping straight heading E where that road becomes East Road. To reach Mabel Road take Swan Road, Beadnell Road, Dalziel Road then to end of Mabel Road. Limited parking without posted restrictions.",Launch Site,49.53450,-124.75558,-13887727.639,6366046.344
Gray Road,Launch Site,Regional,n/a,"Low gradient, near-level rock shelves in protected bay. E aspect. Vessel traffic. Strong currents in nearby Gabriola Passage. Long carry at low water.",No camping permitted.,"Road access from South Road, Cooper Road then immediately to Gray Road. Park At Murray Road. Very limited roadside parking. Used by locals as small boat launch.",Launch Site,49.13477,-123.71964,-13772407.838,6297759.412
Taylor Bay Road,Launch Site,Road end right of way,n/a,Easy on low gradient sand beach with flat rock shelves above. W aspect. Moderately protected except from W. NW winds also enter bay. Long carry at low water. Gravel path 20 m to shore.,No camping permitted. Toilets at Gabriola Sands Provincial Park nearby.,End of Taylor Bay Road. Residences nearby. Limited parking at gravel turn area. Closer parking to Taylor Bay than via the Park.,Launch Site,49.19304,-123.86019,-13788053.392,6307679.69
Orlebar Point,Day Use,Municipal/Regional,n/a,Rock shelves. Exposed. 60 m of rocky foreshore. NE aspect.,"No camping permitted. Picnic table, bench.",View. Road access from Berry Point Road. Small parking areas for 5 or 6 vehicles.,Day Use,49.20279,-123.81937,-13783508.673,6309340.722
Descanso Bay Road,Launch Site,Municipal,n/a,Easy on pebble beach in moderately protected cove. NE aspect.,No camping permitted. Bench.,From Easthom Road turn onto Descanso Bay Road. Limited parking near end on gravel.,Launch Site,49.17439,-123.86677,-13788785.74,6304503.733
Miners Bay,Day Use,Municipal,n/a,"Sand, gravel beach mainly floods at high water. N aspect. Strong currents at edge of bay. Trail to road end approx. 50 m with 1 short stair. Public wharf nearby.","No camping permitted. Picnic tables, benches, gazebo. Flush toilets at library building have outside doors.","Miners Bay Community Park at end of Naylor Road off Village Bay Road. Most services nearby including pub, restaurant, groceries. Limited day parking. Wharf, floats managed by Capital Regional District as a Small Craft Harbour.",Day Use,48.85074,-123.30125,-13725832.431,6249572.466
Oyster Bay Mayne Island,Launch Site,Municipal,n/a,"Small cove N aspect. Gravel beach, drift logs. Protected by rock reefs especially at low water, but entrance can close at low water so use only at mid-tide or higher. Very easy access from vehicle.",No camping permitted.,Beach access sign. From Georgina Point Road take Bayview Road then Oyster Bay Road. Prominent cable sign. Parking restrictions unknown. Residences nearby.,Launch Site,48.87287,-123.28668,-13724210.806,6253317
Cotton Community Park,Day Use,Municipal,n/a,Stairs to rock shelf. Currents.,"No camping permitted. Vault toilet. Benches, picnic tables.","Water likely available. View. Short walking trails. Gardens. Road access via Georgina Point Road, Cotton Road. Commemorates Fred, Bette Cotton. Day parking only.",Day Use,48.87138,-123.29393,-13725017.795,6253066.196
Maude Bay,Launch Site,Municipal,n/a,"Protected cove. W aspect. Bedrock, boulder, mixed rock shore at high water. Pebble at low water. Short carry to shore from vehicle. Use dubious wooden ramp or carry boats down bank over awkward rocks in creek bed.",No camping permitted.,Beach access sign. At end of Cherry Tree Bay Road. No posted parking restrictions. Room for a few vehicles.,Launch Site,48.87140,-123.29111,-13724703.162,6253069.479
Anson Road,Launch Site,Municipal,n/a,"Protected pebble, cobble beach. Short carry from vehicle but steep stairs up bank.",No camping permitted. Picnic table,"Beach access sign for canoe, kayak launch on Horton Bay Road. Shared driveway gives vehicle access to shore. Parking back up hill on Horton Bay Road.",Launch Site,48.82732,-123.25141,-13720283.644,6245611.284
Steep Cove,Day Use,Regional,n/a,"Small shallow cove SE aspect near tip of St John Point. Steep sides make shore access, boat storage challenging. Low water landings likely rougher, with boulders. Exposed to SE.",No camping permitted.,"View. Wildlife viewing. Extensive, moderately level walking trails in attractive douglas fir, arbutus, garry oak forest. St John Point Regional Park Reserve, Capital Regional District regional conservation area. See: <a href="https://www.crd.ca/parks-recreation/find-park-or-trail/st-john-point-regional-park" target="_blank" style="color:blue">St John Point Regional Park</a>.",Day Use,48.81437,-123.22900,-13717789.531,6243421.805
Horton Bay Head,Launch Site,Road end right of way,n/a,"Mud, pebble beach close to road access. Might be impractical at low water.",No camping permitted.,Park on Horton Bay Road.,Launch Site,48.82368,-123.24342,-13719394.391,6244996.921
St John Point northeast,Day Use,Regional,n/a,Rock shelf,Camping not permitted,"View. Wildlife viewing. Extensive, moderately level walking trails in attractive douglas fir, arbutus, garry oak forest. St John Point Regional Park Reserve, Capital Regional District regional conservation area. See: <a href="https://www.crd.ca/parks-recreation/find-park-or-trail/st-john-point-regional-park" target="_blank" style="color:blue">St John Point Regional Park</a>.",Day Use,48.81495,-123.22902,-13717791.39,6243520.412
Campbell Bay,Day Use,"Municipal, public foreshore",n/a,"Steep shore access. Some rocks, sand, gravel, shell. Extensive low gradient beach. ",Natural semi-level upland. Public swim float.,Campbell Bay Road/Waugh Road runs behind beach. Private land posted nearby.,Day Use,48.86082,-123.27098,-13722463.091,6251277.814
Gallagher Bay,Launch Site,Road end right of way,n/a,"Sand, pebble beach, low to  moderate gradient with occasional boulders. Beach mostly floods at high water, but few drift logs. Protected from S, E. W aspect. Short sloping grassy path to beach. Use at low water not recommended.",No camping permitted.,"Follow Gallagher Bay Road to end. Limited parking, logs dragged onto roadsides reduce lane width substantially. No posted restrictions. Large cable sign. Adjacent residences.",Launch Site,48.82561,-123.28379,-13723888.425,6245323.102
Reef Bay,Launch Site,"Municipal, public foreshore",n/a,"Shallow bay. SE aspect. Exposed at high water, protected by extensive rock reefs at low water. Drift logs. Level access from road.",No camping permitted.,Bayview Road. Access on short gravel lane. Parking for several vehicles with no posted restrictions.,Launch Site,48.86978,-123.28161,-13723645.771,6252795.429
Piggott Bay,Launch Site,Municipal,n/a,"Low gradient sand beach, drift logs. Long carry at low water. SE aspect. Short, level access from road end at high water. Collects algae at times.",No camping permitted.,E end of Piggott Road off Gallagher Bay Road. Float off beach presumably for swimming.,Launch Site,48.82433,-123.27970,-13723433.429,6245106.825
David Cove,Launch Site,Municipal,n/a,"Concrete boat ramp in protected cove or adjacent sand, shell beach.",No camping.,"Waughs Road leads to Porter Road, Petrus Crescent. No parking on Petrus Crescent. Limited nearby roadside parking.",Launch Site,48.86516,-123.27445,-13722849.302,6252012.795
Village Bay Community Park,Launch Site,Municipal,n/a,"Concrete boat ramp or adjacent low gradient sand, gravel, mud beach in protected bay. NW aspect.",No camping permitted. Vault toilet. Picnic tables.,Road access from Callaghan Crescent. Parking with unknown restrictions. Trail to Dalton Road with 48 hr parking.,Launch Site,48.84169,-123.32174,-13728113.835,6248042.015
Dinner Bay,Day Use,Municipal,n/a,"Low gradient sand, gravel beach in protected bay. NW aspect. Stair or bank access to beach.",No camping permitted. Flush toilets.,"Dinner Bay Community Park. Road access from Dinner Bay Road, Williams Place. Tap water stated to be non-potable. Playground, ball field, disc golf. Japanese garden. Day parking only permitted.",Day Use,48.83477,-123.31850,-13727752.625,6246871.125
Conconi Reef,Day Use,Municipal,n/a,Protected sand beach among rock reefs. Drift logs. S aspect. Easy trail access.,No camping permitted.,"Road, 75 m trail access from Navy Channel Road. Beach access sign. Parking for about 10 vehicles on road with no posted restrictions.",Day Use,48.82702,-123.29232,-13724838.27,6245560.81
St John Point north,Day Use,Regional,n/a,"Gravel beach among bedrock shelves. E aspect. Protected from S, W, N.",Camping not permitted.,"View. Wildlife viewing. Extensive, moderately level walking trails in attractive douglas fir, arbutus, garry oak forest. St John Point Regional Park Reserve, Capital Regional District regional conservation area See: <a href="https://www.crd.ca/parks-recreation/find-park-or-trail/st-john-point-regional-park" target="_blank" style="color:blue">St John Point Regional Park</a>.",Day Use,48.81693,-123.23190,-13718112.358,6243855.699
Kadonaga Bay,Day Use,Regional,n/a,Pebble beach at bay head. S aspect. Mostly floods to drift log barrier at high water. Pebble berm approx 3 m with sloped trail shore access.,Open field behind beach. Well-used trail leads to Park entrance 350 m to N. Toilet at park entrance. Camping not permitted. ,"St John Point Regional Park Reserve, Capital Regional District. Natural dry woodlands nearby. Extensive walking trails. Parking at Park entrance.",Day Use,48.82009,-123.24268,-13719312.348,6244390.144
Haynes Park,Launch Site,Municipal,n/a,Protected sand beach SE aspect. Short trail to beach from street.,"No camping permitted. Benches, picnic tables.","Water at drinking fountain. View. At corner of Beresford Street, Beach Drive. Small .04 ha park of District of Oak Bay. Street parking. Also close to Marina parking lot. Toilets, cafe at Marina.",Launch Site,48.42697,-123.30756,-13726534.423,6178183.888
Heriot Island,Day Use,Crown,n/a,Land on exposed W shore.,Overlooked by residences.,Busy anchorage to S in Heriot Bay. Beach fires are banned all year round.,Day Use,50.10940,-125.21525,-13938898.382,6465243.976
Judges Row Qualicum Beach,Launch Site,Municipal,n/a,"Cobble upper beach with sand below, low to moderate gradient. NW aspect. Near-level beach access form vehicle wit 4 shallow steps.",No camping permitted,"In residential area. No overnight parking. Room for about 10 - 20 vehicles. Similar beach for 4 km. Beach Front Park in town centre 700 m to SW has toilets, change rooms, picnic tables, benches. Another similar beach with day parking 150 m away. Kayak rentals nearby. Other facilities, provisions nearby.",Launch Site,49.35789,-124.43330,-13851851.894,6335807.108
Seacrest Place,Launch Site,Municipal,n/a,"Sand, pebble low gradient beach, cobble at high water. Scattered boulders. Exposed NE aspect. Long carry at low water. 9 wide concrete steps lead from street to beach.",No camping permitted. Small picnic area.,Street parking for approx. 6 vehicles in residential area. Overnight parking not permitted.,Launch Site,49.35630,-124.39359,-13847431.019,6335535.159
Thieves Bay,Launch Site,Regional,n/a,Easy on very protected sand beach or adjacent small public concrete boat ramp.,"No camping permitted. Toilet, picnic tables, bench.","Thieves Bay Park operated by Pender Island Parks - Capital Regional District. Swings. Gravel parking lot or roadway shoulder. Access by Anchor Way, Schooner Way. No reason to enter private marina at road end, unless for view of conditions in Swanson Channel.",Launch Site,48.76977,-123.31128,-13726948.721,6235886.223
Welcome Bay east,Day Use,Provincial Forest,n/a,"Rough, steep-backed cove.  Beach of boulder, cobble with gravel, drift logs at top. Appears  to flood or nearly so at Springs. S aspect. ","No obvious overnight sites. Marginal for day use. Steep behind, so no easy retreat available. At Neaps might offer dry upper beach sites.",qRD OCP notes as un-managed recreation area. Does not appear usable at high water.,Day Use,49.71074,-124.58045,-13868232.146,6396331.508
Grandmas Bay Ruckle Park,Day Use,Provincial Park,n/a,"Easy on protected gravel beach, moderate gradient. SW aspect.",No camping permitted. See Ruckle instead.,Attractive. View. Swimming. Hiking trails. Historic farm.,Day Use,48.76948,-123.37810,-13734387.156,6235837.107
Kelly Point,Launch Site,Regional,n/a,"Protected moderate gradient sand, pebble beach at estuary entrance.",No camping permitted although feasible.,"qathet Regional District Beach Access. Park on roadway. No posted restrictions. Turn S off Hwy 101 at Brew Bay Road. Follow to end, trending left at fork.",Launch Site,49.77156,-124.36711,-13844483.813,6406807.009
Southview Emmonds Road,Launch Site,Regional,n/a,"Sand, shingle beach. Exposed S aspect.",No camping permitted.,Emmonds Road. Beach access point signed by qathet Regional District. Very short trail to beach. Limited parking at road end.,Launch Site,49.93630,-124.69211,-13880662.725,6435251.7
Divers Rock,Day Use,Regional,n/a,"Moderately steep, rough beach with narrow cleared walkway between boulders.",No camping permitted. No services except picnic table. Unofficial fire pit.,"From Finn Bay Road, turn W on Mead Road, S on Norlund Road. Divers Rock Regional Park. qathet Regional District. Attractive, natural. Picnicking, kayaking. Established 2014.",Day Use,49.98868,-124.77550,-13889944.723,6444316.149
Nicholas Point northeast,Day Use,Provincial Forest,n/a,"Easy on crushed shell tombolo beach at high water Land on either side. Scattered boulders.SW or NE aspects.  Another small clam bed beach of sand, small rocks, cobble, scattered boulders lies 225 m to NE.",Undeveloped. Steep forest with deadfalls. Beach top tent sites feasible at Neaps. Hammock opportunities.,No comments.,Day Use,50.58271,-126.47328,-14078940.683,6547809.266
Hyashi Cove,Launch Site,"Crown Foreshore Lease, Private upland, public foreshore",n/a,"Very protected small sand, shell beach behind marina floats. Likely floods at Springs. Rockier at low water, with angular stones. Concrete trailer boat ramp adjacent. Low float nearby.",No camping permitted.,"675 m walking distance from ferry ramp to beach at Otter Bay Marina via paved private driveway to MacKinnon Road on smooth pavement. Wheels recommended. Full service marina with washrooms, showers, laundry, restaurant, accommodation. Fees may apply. Paved parking lot, nearby street parking used heavily by ferry travellers. Paddlecraft rentals, guiding, tours.",Launch Site,48.79989,-123.31111,-13726929.607,6240975.634
Quathiaski Cove,Launch Site,"Public Harbour, Public Harbour",n/a,"Concrete boat ramp or adjacent low gradient mixed beach in protected cove. At S side of ferry dock, creek estuary might offer access at high water.","No known camping. Showers, flush toilets, laundry.","Water at tap. Feasible to wheel on and off ferry. Pay parking available daily ($3/day 2018) or monthly. Provisions, services, accommodation, pub, restaurants, nearby. Managed by Quadra Island Harbour Authority; Wireless internet; 1.5 ton winch; Pay phones; Fresh water; Pay parking. Beach fires are banned all year round.",Launch Site,50.04256,-125.21527,-13938899.751,6453650.078
Es-hw Sme-nts Community Park,Day Use,Regional,n/a,"Pebble, cobble beaches NW, NE aspects. Might have to land on west side of beach in low tide. Recommend taking wheels to bring kayak or canoe to beach.",No camping permitted. Vault toilet. Bear-proof garbage bin.,Regional District of Nanaimo Community :ark opened Oct 2017. North end of Oak Leaf Drive. Day parking in gravel lot at road end. Overnight parking on the road not parking lot.,Day Use,49.30111,-124.17065,-13822614.053,6326107.911
Peter Cove south,Launch Site,Municipal,n/a,"Easy on gravel, pebble beach in protected rocky cove.",No camping permitted.,Easy path to beach from Plumper Way. 2 vehicle parking space at Beach Access sign. Very limited local parking on road shoulders. Signage at both ends of access trail. Beach overlooked by residences.,Launch Site,48.73779,-123.23546,-13718508.555,6230486.58
Long Bay South Thormanby,Dispersed site secondary,Marine Provincial Park,4 - 6,"Moderate gradient beach of mixed angular small rocks at head of long, steep-walled cove. Good protection except from SE. Many drift logs. SE aspect.","Two sites - at centre bay on level rock platform or table - on grassy shelf near Farm Bay trail end in NE corner - each for 2-3 tents. Upland fire rings. Additional tent sites with minor brushing, approx 150 m up trail leading to Farm Bay. Hammock opportunities.","Attractive, Trail leads inland, connecting to beaver pond, Farm Bay & Park trail network. Water at small seasonal stream or walk 7 min. to pond. Anchorage. Bay tends to collect marine debris. Also known as Table Bay. See <a href="https://bcparks.ca/simson-park/" target="_blank" style="color:blue">Simson Provincial Park</a>.",Dispersed Site,49.47183,-123.95656,-13798781.14,6355303.614
Craddock Drive,Day Use,"Municipal, public foreshore",n/a,Pebble beach under cliffs. Currents.,No camping permitted,"View, attractive. Trail from road end on Craddock Drive to beach has 34 steps to beach.",Day Use,48.73315,-123.20224,-13714810.421,6229702.525
Drummond Bay,Day Use,"Municipal, public foreshore",n/a,"200 m long gravel, pebble beach. SE aspect.",No camping permitted.,View. Wildlife viewing. Walking trail to Higgs Road with10 step stairway with bend in middle. Roadside parking for approx.10 vehicles but signed as no overnight parking.,Day Use,48.73443,-123.19322,-13713806.887,6229919.592
Medicine Beach,Launch Site,Public Foreshore,n/a,"Easy on moderate to low gradient pebble, gravel, mud beach. Protected SE aspect at bay head. Level access from road.",No camping permitted.,"Parking for about 6 vehicles with no posted restrictions by beach at end of Schooner Way (S segment). Wildlife sanctuary in adjacent marsh behind gates, fence. Hiking trail up bluffs.",Launch Site,48.76125,-123.26757,-13722082.567,6234447.404
Manley Creek,Day Use,Regional,n/a,Easy on firm low gradient beach. NE aspect.,No camping permitted. Toilet at Ratcliffe Road trailhead.,"From Trans-Canada Highway go E onto Hutchinson Road then N on Ratcliffe Road. Picnic tables, view. Trails. Parking at road. Trail access, steep in places, from Aros Road, Granfield Way 500 m. Cowichan Regional District Park. 2.09 ha",Day Use,48.69983,-123.54646,-13753128.594,6224081.627
South Winchelsea Island,Day Use,Non profit society,n/a,Dock at NW side or rough beaches or rock shelves on NE.,"Request by owners for no camping, no fires. Sign posted near dock.",Day use welcomed. Pit toilet. Cabin has sometimes been rented for vacation use.,Day Use,49.29129,-124.07857,-13812363.487,6324432.201
Bligh Islet south cove,Day Use,Marine Provincial Park,n/a,Easy on pebble and clamshell low gradient beach either from small coves on SW or NE sides. Beach floods above 2.5m.,No known camping.,Other nearby beaches might also offer easy low tide day use access.,Day Use,49.62764,-126.55092,-14087583.762,6382038.313
Kirby Point north,Commercial,Treaty Settlement Land,25 +,"Beach of mud, rock, boulders. NE aspect. Gradient: 5 - 15%. Easy on sand at high water. Poor access at low water when better landing is at Kirby Point southwest.  Unload boats on water. Launch loaded boats at mid-high tide level. Rock hazards, long reef at low water.","Beautiful flat cleared forest between two beaches. Open Huu-ay-aht Treaty Settlement Land. This site appears to be fairly heavily used by the First Nation. Permit required. See: https://huuayaht.org/camping-permit-application. Two cabins, cook shelter, 2 toilets,",Attractive. Huu-at-aht cemetery located between the two beaches.At one time served as Huu-ay-aht youth camp. ,Private or Commercial,48.84815,-125.20045,-13937249.785,6249135.623
Edward King Island northeast,Informal site secondary,Crown,nan,"Boulder, bedrock, sand beach of 5 - 15 % slope, N aspect. Access from N or S but channel dries at low water, when best approach is from NW. Boat run cleared through bigger rocks. Landing on SE has longer carry over cobbles.","Camp on beach at most tides. Additional sites in.open, old growth forest.",CMTs. Blow hole accessible at low water. Rock ledge to Haines Island dries at low water. Two sources of water reported on SE shore of same island.,Informal Site,48.83213,-125.20424,-13937671.908,6246425.323
Grappler Inlet,Launch Site,Municipal,n/a,Boat trailer ramp.  Kayak launch fee $2.50 (2016). Launch small craft next to ramp at no charge (2014).,See adjacent site at Centennial Park.,Parking $3.00 day.,Launch Site,48.82852,-125.12799,-13929184.175,6245814.215
Newton Cove north,Informal site secondary,Provincial Forest,1 - 3,"E side of bay with S aspect. Protected beach of grit, gravel, small rocks at low water, cobble band at high water.","Upper beach sites under trees appear to be dry at most water levels. Small upland sites in level forest subject to brushing. Access from beach awkward due to deadfall, drift logs that could be cut. Hammock opportunities.",Protected location with good potential in popular paddling area.,Informal Site,49.88128,-126.93998,-14130894.302,6425741.528
St Pauls Dome,Informal site secondary,Provincial Forest,1 - 2,"W aspect sand, silt beach. Protected SE through SW. Surf likely in NW conditions. Likely to flood at Springs. Rock outcrops along beach at some water levels.","Camp at Neaps on dead beach grass, dry weed or sand. Dense vegetation at forest margin with no obvious clearings. Small sites among drift logs.",Shaded at S end of beach. Trees for hanging food.,Informal Site,50.05449,-127.44023,-14186581.065,6455718.44
Garden Point east,Informal site secondary,Aboriginal Title Land,6 - 8,"Very low gradient sand, grit creek delta beach with some gravel, areas of rocks to 15 cm near creek mouth. Long carry at low water. N asepct. Good protection from W.",Upland sites in small clearings. 3-4 beach sites E of creek. E site quieter so serves as overflow for main site at base of tombolo to W of creek. Gloomy N aspect.,"Water at year-round Brodick Creek alongside site. Attractive. E end of Esperanza Inlet funnels winds, while W Inlet has lower winds. This site is located within the Nuchatlaht Nation's Aboriginal Title Lands. See map of the Title area <a href="https://www.bcmarinetrails.org/wp-content/uploads/2025/05/nuchatlaht_title.jpg" target="_blank" style="color:blue">here</a>. Look up term of <a href="https://www.bcmarinetrails.org/first-nations-guidelines/" target="_blank" style="color:blue"> Aboriginal Title lands</a> in our glossary.",Informal Site,49.84573,-126.89858,-14126285.675,6419602.305
Espinosa Inlet,Informal site secondary,Provincial Forest,2,Beach of rough cobble W aspect. Somewhat exposed to winds entering from Esperanza Inlet. Beach appears to be dry at most normal water levels.,Two or more level areas at top of beach on cobble. Dense vegetation at forest margin. Potential for upland sites with some brushing. ,"Old logging road may enter here, but not seen. Not as good as nearby Espinosa Inlet north.",Informal Site,49.88233,-126.91483,-14128094.617,6425922.924
Cusheon Cove,Day Use,Provincial Park,n/a,"Easy  in sheltered cove on beach of pebble, shell. Likely rougher at low water.Rock shelfs at cove entrance.",No camping permitted.,"Extensive hiking trails connect with Ruckle trails. View, Attractive. Popular picinic site. Ruckle Provincial Park. No close vehicle access.",Day Use,48.79791,-123.39993,-13736817.583,6240639.751
Commerell Point,Dispersed site secondary,Provincial Park,unknown,"Gravel, sand beach. N aspect. Easier landing than Paddler's Beach located 0.5 NM to N due to more protection from W, NW.","Beach camping. Possible upland sites in forest. Camping fees apply 1 May to 30 September. May pre-pay permit via Internet, but no reservable sites. Fee $5.00 per person per night (2018) via BC Parks Backcountry Registration System.",See: <a href="https://bcparks.ca/raft-cove-park/" target="_blank" style="color:blue">Raft Cove Provincial Park.</a>.,Dispersed Site,50.57195,-128.24280,-14275923.394,6545922.903
Lawn Point Islet,Informal site secondary,Crown,6,"All-weather landing on sand beach in protected cove between islet, main Vancouver Island shore. ENE aspect.","NE sand beach has several large rocks for wind shelter. Sand berm across centre has protective log. No upland forest sites found. Reported location is N50D 20.2758M,W12D 59.3622M",Attractive. View. Islet approx 500 x 100 m. Provincial Park excludes these islets.,Informal Site,50.33789,-127.98974,-14247752.962,6504998.873
Ewin Inlet Head,Dispersed site secondary,Marine Provincial Park,5,"Sheltered low gradient shell, pebble, gravel beach in long bay. Scattered boulders. E aspect. 25 m N of creek mouth on W shore near bay head.","Natural site with no development. 2 sheltered upland tent sites in open area with ferns, close to beach. 3 further sites possible with minor brushing, levelling. Hammock opportunities. Gloomy, damp.","Water at year-round creek immediately to S, flowing from lake to WNW. Anchorage. See: <a href="https://bcparks.ca/bligh-island-marine-park/" target="_blank" style="color:blue">Bligh Island Marine Provincial Park</a>.",Dispersed Site,49.65108,-126.52243,-14084412.849,6386067.461
Songhees Point,Launch Site,Municipal,n/a,"Protected gravel, sand beach. Short 60 m carry on paved path. Vessel, aircraft traffic.",No camping permitted.,"Limited day parking nearby. Popular public walkway. Launch site for Victoria Waterway Loop Trail, a 8.4 NM paddling route with a 950 m portage. Loop is in 4 sections with multiple launch points. May be completed in a day. See: <a href="https://vicwaterloop.ca/" target="_blank" style="color:blue">Loop</a>.",Launch Site,48.42583,-123.37529,-13734074.804,6177992.58
Seal Bay,Day Use,Regional,n/a,"Cobble beach, some gravel, drift logs E aspect. Exposed.",No camping permitted. Bates Beach Oceanfront Resort private campground lies 1 nm N.,"Attractive on steep forest slope. Comox Valley Regional District nature park. Extensive forested walking, multi-use trails, some steep with stairs. Parking next to Bates Road access. Pit toilets near beach. Viewing benches.",Day Use,49.76205,-124.96424,-13910955.019,6405168.205
Tribune Bay,Launch Site,Provincial Park,n/a,Expansive low gradient beach of fine sand. SE aspect. Access from vehicle via 200 m gravel path.,"No camping permitted. Toilets. Benches. Adjacent private campsite acquired by BC Parks will be restored, reconfigured approx. 2024-25.","Attractive. View. Large parking lot, closed at night. Anchorage for calm weather use.",Launch Site,49.52579,-124.63939,-13874793.428,6364552.475
Gravelly Bay,Launch Site,Regional,n/a,Easy on protected gravel beach. Moderate gradient. N aspect. At N side of disused boat ramp.,No camping permitted. BC Ferries toilets appear to be under repair (2019).,Close to ferry terminus. Parking nearby on roadsides.,Launch Site,49.49335,-124.70941,-13882588.018,6358990.966
Whaling Station Bay,Launch Site,Regional,n/a,Protected sand beach. Easy vehicle access.,No camping permitted. Toilet at Carling Road.,"Attractive, view. Easy vehicle access from ends of short roads off Anderson Drive e.g. Carling Road, Moya Road.",Launch Site,49.52658,-124.60321,-13870765.888,6364687.959
Sandpiper Beach,Launch Site,Regional,n/a,Sand beach SE aspect. Trail from parking lot to beach.,No camping permitted. Benches. Toilet. Large mown grass area.,View. Sandpiper Beach Community Park. Parking lot for 12 vehicles. No overnight parking permitted. ,Launch Site,49.50563,-124.63850,-13874694.353,6361095.814
Welcome Beach Sunshine Coast,Launch Site,Regional,n/a,"Low to medium gradient [2-5%]. Pebble, cobble, sand beach. SW aspect. Drift logs at upper beach.",No camping permitted.,"Launch along Merry Island Esplanade 200 m, runs along beach with residences on upland side only. Very limited parking for 2 vehicles by residences on other side of entry lane. Popular beach.",Launch Site,49.48978,-123.90775,-13793347.335,6358379.854
Ucluelet Campground,Commercial,Private,50 +,Protected adjacent lagoon/basin or Pat Leslie Memorial Boat Launch approx 200 m distant..,"Mix of treed tent and more cramped RV sites. Full facilities. Fees charged. Water, electric, sewer available. Showers, flush toilets. Phone 250-726-4355 Email camp@uclueletcampground.com http://www.uclueletcampground.com/","260 Seaplane Base Rd, Close to boat launch.",Private or Commercial,48.94743,-125.55786,-13977036.795,6265946.814
Koprino Harbour,Launch Site,Provincial Forest,n/a,Easy on gravel ramp in protected cove. Close access for vehicles. SE aspect.,No known camping. Spencer Cove nearby.,On Koprino Road. Topo map names cove as Robson Cove. Park on shoulder of adjacent spur road. Nearby float to S is private. Active log dump 200 m to S.,Launch Site,50.50535,-127.86829,-14234232.965,6534258.252
Numas Islands Central Cove,Day Use,Provincial Forest,n/a,"W facing rocky cove between 2 small central islands which join at low water, protected from NW by larger W island across channel. Appears suited to all water levels. Coarse gravel, scattered boulders, drift logs. Several other coves log-choked.","No tent camping found. Poor upland access, rocky uneven terrain, dense brush. ",Bird colonies. Avoid visits in Spring nesting season. Wildlife viewing. Evidence of previous logging or clearing.,Day Use,50.76695,-127.08061,-14146548.617,6580173.372
Nuyumbalees,Day Use,IR,none,Long smooth gravel beach. Occasional boulders. W aspect.,No camping permitted.,"View. 34 Weway Rd, Quathiaski Cove, BC V0P 1N0. Cultural Centre, museum, totems in centre of Cape Mudge Village. Artifacts etc valued by the Kwakwaka’wakw people. Open May - Sept. Admission fee. Beach fires are banned all year round.",Day Use,50.01861,-125.19668,-13936830.867,6449499.389
Red Granite Road,Launch Site,Road end right of way,n/a,"Easy on 75 m long smooth gravel, pebble beach exposed to SE. Drift logs. Short access to/from vehicles.",No camping permitted. No fires.,"Seattle Yacht Club outstation, cottages close by. Parking unknown.",Launch Site,50.05906,-124.93021,-13907167.351,6456511.045
Kilmorley Road,Launch Site,Regional,n/a,"Exposed beach moderate to low gradient. NE aspect. Small boulders, large cobble, other smaller broken rocks. Some sand at top. Access from road approx 5 m on short trail down low bank. Carrying boats across beach at low water could be awkward.  Use at high water suggested.",No camping permitted.,"Comox Valley Regional District beach access recommended for launching small car-top boats. At end of Kilmorley Road off Little River Road. Last part of road is gravel. Parking with no posted restrictions for about 6 vehicles. Site has fenced RV park om one side, private residence on other.",Launch Site,49.72686,-124.89145,-13902852.574,6399107.146
Bill Mee Park,Launch Site,Regional,n/a,Protected concrete boat ramp with rip-rap breakwater on both sides or adjacent pebble beach. NNE aspect.,No camping permitted. Picnic tables. Toilet,"6020 East Road. By road take East Road to Sole Road to its end. Gate locked at night. Ample parking, including for trailers but no overnight parking permitted. Launch fee for cartop boats $5 (2019). Wildlife viewing. Operated by Comox Valley Regional District under provincial licence, assisted by Denman Island Residents Association. Former gravel pit.",Launch Site,49.49058,-124.70136,-13881692.353,6358516.917
Phipps Point,Launch Site,"Crown, Crown lease",n/a,"Easy on beach of coarse sand, pebble, small cobble, some bedrock shelves. W aspect. Use either side of protecting disused jetty, Suited to all water levels. Easy shore access from vehicle.",No camping permitted.,Where Shingle Spit Road becomes Central Road turn W on Central Road to end in 200 m. Limited day parking.,Launch Site,49.53517,-124.71312,-13883000.568,6366161.389
Hinton Road,Launch Site,Road end right of way,n/a,"Low gradient beach mostly commercial oyster lease. Upper beach of pebbles, shell. 300 m of flats at low water so recommended only at high water. Short access from vehicle.",No camping permitted.,Hinton Road of Lacon Road. View. Limited parking. No overnight parking permitted.,Launch Site,49.48656,-124.74847,-13886935.746,6357826.945
Mountain View Road,Launch Site,Regional,n/a,Exposed low gradient cobble beach. Sand at low water. NE aspect. Level shore access from vehicle. Very short carry.,No camping permitted.,"Limited parking in unpaved lane with turn area. No posted restrictions. In residential area. By road take Miracle Beach Drive to Seaview Road, Elma Bay Place. View. Swimming, wildlife viewing. Comox Valley Regional District official beach access. Beach walk to Miracle Beach Park.",Launch Site,49.84852,-125.08953,-13924902.794,6420082.763
Sanborn Road,Launch Site,Regional,n/a,Exposed cobble beach. E aspect. Grassy path gives easy shore access from vehicle.,No camping permitted. Bench.,"Comox Valley Regional District official beach access. Views, Wildlife viewing. Roadside parking. According to CVRD it is located just S of the Harby access, between Arran Road and Montrose Drive.",Launch Site,49.61750,-124.90547,-13904413.318,6380295.215
Fillongley,Campsite secondary,Provincial Park,10,"Gravel, sand, shingle beach. Open E aspect. Mostly low gradient, dries far at low water. Easy shore access from vehicles but 300 m carry at low water.","Small sites adjacent to shore suited to vehicle access, all reservable. Vault toilets, picnic tables, fire rings.",Water at tap 50 m from campground. Parking. Extensive hiking trails. Parking lot does not permit overnight parking. See: <a href="https://bcparks.ca/fillongley-park/" target="_blank" style="color:blue">Fillongley Provincial Park</a>.,Campsite,49.54249,-124.75758,-13887950.757,6367416.153
Deep Bay Drive,Launch Site,Regional,n/a,"Pebble, cobble, sand beaches on both Inner or outer shores of spit. Low gradient exposed to NE on outer spit. Inside spit beach moderate gradient with protected shore of cobble, pebble. Access down grass bank.",No camping permitted.,Parking at roadside on grass or gravel. Overnight parking unknown. Public beach access managed by Regional District of Nanaimo. Another possible launch site 600 m to SE on Deep Bay Drive.,Launch Site,49.46689,-124.72473,-13884293.433,6354457.397
Stories Beach,Launch Site,Municipal,n/a,"Broad sand, pebble beach. E aspect. Moderate gradient. ",No campfires permitted.,Parking access from Highway 19A.,Launch Site,49.91950,-125.18535,-13935569.417,6432346.313
Grassy Point Hornby Island,Launch Site,Regional,n/a,"Moderately steep crescent-shaped gravel beach between bands of bedrock. N aspect. Semi-protected. Short, easy shore access from vehicles.",No camping permitted.,"Road access from Central Road, Carmichael Road, Harwood Road, Gunpowder Trail. Grassy Point Community Park. No facilities except picnic table, bench also toilet (summer only). Overnight parking not permitted. Accommodates about 10 vehicles.",Launch Site,49.55101,-124.66823,-13878004.015,6368878.412
Bradsdadsland,Commercial,Private,50+,See nearby Phipps Point but low water use likely impractical due to low gradient rocky foreshore.,"RV & tent sites, some with electricity. Flush and pit toilets, showers, laundry. Playground, store. Family oriented. Reservations strongly recommended Ph (250) 335-0757. Email bradsdadsland@telus.net",2105 Shingle Spit Road Hornby Island BC V0R 1Z0. 350 m waterfront.,Private or Commercial,49.53419,-124.71068,-13882729.16,6365993.874
Sunset Boulevard,Launch Site,Road end right of way,n/a,Protected pebble beach at head of long bay. NW aspect. Easy level access from vehicle. Moderately low beach gradient with soft sand in some parts makes use easier at mid to high water.,No camping permitted. Picnic table.,"By road, take East Point Road, turn NE on Sunset Boulevard. Residences nearby. Parking.",Launch Site,48.79504,-123.17603,-13711892.437,6240155.342
Veruna Bay,Launch Site,Road end right of way,n/a,Protected sand beach. Gravel at low water. W aspect. Approx 100 m carry from vehicle on lane built for cable terminus access.,No camping permitted.,East Point Road to Winter Cove Road then Church Bay Road to end. Beach access sign at turnaround. Parking for several vehicles.,Launch Site,48.80900,-123.20118,-13714692.233,6242515.07
Heriot Bay Inn,Commercial,Private,10 +,Protected small mixed stone beach or adjacent floats.,"Tent, RV sites some leased long term. In attractive grassed grounds of Inn with mature trees on bank overlooking harbour. Flush toilets, showers, laundry. picnic tables, fire pits.","Water at tap. View. Historic Heriot Bay Inn, pub, restaurant. Marina, fuel, public dock. Parking. Ferry terminal to Cortes Island nearby. For details, see <a href="https://heriotbayinn.com/" target="_blank" style="color:blue">Heriot Bay Inn</a>. Beach fires are banned all year round.",Private or Commercial,50.10194,-125.21114,-13938440.024,6463948.892
Boat Passage Trail,Day Use,Marine Provincial Park,n/a,"Protected cobble, pebble mixed beach. SW aspect.",No camping permitted. Toilets along trail. Picnic tables near boat ramp.,"View. Attractive. Hiking trail to Boat Passage, park entrance.",Day Use,48.81248,-123.18812,-13713238.768,6243102.07
Welcome Beach Pender Island ,Day Use,Municipal,n/a,Easy on pebble beach. E aspect. Beach will not completely flood on most tides.,No camping permitted.,"View, attractive. Park on road shoulder. Trail to/from Clam Bay Road 220 m. 10 stairs to beach. Generally secluded - few residences.",Day Use,48.80747,-123.27813,-13723258.29,6242256.286
Joe Walker Park,Launch Site,Regional,n/a,"Partly cleared boat run through low to moderate gradient beach of large cobble, scattered boulders.  Several steps to beach from trail. Alternate longer step-free gravel trail from S end of park.","No camping permitted. Shelter with cooking oven, BBQ. Vault toilet. 4 picnic tables.",On Highway 19A. Walking trails. Comox Valley Regional District park. Parking for 20 vehicles. No overnight parking permitted.,Launch Site,49.53752,-124.85982,-13899331.583,6366564.373
Reginald Drive,Launch Site,Regional,n/a,Low gradient rock shelf beach suited to high water use only. ,No camping permitted.,Trail leads to beach from road end cul de sac. No overnight parking permitted.,Launch Site,49.48448,-124.72458,-13884276.735,6357470.937
Millard Road,Launch Site,Regional,n/a,"Moderate gradient shell, pebble, cobble beach at small point. SE aspect.",No camping permitted.,Millard Road descends steeply off Lacon Road. Very limited day parking for approx 3 vehicles. ,Launch Site,49.51257,-124.78507,-13891010.451,6362285.595
Breton Road,Launch Site,Road end right of way,n/a,Small rocky cove 20 m wide. S aspect. Drift logs.,No camping permitted.,"View. From Village Bay Road, turn S on Valdez Road then turn S on Breton Road to end. Parking on gravel or at roadside. Beach fires are banned all year round.",Launch Site,50.13703,-125.20409,-13937656.045,6470040.079
Verdier Point,Day Use,IR,n/a,"Small gravel, bedrock beaches  Mostly flooded at very high tides.","No camping permitted, presumably Rocky point with grass meadow. Fire pit upland in centre of site. Chairs.",On Malahat Nation Reserve No 11. Posted signs ask users to keep area clean. Public recreational use seems to be acknowledged. Evidence of some local use.,Day Use,48.63163,-123.52921,-13751208.277,6212586.43
Michigan Beach west,Emergency Pullout,National Park Reserve,n/a,"Small sand beach S aspect E of Pachena Point, W of Michigan Beach,  Some shelter in rough conditions. . Beach mostly floods at high water but not completely. Favour N end staying 50 - 75 m from large rock shelf on starboard. SW end of beach is rock strewn. See image for route.",Emergency pullout site. No known camping. Camping not permitted by Parks Canada nor are planned landings.,"Not on West Coast (hiking) Trail. Landing or camping on the West Coast Trail is not permitted and could result in fines, except in emergency situations.",Emergency Pullout,48.72134,-125.08673,-13924591.111,6227709.491
Brickyard Beach Gabriola Island,Launch Site,Regional,n/a,"Low gradient gravel broken brick beach, W aspect. Bedrock shelves, reefs. Dries far at low water.",No camping permitted. Grassed picnic area. 2 picnic tables. No fires.,On South Road at junction with Ferne Road. Islands Trust administered community park. Large gravel parking lot adjacent to shore. At N entrance to False Narrows.,Launch Site,49.13905,-123.78645,-13779844.926,6298487.762
Keeha Bay Islets,Day Use,National Park Reserve,unknown,"Sand beach. E aspect. Easy, sheltered at mid to high water. Difficult at low water with  wave action due to boulders. See image for suggested route. Beach with W aspect appears to be more rocky.",Not an established Parks Canada site. Camping occasionally occurs on exposed sand tombolo connecting islets. Suited to settled weather only. Camping fees apply.,Attractive. View.,Day Use,48.77470,-125.16862,-13933706.674,6236718.804
Helby Island,Commercial,Treaty Settlement Land,20 +,"Directly W of northernmost point of island, All tide sand beach of moderate gradient in generally rock shelf shore. W or NW asoect. Land in front of cabin, huu au aht signage. Low water recommended for approach. Reefs offer protection. Another beach to E closer to the N point offers similar but rougher landing.","Many upland tent sites, some beach sites at Neaps. Toilet reported but not seen. Permit required for overnight use. See: <a href="https://huuayaht.org/services/lands-permits/" target="_blank" style="color:blue"> Camping Permit</a>.",Attractive. Water at small seasonal streams to W. Small cabin visible. Huu-ay-aht Treaty Settlement Land. ,Private or Commercial,48.85321,-125.17745,-13934690.327,6249990.807
Wishart Island east,Informal site secondary,Crown Conservancy,3 - 4,"Protected low gradient clam bed beach of sand, mixed rocks, scattered boulders. SE aspect. Accessible also from N but not favoured.","3-4 lumpy tent sites on long grass at forest margin above beach. Likely usable with minor levelling. Upland accessible with brushing for potential additional tent, hammock sites.","Anchorage. Wishart Island reported to have a R Washburne cabin - location, condition unknown. See <a href="https://bcparks.ca/mahpahkum-ahkwuna-deserters-walker-conservancy/" target="_blank" style="color:blue">Mahpahkum-Ahkwuna/Deserters-Walker Conservancy</a>.",Dispersed Site,50.87871,-127.48057,-14191072.138,6599867.434
Lasqueti Ecological Reserve,Day Use,Provincial Ecological Reserve,n/a,"South-facing grassy point offers beaches mainly of small rounded boulders at low water, pebble at high water with NE, SW aspects. Bedrock outcrops. More drift logs on NE aspect beach.",No camping permitted. Non-extractive recreational use permitted. Extensive open grass areas. Regrettable evidence of campfire use.,"Attractive, view. Wildlife viewing.",Day Use,49.45629,-124.28357,-13835184.25,6352642.651
Uncle Johns Cabin,Informal site primary,Crown Conservancy,1 - 3,Low gradient protected clam bed beach with scattered boulders. Boat run at mid water levels avoids some boulders. Up to 200 m carry on firm mud at low water. High water approach better - only short carry through a few bushes to cabin. ,"Cabin derelict, scheduled to be demolished 2013, but still standing in 2024. Currently no clearings in salal (2024). Some brushing possibly required to reach cabin from beach due to berry bush growth but access achieved easily 2024. Some space for tents near cabin if brushed. 3 additional tent sites on gravel beach top at Neaps, but might flood at Springs. ",No water source seen but likely present. See <a href="https://bcparks.ca/mahpahkum-ahkwuna-deserters-walker-conservancy/" target="_blank" style="color:blue">Mahpahkum-Ahkwuna/Deserters-Walker Conservancy</a>.,Dispersed Site,50.89152,-127.51617,-14195034.6,6602127.641
Spencer Cove WFP Campground,Campsite secondary,Provincial Recreation Site,nan,"Protected cove. Mixed gravel, mud beach. Ramp reported for small boats. High water preferred for launch, landing, maybe because of mud. W aspect.","Level grass clearings. Vehicle accessible sites including RVs. Picnic tables. Fire pits. User maintained. Updated July 2025 Two outhouses, both in need of repair - door hinge missing, toilet seats broken, overfull pits - and filthy.","Koprino Rd, Quatsino. About an hour’s drive from Holberg on active logging roads. WFP is using private radio channels so even having a mobile radio doesn’t help with road safety. Small dock reported but not confirmed. Anchorage. Vehicle access, ramp means heavy summer use by fishers. Parking unknown if not camping at site.",Campsite,50.50118,-127.87409,-14234878.317,6533528.746
Fair Harbour Marina and Campground,Commercial,Treaty Settlement Land,25 +,"See Fair Harbour (launch) site. Concrete or gravel boat ramps near dock, fuel float 300 m to W. Rougher landings directly at campground, easier at high water.","Busy developed vehicle-accessible campground, near to inlet head, with feasible water transport access. Fire rings, picnic tables. Pit toilets. Other services 250 m to W at store. Reservable. See fairharbourbc.com for details.","Services in Fair Harbour include: campground, rental cabins, store, washrooms, showers, laundry, fuel dock, potable water, propane, paid supervised parking with video surveillance, community free parking area. Campsites range from $20 - $25/night. Daily, weekly and monthly parking rates. Water at tap. Wifi/phone available near store. Private parking lot by store provides some vehicle protection. <a href="https://www.bcmarinetrails.org/using-water-taxis-to-access-new-kayaking-and-hiking-adventures-on-the-bc-coast/" target="_blank" style="color:blue">Article on Water Taxis</a>. <a href="https://fairharbourbc.com/" target="_blank" style="color:blue"> Visit Fair Harbour campground website.</a>.Visit Fair Harbour campground website.",Private or Commercial,50.06149,-127.11251,-14150099.553,6456932.337
Simoom Sound Head,Portage,Provincial Forest,1,"Clam bed beach of angular cobble, some boulders. Smooth rock shelves at sides.",Grass at forest margin. Other grass sites damp. Hammock opportunities. ,Portage to Shawl Bay takes about 1 hr.,Launch Site,50.85677,-126.55050,-14087537.22,6595997.699
Tzartus Tombolo,Day Use,unknown,n/a,Rocky beaches. Gravel tombolo. Aquaculture immediately to N.,No known camping. Perhaps some possible at Neaps.,No comments.,Day Use,48.90116,-125.08182,-13924044.143,6258106.755
Smugglers Cove Victoria,Launch Site,Public Foreshore,n/a,"Nearly circular cove protects beach of gravel, pebble, some sand. Moderate to steep gradient. Easy access from road.",No camping.,"Enter from Tudor Avenue, McAnally Road. Limited parking. Charted name seems to Maynard Cove, but not listed as official name. Municipality of Saanich. Shown as kayak launch on some maps. Very limited parking.",Launch Site,48.45162,-123.26715,-13722036.336,6182319.659
Grilse Lane,Launch Site,Public Foreshore,n/a,Small protected gravel beach next to marina. Beach access is via short set of stairs beside marina office and easy access from paved parking lot. Beach likely floods at Springs.,No camping.,Adjacent to Anglers Anchorage Marina 905 Grilse Lane Brentwood Bay V8M 1B5. Parking is $5 for the day with payment at the marina office.,Launch Site,48.57162,-123.46238,-13743769.363,6202484.256
Glencoe Cove,Day Use,Municipal,n/a,"Sand, gravel, pebble beach in rocky cove. S aspect. Apprx. 40 steps to upland.",No camping. Bench.,"Two coves face N, S. Trails, steps to beaches from Gordon Point Drive, (N cove) or Paul's Terrace, Shore Way (S cove). Limited day parking. Glencoe Cove – Kwatsech Park, 3.6 ha. District of Saanich. See <a href="https://www.saanich.ca/assets/Parks~Recreation~and~Community~Services/Documents/Parks~Parks~Trails~and~Amenities~Find~a~Park/Glencoe-Cove-Kwatsech-Park.pdf" target="_blank" style="color:blue">Glencoe Cove map</a> ",Day Use,48.48741,-123.30212,-13725929.234,6188328.562
Piers Island,Day Use,Public Foreshore,n/a,"Gravel, sand beach. NW aspect.",No camping.,"Beach fronts onto a park with picnic table, shelter, toilets, but use of land above high tide line formally restricted to island residents only. A walk on ferry from Sidney is available. ",Day Use,48.70891,-123.42025,-13739079.295,6225613.782
Sidney Island Spit,Day Use,National Park Reserve,n/a,Sand beach. W aspect.,No camping on spit. See nearby site on Sidney Island.,"Temporary winter closures for hunting, exotic deer cull. Hiking trails. Birding but no boating permitted at lagoon. See <a href="https://gulfislandsnationalpark.com/gulf-island-parks/sidney-spit/" target="_blank" style="color:blue">Sidney Spit</a>",Day Use,48.64351,-123.33341,-13729412.7,6214587.324
Cormorant Point,Day Use,Public Foreshore,n/a,"Sand, gravel beach. NE aspect. Likely soft mud at low water. Mixed rocks at mid water levels.",No camping.,Balmacarra Road has official District of Saanich beach access approx 300 m to SE along shore of Margaret Bay. Long metal stairs.,Day Use,48.49674,-123.31418,-13727272.115,6189895.579
Mount Dick west,Day Use,Provincial Park,n/a,"Moderately steep gravel, pebble beach. S aspect. Sheltered from NW.","Steeply sloping upland accessible but offers few or no level tenting areas. Upper beach rough, with drift logs.",Attractive lunch stop. See <a href="https://bcparks.ca/south-texada-island-park/" target="_blank" style="color:blue">South Texada Island Provincial Park</a>,Day Use,49.50032,-124.16225,-13821678.713,6360185.18
Napier Waterfall,Day Use,Provincial Park,n/a,"Rock shelf or low gradient gravel, cobble beach depending on water level. Some boulders. SW aspect. Judged difficult in high winds.",No known camping.,Year round creek falls into tidepool at beach top. Possible bathing site. Reliable year-round water source. Walk-in cave repoerted 50 m N. See <a href="https://bcparks.ca/south-texada-island-park/" target="_blank" style="color:blue">South Texada Island Provincial Park</a>,Day Use,49.49857,-124.15604,-13820987.152,6359885.634
Bamfield East Dock,Launch Site,Public Harbour,n/a,High sided dock in protected inlet.. Vessel traffic,No camping.,Park up Frigate Rd 140 m distant.,Launch Site,48.82549,-125.13648,-13930129.244,6245301.764
Mount Shepherd,Day Use,Provincial Park,6,"Easy on small cobble, gravel beach SE aspect. Alternate gravel beach around headland has W aspect.","Large site in open forest, large grassed clearings. Access from S up somewhat steep grassed slopes. Access easier from W.",Attractive. Views. Remains of cabins or homestead. Possible seasonal creek. Seep in fissure near SE landing has year-round water in small volume. See <a href="https://bcparks.ca/south-texada-island-park/" target="_blank" style="color:blue">South Texada Island Provincial Park.</a>,Day Use,49.52487,-124.20338,-13826256.872,6364394.065
Turnour Bay,Informal site primary,Provincial Forest,8 - 12,"Easy on moderate gradient gravel beach with boulders, smaller rocks on lower beach. Located in big bay, SW aspect. Alternative landings on steep banks at inactive log dump to S at Air Point or to W on E bank of bay at old road spur.","Opening gives easy access to upland open forest, with some clear level areas. Additional sites at road end of inactive log dump located on E bank of bay. Minor brushing might be needed. Old vehicles, some debris.",Water at year-round stream entering bay may be located from logging road bridge upstream approx 200 m. Flowing during mid-July 2023 drought. Log dump to S. Logged behind. ,Informal Site,50.58878,-126.44945,-14076288.385,6548874.084
Big Bay Stuart Island,Day Use,Private,n/a,Dock float or rough beach,Some paddlers arrange short-term camping on sloping lawn behind store near community centre.,"Useful staging for Yuculta group of rapids. Store has food, alcohol, flush toilet with shower, laundry facilties. Provisions, pub, restaurant.",Day Use,50.39300,-125.13493,-13929956.388,6514616.987
Reid Bay,Informal site primary,Provincial Forest,3 - 5,Low gradient clam bed rocky beach with mostly angular cobble surface rock in large bay.  E aspect. Protected from most winds. Long carry at low water can be avoided by landing on N shore.,"A few forest tent sites, subject to brushing. Hammock opportunities. A couple of sites on beach-top grass edge. Delta of creek likely to be damp in wet weather. ",Attractive. View. Water at seasonal stream with flow during mid-July 2023 drought. ,Informal Site,50.88301,-126.65606,-14099288.139,6600625.684
Moorecroft Regional Park,Day Use,Regional,n/a,Low gradient beaches in 2 very protected coves that dry at low water.,No camping permitted. Toilets near parking. Tables.,"Take Northwest Bay Road to Stewart Road, follow Stewart Road to end. Gate closed at night. Parking lot distant from shore. Attractive, view. Walking trails, nature viewing, picnicking, swimming, scuba diving. 34 ha Regional District of Nanaimo park. See: <a href="https://www.rdn.bc.ca/moorecroft-regional-park" target="_blank" style="color:blue">Moorecroft Regional Park</a>.",Day Use,49.30590,-124.17873,-13823513.091,6326926.607
East Trail Island 2,Day Use,Regional,n/a,"Easy on protected pebble, small rock beach behind breakwater, dock, float.",No camping. Roadway descends to beach through steep banks.,Roadway ends at dock. Used by island residents for moving supplies by ATC. Mooring at dock for small boats to about 8 m. Garage building on property.,Day Use,49.45512,-123.78563,-13779753.7,6352441.26
Conville Bay,Day Use,Provincial Forest,n/a,"Protected narrow cove at bay head with SE aspect has beach of angular pebble, rubble, cobble, boulders. Mud at low water. Visible boat run.",No known camping but might be possible with brushing.,Some industrial debris visible. Aquaculture licence in outer bay. Beach fires are banned all year round.,Day Use,50.18362,-125.15045,-13931684.456,6478135.71
Conville Point south,Day Use,Provincial Forest,n/a,"Protected cove with S aspect has beach of angular pebble, rubble, cobble. Mud at low water.",No known camping but might be possible on open grassy areas or with minor brushing. Beach fires are banned all year round.,Aquaculture licence in outer bay.,Day Use,50.19258,-125.14306,-13930861.871,6479694.014
Tsusiat Landing,Emergency Pullout,National Park Reserve,n/a,"A huge rock blocks SW swell. Huge waves may enter this bay 20-50 m E of rock, but keeping rock 10-20 m to port avoid them. Rock connects to shore at low water by a rock shelf.  High water sand landing becomes boulder strewn rock shelf at low water, so plan for tides above 1.5 m, ideally 2.0 m.",Not an established Parks Canada site but occasionally used as campsite. Tsusiat Falls site lies 850 m NW. Both have similar sand beaches. Camping fees charged.,"Water at falls 730 m to NW. Landing or camping on the West Coast Trail is not permitted and could result in fines, except in emergency situations.",Emergency Pullout,48.68667,-124.91885,-13905902.85,6221861.478
Boat Nook,Day Use,"Municipal, public foreshore",n/a,"Public access trail has rough bedrock shelf landing. Beach nearby to E of gravel, sand.",No camping permitted.,"Official beach access. Steps with signage lead to, from road.",Day Use,48.76650,-123.30240,-13725960.382,6235333.804
Arbutus Cove,Day Use,Municipal,n/a,Cove SE aspect. Gravel at high water with limited beach.drift logs next to bank or cliff face. Some sand. Many boulders at mid or low water.,"No camping permitted. Picnic tables, benches on grass above beach.","View. Parking. Road access from Gordon Head Road, 2210 Arbutus Cove Lane. Arbutus Cove Park 1.8 ha, District of Saanich. Trails, many stairs with handrails to beach.",Day Use,48.47851,-123.30314,-13726042.847,6186835.099
Shingle Bay Park,Launch Site,Regional,n/a,"Easy on protected beach of sand, pebble, mud, scattered boulders at head of bay. Wooden walkway ramp to beach suited to use of wheels.",No camping permitted. Vault toilet. Swings. 3 picnic tables.Open playing field.,"Park on road shoulder or wide grass verge.Different site from GINPR campsite of similar name. No easy access between two sites except by water. Hiking trail to Roe Lake, Shingle Bay campground.",Launch Site,48.77831,-123.30774,-13726555.228,6237329.137
Irene Bay,Launch Site,Municipal,n/a,"Easy on protected moderate gradient sand, gravel beach. W aspect. 40 m short but moderately steep gravel trail to beach. Angular stones at mid water levels. Wheels useful.",No camping permitted.,Attractive. Parking for 2 vehicles at Beach Access sign. Overlooked by 1 residence.,Launch Site,48.78898,-123.31513,-13727377.735,6239130.664
Port Browning Marina,Commercial,Private,10,See launch site nearby for details.,"Camp in grass field adjacent to pub, restaurant with some trees at perimeter. Individual or 2 group sites, all reservable. Fees (2023) individual orchard site for up to 2 tents $65. Group site for 3-4 tents $90-135. Lower shoulder season rates. Flush toilets, showers. Ph (250) 629.3493. See: <a href="https://www.portbrowning.ca/camping/" target="_blank" style="color:blue">Port Browning Marina and Resort</a>. Ten minute walk to grocery store, pharmacy, liquor, hardware, bakery.","Pub, restaurant, marina, parking. laundry. Kayak rentals adjacent, guiding outfitting. 10 min. walk to shops: grocery, pharmacy, liquor, hardware, bakery.",Private or Commercial,48.77609,-123.27436,-13722839.384,6236954.124
Georgina Point,Day Use,National Park Reserve,n/a,"Sand beach in narrow cove between bedrock ribs. Many drift logs. NW aspect.  Currents, Vessel traffic.","No camping permitted Flushing toilets (summer) or vault toilet (winter). Picnic tables, gazebo.","Water at tap reported, View, historic lighthouse, wildlife viewing, short hiking trails. Day parking only. Road access via Georgina Point Road. Gulf Islands National Park Reserve. See <a href="https://gulfislandsnationalpark.com/gulf-island-parks/georgina-point-mayne-island/" target="_blank" style="color:blue">Georgina-Point</a>",Day Use,48.87362,-123.29019,-13724601.082,6253444.258
Radcliffe Lane,Day Use,Municipal,n/a,20 m of brush at end of paved lane way leads to pebble beach. Drift logs. Adjacent to McMicking Point. Reported easier at high water. Beach partly protected from swell.,No camping permitted.,"Take Hood Lane off Beach Drive, then Radcliffe Lane. Gravel day parking area, max 2 hrs for 3 cars. Lane narrow with no room for street parking. No parking in turn-around.",Day Use,48.41056,-123.30258,-13725980.096,6175431.919
Orchard Avenue,Launch Site,Municipal,n/a,"Pocket beach of pebble, larger rocks lower, Moderately steep  Stairs to beach. Easy access.",No camping. Picnic tables near parking area.,"Parking on the street or better in the marina parking lot next door. Water, restrooms and coffee shop can be found at the marina across the parking lot.",Launch Site,48.42288,-123.30155,-13725866.05,6177497.536
Mariner Way,Launch Site,Public Foreshore,n/a,"Exposed, low gradient sand, pebble beach. NE aspect. Avoid low water. Easy, level beach access from vehicles.",No camping permitted.,View. About 4 similar public access road ends or trails lead off Mariner Way/Shorewood Drive immediately W of Rathtrevor Beach Park. Plentiful day parking. No overnight parking. Residences adjacent to launches.,Launch Site,49.32956,-124.28040,-13834830.755,6330967.137
Cook Park,Launch Site,Regional,n/a,Pebble beach. Easier at mid or high water. Moderate gradient gravel path leads in 30 m to beach.,No camping permitted. 2 picnic tables.,Cook Road leads to Island View Close in residential area. Limited street parking. Cook Park managed by Cowichan Valley Regional District.,Launch Site,48.93393,-123.72748,-13773280.605,6263658.615
Fernwood Wharf,Launch Site,Public Harbour,n/a,"Easy on pebble, gravel, sand, beach of moderate gradient with shallow access steps from road. Optional launch at float at end of long public wharf.",No camping permitted.,"Limited parking on North Beach Road/Walker's Hook Road. Restaurant opposite. Wharf, floats managed by Capital Regional District as a Small Craft Harbour.",Launch Site,48.91538,-123.53407,-13751749.623,6260515.091
Vesuvius,Launch Site,Public Foreshore,n/a,"Easy on sand, gravel beach. W aspect. Directly accessible from road by wooden stairs.",No camping.,"Congested parking on roadsides near junction of Langley & Goodrich Roads. Attractive, swimming. Amenities nearby. Toilet.",Launch Site,48.87859,-123.56976,-13755723.161,6254286.065
Southey Point,Launch Site,Public Foreshore,n/a,"Pocket sand beach between rock fingers. Protected N aspect. Short narrow trail gives access from road, with some steps.",No camping.,"At end of Southey Point Road. Limited parking at road end. Attractive, view. Swimming.",Launch Site,48.94270,-123.59382,-13758400.84,6265144.607
McMorran Park,Launch Site,Regional,n/a,Concrete ramp from road to beach. Moderate gradient sand beach. E aspect.,No camping.,View. Attractive. Toiiets. Playground. Amenities nearby. Parking on Cordova Bay Road.,Launch Site,48.52135,-123.36659,-13733106.514,6194031.914
Gloria Place,Launch Site,Regional,n/a,Sand beach. E aspect.,No camping,View. Attractive. Amenities nearby.,Launch Site,48.51953,-123.36661,-13733108.317,6193725.125
Southview Road,Day Use,Regional,n/a,"Exposed sand, gravel beach. S aspect.",No camping permitted.,Southview Road off Hwy 101. Beach access signed with trail provided by qathet Regional District from roadside parking.,Day Use,49.91587,-124.64496,-13875413.945,6431719.323
Sturt Road west,Day Use,Regional,n/a,"Exposed gravel, cobble, boulder beach. S aspect.",No camping permitted.,Park at Sturt Road or Hwy 101. Close to boat ramp but around a bluff so not accessible from there.,Day Use,49.91891,-124.65181,-13876175.927,6432244.22
Sturt Road Boat Launch,Launch Site,Regional,n/a,Exposed concrete boat ramp.,No camping permitted.,End of Sturt Road off Hwy 101.,Launch Site,49.91605,-124.64802,-13875753.736,6431749.179
Island View,Campsite secondary,Regional,40 +,See Island View Beach launch site. More sand than at day launch area.,"Vehicle accessible campground for RVs, tents. No reservations. Open from Victoria Day May long weekend to Labour Day Sept long weekend. $15 per night tenting fee (2018). Tents in section farthest from beach - approx. 150 m. Portable toilets, picnic areas, group fire ring.",Water at taps. Walking trails. 48 ha. Dunes. Birding. View. See: <a href="https://www.crd.bc.ca/parks-recreation-culture/parks-trails/find-park-trail/island-view-beach" target="_blank" style="color:blue">Island View Beach Regional Park</a>.,Campsite,48.57506,-123.36898,-13733372.434,6203062.791
Maquinna,Campsite secondary,Marine Provincial Park,4,"This cove is very protected. When approaching from the south, there appeared to be boomers and rocks near the entrance, but there was open access into the cove and the kelp beds keep the surf down; better access is from the north side of the cove; the south side has more rocks.",Good refuge with a moderately sloped beach and pebble beach or upland camping for at least 4 tents. There is a good creek at the south end of the cove.,See: <a href="https://bcparks.ca/maquinna-marine-park/" target="_blank" style="color:blue"></a>,Campsite,49.36308,-126.29352,-14058930.337,6336694.539
Daniel Point Ɂayalus,Day Use,Regional,n/a,Rough bedrock foreshore with small beach.,No camping permitted.,Rest stop or safety stop at small Regional Park 1.4 ha. Undeveloped beach access. 4190 Orca Road. From Irvines Landing Rd. turn right onto Lee Rd at 800 m turn left onto Orca Rd. View. Steep 2.5 km (or less) trail from road. Ɂayalus means lookout in shashishalhem. the Sechelt language. This word can refer to ‘keeping an eye out’ for someone or something that is expected.,Day Use,49.63859,-124.07161,-13811588.692,6383919.202
Pacifica Paddlesports,Launch Site,Private,n/a,"The Swartz Bay/ Canoe Cove shop gives access to the southern Gulf Islands for a variety of single or multi-day trips. They have an easy launching ramp which costs $5 a day. People can drive down to the shop, at the front end of E dock, and can get a parking pass to display in their window. Reported May 2024 that  launch site is opens in May when their office is open at the marina. Their ramp is closed when the shop is closed, leaving only dock launching and the dock is rather high.  ",No camping.,This is also access to the Salish Sea Marine Trail. Enjoy! <a href="https://www.pacificapaddle.com" target="_blank" style="color:blue">Pacifica Paddlesports</a>. Open from 9 am to 5 pm.,Launch Site,48.68314,-123.40572,-13737462.089,6221266.352
Cabin Point Beach,Day Use,Regional,n/a,"Protected gravel beach, moderate gradient. SW aspect.",No camping permitted. No fires.,Extensive hiking trails. Interesting shoreline. Sea caves nearby. See: <a href="https://www.crd.bc.ca/parks-recreation-culture/parks-trails/find-park-trail/east-sooke" target="_blank" style="color:blue">East Sooke Regional Park</a>. Operated by Capital Regional District.,Day Use,48.32341,-123.66891,-13766759.932,6160828.261
Osborne Bay Beach,Day Use,Regional,n/a,"Easy landing on protected sand, shell, gravel, pebble beach. NE aspect. Move boats to upland to give room to other beach users.",Picnic area.,"Road access from Trans-Canada Highway (from Duncan) turn E on Herd Road, L onto Osborne Bay Road, R on Adelaide Street / Smith Road, bends to right, or (from Nanaimo) Turn E off Trans-Canada Highway on Chemainus Road, turn L on Crofton Road, turn L on Chaplin Road, R on York Street, Lt on Adelaide Street / Smith Road, bends right. Parking. Close to amenities. Osborne Bay Regional Park, Cowichan Valley Regional District. 25 ha. Long access trail to small 6 - 8 vehicle parking lot. Swimming. Trails. Formerly Morton family farm. See <a href="https://www.cvrd.bc.ca/122/Osborne-Bay-Park" target="_blank" style="color:blue">Osborne Bay Regional Park</a>",Day Use,48.85782,-123.61781,-13761071.529,6250770.564
Clo oose,Emergency Pullout,IR,n/a,Sand beach. S aspect. Mostly well-protected. Moderate shelter in heavy W swell conditions. Follow N along narrow rock reef to W corner of bay. ,Any planned landing visit requires prior permission of Ditidaht Nation. ,"Seasonal stream. Water year-round at Cheewhat River accessible overland but likely brackish until far above footbridge. 3 old cabins near stream at E end believed not regularly inhabited. Landing or camping on the West Coast Trail is not permitted and could result in fines, except in emergency situations.",Emergency Pullout,48.66142,-124.82525,-13895483.079,6217604.751
Holland Point,Launch Site,Municipal,n/a,"Exposed sand, gravel beach. S aspect. Easy stair, ramp access to beach from road.",No camping. Toilets on Dallas Road adjacent to pond.,"Street parking with no posted restrictions. Mile 0 monument, Terry Fox statue 300 m to NE. City of Victoria park.",Launch Site,48.40902,-123.37287,-13733805.1,6175172.268
Retreat Cove,Launch Site,Regional,n/a,"High float at public dock in sheltered cove. Sheltered by island from NW. Small beach immediately E of wharf appears public, might offer easier sea access.",No camping.,End of Retreat Cove Road. Limited parking on road before turn-around area. Wharfinger Kiyoshi Okuda 250.539.5557 (2017). Operated by Capital Regional District as a Small Craft Harbour. No known nearby services. Easier launch areas might be nearby.,Launch Site,48.94008,-123.50122,-13748092.889,6264700.875
Spanish Hills,Day Use,Regional,n/a,"Public dock with high float. W aspect. No easy nearby beach access on sandstone ledges, steep rock shores.",No known camping. Toilet near Community Hall.,Just off Porlier Pass Road. Also known as North Galiano dock. Roadside parking for 10-15 vehicles. Community Hall 150 m N. Spanish Hills Wharfinger Dan White 604.230.8115. Boat access to smaller islands. Water taxi service on demand.,Day Use,48.99474,-123.58442,-13757354.905,6273968.861
Miracle Beach,Campsite secondary,Provincial Park,200 +,"Low gradient sand beach, cobble at high water, rocky patches. NE aspect.",Developed vehicle access campground. Gravel drive-in sites approx 350 m or more from beach. Wheels advisable. Pit and flush toilets. Group sites. Hot showers. Picnic shelters. <a href="https://camping.bcparks.ca/" target="_blank" style="color:blue">Reservations recommended</a>. Limited services in winter.,"137 ha. Water at taps. Parking. Nature house. Swimming, change room. See: <a href="https://bcparks.ca/miracle-beach-park/" target="_blank" style="color:blue">Miracle Beach Provincial Park</a>.",Campsite,49.84871,-125.09776,-13925818.542,6420116.998
Manzanita Road,Launch Site,Road end right of way,n/a,Beach of small cobble 50 m long. S aspect. Drift logs. Mostly protected. Vessel traffic. Very short trail to road.,"No camping permitted. Rustic bench, tarp frame.",Large gravel turn area with parking at road end. Path from road to shore approx. 15 m. Private land posted on both sides of public road end.,Launch Site,50.06587,-124.92321,-13906388.426,6457691.536
Sombrio Beach east,Campsite secondary,Provincial Park,unknown,Aim for the NW corner of small bay keeping large rock just on left side. Preferable landing to river mouth in surf conditions. Exposed rock shelf at water levels below 1 m makes landing more difficult. See image for route.,"Beach sites. Toilet. Food storage bin. Dispersed camping permitted on beach only. Camping fees apply year-round. May pre-pay permit via Internet, but no reservable sites. Fee $10.00 per adult per night (2018) via BC Parks Backcountry Registration System.",Water at stream about 50 m E of landing. Beach often used by hikers. Quieter than beach to W. Lies on Juan de Fuca hiking trail. See: <a href="https://bcparks.ca/juan-de-fuca-park/" target="_blank" style="color:blue">Juan de Fuca Provincial Park</a>.,Campsite,48.49400,-124.29622,-13836591.584,6189435.875
Hardy Island,Dispersed site secondary,Marine Provincial Park,2 - 3,Bedrock ledges at entrance to sheltered cove.  Rough beach with sharp rocks to 200 mm. ,Undeveloped. No developed trails. Limited number of small level walk-in sites on rock ledges in bluffs. Main tent site sometimes used by paddlers lies above E tip of Musket Island.,"Anchorage, Provincial Boat Haven. Most of 17 ha park lies on Hardy Island. Small Musket Island is separated from Hardy Island only at mid or higher tide. Aka Musket Island. Popular with boaters for swimming, viewing, diving, fishing, wilderness camping. Not set up for paddlers. See <a href="https://bcparks.ca/hardy-island-marine-park/" target="_blank" style="color:blue">Hardy Island Marine Provincial Park</a>",Dispersed Site,49.72755,-124.21250,-13827272.25,6399225.315
Shelter Point,Campsite primary,Regional,50 +,"Two long beaches 2 km. Sheltered but low gradient S and open, steeper W aspects. Sand, gravel. Concrete boat ramp, second unpaved ramp.","Developed in 2 locations for RVs, tents. Picnic tables, shelter, fire pits, showers, flush toilets, playground. Some sites close to beach. 2 group sites reservable, others not. Some facilities open only mid April – mid October. Fees charged. Gates locked at night. On-site caretaker 604 486-7228 or email shelterpointpark@qathet.ca",Potable water. Boat launches. Parking. Nature trail. Food sales concession (seasonal). qathet Regional District Park. See: See <a href="https://www.qathet.ca/services/parks-and-recreation/regional-parks-campgrounds/shelter-point-regional-park-campground/" target="_blank" style="color:blue">Shelter Point Regional Park</a> ,Campsite,49.65417,-124.46667,-13855565.958,6386597.63
Francis Bay,Day Use,Provincial Park,n/a,Small gravel beach or rock ledges in sheltered cove. ,Day use only. No camping permitted.,Francis Point Park over 80 ha. W peninsula Moore Point is Ecological Reserve with no entry permitted. Possible launch site. Also called Middle Bay. Hiking trails. Road access at Merrill Road approx 0.4 km. Close to residential area. See <a href="https://bcparks.ca/francis-point-park/" target="_blank" style="color:blue">Francis Point Provincial Park</a>,Day Use,49.61160,-124.05675,-13809934.24,6379281.542
Shingle Beach,Campsite primary,Provincial Recreation Site,20,"Easy on moderately steep gravel beach, exposed to S, SE. ","Developed. Upland sites near beach with tables mainly intended for RVs. Pit toilets. Picnic shelters, other structures. Campsite summer host. Camping, parking fees $18/site/per night (2023). Reserve up to 60 days ahead. ",Water at tap. View. Attractive. Parking. Cliffs adjacent. See: <a href="https://westcoastcamping.ca/" target="_blank" style="color:blue">Shingle Beach Campground</a>,Campsite,49.57513,-124.32953,-13840300.337,6373018.963
Partington Point south,Day Use,Provincial Park,6,Easy on moderate gradient gravel beach W aspect. Alternate rougher beach with SE aspect. Sabine Channel known for high wind.,Undeveloped. Camping not currently sanctioned by BC Parks. Potential camping on level upland in open forest or on upper beach on gravel. Large site on spit under Mt Shepherd. Rustic kitchen area.,Attractive. Views. Seasonal creek reported at N end of bay. See <a href="https://bcparks.ca/south-texada-island-park/" target="_blank" style="color:blue">South Texada Island Provincial Park</a>,Day Use,49.52305,-124.19813,-13825672.4,6364082.416
Boulder,Day Use,Provincial Park,4,Easy on small pebble or gravel beach at all tide levels. SW aspect. Rock bluff at S end. Giant boulder landmark.,"Mostly sloping site. Several undeveloped sites on grass among alder trees. Some debris, remains of cabins. Some logging debris.",Water at year-round creek. Possible inland access on old industrial road. Appears to have once been a log dump. See <a href="https://bcparks.ca/south-texada-island-park/" target="_blank" style="color:blue">South Texada Island Provincial Park</a>,Day Use,49.50838,-124.17342,-13822921.517,6361567.815
Smuggler Cove ,Day Use,Marine Provincial Park,6,"Very protected cove has small rough beach at head. Gravel, cobble. Boats must be lifted up awkward 1.5 - 2 m bank for stowage.",No camping permitted. Toilet at park road entrance approx 500 m - 700 m from landing.,Popular anchorage. Possible fresh water sources at adjacent beaver ponds if purified. Some short hiking trails. 700 m approx from parking lot. Long term parking permitted. See <a href="https://bcparks.ca/smuggler-cove-marine-park/" target="_blank" style="color:blue">Smuggler Cove Provincial Marine Park</a>,Day Use,49.51112,-123.96110,-13799286.063,6362037.339
Brooks Cove,Launch Site,Municipal/Regional,n/a,"Small mixed beach in protected cove. S aspect. Some drift logs, bedrock, Soft mud clam bed at low water. Easiest at mid - high water levels. Short carry from vehicle.",No camping permitted. ,Easy vehicle access at Brooks Rd. Parking at roadside signed No overnight parking or 150 m away at Smuggler Cove trail head - overnight status unknown. Area of residences.,Launch Site,49.50955,-123.94755,-13797778.151,6361767.831
Pebbly Beach South Thormanby,Campsite secondary,Marine Provincial Park,4,"Easy on protected smooth pebble, gravel beach of moderate to steep gradient. Some broken cobble at low water. E aspect. Drift logs can impede landing at very high water above 4.4 m. Prominent park sign. Vessel traffic, currents in adjacent Welcome Passage. Beware of ship wash.",Undeveloped site. Small uneven grassed area among alders. Hammock opportunities. Picnic table. Tends to be damp. E aspect so shaded after noon.,Attractive. Extensive hiking trails including loop to Spyglass Hill. See <a href="https://bcparks.ca/simson-park/" target="_blank" style="color:blue">Simson Provincial Park</a>,Campsite,49.49676,-123.96233,-13799423.453,6359574.837
Farm Bay,Campsite primary,Marine Provincial Park,10,"Easy on moderate gradient broken cobble, pebble beach in narrow cove.  Slightly exposed SE aspect. Well protected from other directions. Many drift logs, flotsam potentially awkward at high water. Prominent white park 'dogwood' sign to N on low cliff near cove entrance. ","Campsite in roomy, grassy upland along former roadway, but sloped. Picnic table. No fires permitted but sign no longer present (2024). Hammock opportunities nearby. ",Attractive. Water year-round at beaver pond 200 m NW. Wildlife viewing. Potential additional tent sites at adjacent former farm site near Park kiosk. Extensive hiking trails. See <a href="https://bcparks.ca/simson-park/" target="_blank" style="color:blue">Simson Provincial Park</a> Also known as Alder Bay.,Campsite,49.47630,-123.95928,-13799083.929,6356069.395
Simson Central,Dispersed site primary,Marine Provincial Park,7 - 10,Easy on moderate gradient large protected beach of small rocks. Protected E aspect. Many drift logs. Rough trails cross small marsh behind beach in front of upland.,"Slightly lumpy sloping grass meadow, old roadbed offers several sites subject to minor levelling. Some drainage flows through site. Hammock opportunities. One high bluff tent pad. Numerous hazardous dead alder snags suggest avoiding during high winds.","Attractive. Water at seasonal stream. Extensive hiking trails throughout Park, including to Spyglass Hill. See <a href="https://bcparks.ca/simson-park/" target="_blank" style="color:blue">Simson Provincial Park</a> Also known as Drift Bay,",Dispersed Site,49.48792,-123.96026,-13799193.022,6358060.408
Home Bay Jedediah Island,Campsite primary,Marine Provincial Park,6 - 8,"Easy on firm mud with fine sand at top in protected cove. To avoid drying mudflats with embedded oysters, time landings for water levels 2.0 m or higher.","Dispersed camping permitted on roomy, grassy site. 2 semi-developed sites, one near beach SE of orchard, one near orchard, homestead. Possible overflow sites nearby. Composting toilet. Camping fees apply 15 May to 15 September. May pre-pay permit via Internet, but no reservable sites. Fee $5.00 per person per night (2024) via <a href="https://camping.bcparks.ca/" target="_blank" style="color:blue">BC Parks Backcountry Registration</a>.","Anchorages. 3.5 km of hiking trails. Historic farm, orchard. Feral sheep. Warm water swimming. Aka Sand Beach. See <a href="https://bcparks.ca/jedediah-island-marine-park/" target="_blank" style="color:blue">Jedediah Island Provincial Marine Park</a>",Campsite,49.49700,-124.19456,-13825275.401,6359616.366
Sea Egg Cove,Day Use,Crown,2 - 4,"Easy on pebble, gravel beach at high water Cobble at low water. Protected from SE, NW. Many drift logs. Ship wash. Rock cliff on W side of site.","Undeveloped. 3 or 4 beach sites at most tides. Steep upland offering potential small tent sites requiring levelling, brushing on cliff top or mossy shelves. Hammock opportunities.",View. ,Day Use,49.46178,-124.32025,-13839266.925,6353582.714
Friendship Park,Launch Site,Municipal,n/a,"10% slope, gravel, pebbles to 75 mm, drift logs. Exposed S aspect. Smooth concrete car-top boat ramp to beach  from sea wall.",No camping.,"Easiest of many other access points. Paved walkway. Short term 2 hr parking nearby. Toilets. Playground. Benches, picnic tables, shelter. Accommodation, fuel nearby , provisions, services. Pedestrian pier. Portage across town to Porpoise Bay. District of Sechelt municipal park.",Launch Site,49.47073,-123.75435,-13776271.604,6355115.949
Roberts Creek Park Access,Launch Site,Provincial Park,n/a,"10 deg slope, low tide 150 mm cobbles, high tide 50 mm gravel, bedrock formation provides some shelter from S, W, and N waves at some tide levels.",Developed campground is 1.4 km from landing beach directly up Park Ave.,"Pit toilets, water. See <a href="https://bcparks.ca/roberts-creek-park/" target="_blank" style="color:blue">Roberts Creek Provincial Park</a>",Launch Site,49.43015,-123.67321,-13767239.107,6348166.63
Mermaid Cove,Campsite primary,Provincial Park,40 +,"Rocky beach. Paddlecraft may be launched at protected small ramp designed for disabled scuba divers giving water access approx 70 m from vehicle access. Nearby small cove also suitable, even more protected. S aspect. Vehicle access close to shore for boat pick up or drop off.","Most sites set up for vehicle camping. Pit toilets, showers, change rooms. 15 sites may be reserved 1-800-689-9025. Fees charged.","View. Water at 5 taps in summer only. Walking trails. Wildlife viewing. Popular with scuba divers. Underwater bronze mermaid statue. Separate day use area, boat ramp, 1.5 km to W. Aquaculture operation close by. See <a href="https://bcparks.ca/saltery-bay-park/" target="_blank" style="color:blue">Saltery Bay Provincial Park</a>",Campsite,49.78092,-124.19037,-13824808.416,6408420.964
Plumper Cove Keats Island Chaich-Ph,Campsite primary,Marine Provincial Park,20 +,"Easy on small sheltered gravel beach adjacent to numerous floats, dock. S aspect. Landing option on beach with N aspect. Stowage for portable boats at beach top. Access up bank easier on N beach.","Developed sites of packed soil, gravel in open treed area with central grass clearing. 5 sites are large. Fire rings, picnic tables. 4 pit toilets. Reservable group site also available. Some sites have S exposure, others on N slope. Mostly shaded. Fees charged.$16 per night per party (2023). Resident attendant. Winter camping with reduced services. Separate picnic area,","Water at hand pump seasonally. Large dock, anchorage, mooring buoys. Swimming. 2 km hiking trail to small seasonal store, foot ferry, dock at Keats Landing. Squamish (Coast Salish) name Chaich-Ph. See <a href="https://bcparks.ca/plumper-cove-marine-park/" target="_blank" style="color:blue">Plumper Cove Marine Provincial Park</a>",Campsite,49.40471,-123.47087,-13744714.387,6343813.702
Halkett Bay Ch’á7elsem,Campsite primary,Marine Provincial Park,8 - 12,"On W shore 200 m before head of protected bay. Low water access on E side of rock islet. Beach of sand, gravel pebble beside dock at high water, gravel, cobble to 100 mm S of creek. Some mud, mixed rocks at low water. S aspect. Park dock, float if present gives good access but not adjacent to sites.","Developed sites some on 8 wooden platforms in semi-open meadow with sword ferns, grass. Pit toilet. Some picnic tables. Food storage bin. No fires. Some additional sites muddy in wet weather. Several unsanctioned overflow sites also regularly used. Camping fees apply year-round. May pre-pay permit via Internet, but no reservable sites. Fee $5.00 per person per night (2025) via BC Parks Backcountry Registration System.",Water at small waterfall at seasonal creek 5 min uphill from camp. Attractive. Extensive hiking trails. Dinghy dock under repair or removed 2025. Anchorage. Squamish (Coast Salish) name Ch’á7elsem. See <a href="https://bcparks.ca/halkett-bay-park/" target="_blank" style="color:blue">Halkett Bay Provincial Marine Park</a>,Campsite,49.45475,-123.32703,-13728702.548,6352378.189
Porteau Cove Xwáŵchayay,Campsite primary,Provincial Park,15 +,"Easy on mud, sand, rubble in sheltered cove or on exposed cobble, pebble outer beach. Lirrle or no foreshore at high water. See also Porteau Cove launch site description. ","Developed campground, reservations strongly recommended, walk-in sites 100% reservable. Toilets, picnic tables, shelter, fire pits, benches, showers, changing room.","Water at taps. Parking. Views. Noise from adjacent railway, highway. Anchorage. Short hiking trails. Squamish (Coast Salish) name Xwáŵchayay. See <a href="https://bcparks.ca/porteau-cove-park/" target="_blank" style="color:blue">Porteau Cove Provincial Park</a>",Campsite,49.55213,-123.23718,-13718700.625,6369070.058
Bold Head Pekwesqan,Campsite secondary,Marine Provincial Park,9,Difficult landing in bay to W with exposed SW aspect on small boulders or to SW (also SW aspect) on rock ledges or boulder beach of peninsula under Bold Head cliffs. May be difficult in W wind.,"9 raised wooden tent platforms on clear level areas on rock headland. Vault toilet. No fires. Exposed to W. Camping fees apply 1 June to 15 September. Either pre-pay permit via Internet or at Lund or Okeover launch sites, but no reservable sites. Camp only at designated sites.",View. See <a href="https://bcparks.ca/desolation-sound-marine-park/" target="_blank" style="color:blue">Desolation Sound Marine Provincial Park</a>,Campsite,50.11577,-124.71906,-13883661.951,6466348.941
Curme Islands east,Campsite primary,Marine Provincial Park,8 - 12,"Moderate on rock shelf, small beach in central drying cove between W, E islands. Reefs.","12 wooden tent platforms on rocky shelves among low bluffs. S or E aspect. Toilet, picnic area. No fires permitted. Foot access at low and mid tides only to West Curme Island. Camping fees apply 1 June to 15 September. Either pre-pay permit via Internet or at Lund or Okeover launch sites, but no reservable sites. Camp only at designated sites.",View. See <a href="https://bcparks.ca/desolation-sound-marine-park/" target="_blank" style="color:blue">Desolation Sound Marine Provincial Park</a>Park Operator: 1312768 BC Ltd email DesolationSound.Camping@outlook.com,Campsite,50.11670,-124.74489,-13886538.101,6466510.999
Tenedos Bay Kumken,Campsite primary,Marine Provincial Park,8,Easy on mixed beach in protected bay. W aspect. Cleared boat run. Beach largely floods at Springs.,"Protected all weather site. 3 raised wooden tent platforms, cleared grass areas. Vault toilet. Picnic area. Fire rings. Interpretive sign. Suitable for group. Camping fees apply 1 June to 15 September. Either pre-pay permit via Internet or at Lund or Okeover launch sites, but no reservable sites. Camp only at designated sites. Food cache above the tent platforms on the right.",Year-round stream flows nearby. Short hiking trail to lake swimming. Popular anchorage. See <a href="https://bcparks.ca/desolation-sound-marine-park/" target="_blank" style="color:blue">Desolation Sound Marine Provincial Park</a>,Campsite,50.12382,-124.68900,-13880316.277,6467746.562
Hare Point Maseqw,Campsite primary,Marine Provincial Park,15 +,"Easy on 2 sheltered rough beaches of pebble, larger stones on W (SW aspect) and E (SE aspect) sides of small peninsula. E side with boat run, smaller stones usually preferred. Strong currents, turbulence at tide changes.","17 wooden tent platforms. 2 toilets. Picnic area. No fires. Camping fees apply 1 June to 15 September. Either pre-pay permit via Internet or at Lund or Okeover launch sites, but no reservable sites. Camp only at designated sites.",View. Also known as Maseqw or Purple Urchin. See <a href="https://bcparks.ca/desolation-sound-marine-park/" target="_blank" style="color:blue">Desolation Sound Marine Provincial Park</a>. Sometimes overcrowded.,Campsite,50.06102,-124.78849,-13891391.542,6456850.751
Feather Cove,Campsite primary,Provincial Park,9,"Easy on beach of angular cobble at low water, smoother pebble above. Gentle gradient. Exposed to N but otherwise protected. N aspect.","Sites in trees with 9 tent platforms on E headland. Metal food bin. Toilet. No fires. Beach camping possible also at neaps only. Camping fees apply 1 June to 15 September. Either pre-pay permit via Internet or at Lund or Okeover launch sites, but no reservable sites. Camp only at designated sites.",Site shared with branch of Sunshine Coast hiking Trail. See <a href="https://bcparks.ca/malaspina-park/" target="_blank" style="color:blue">Malaspina Provincial Park</a>,Campsite,50.06321,-124.82061,-13894966.523,6457230.754
Wishart Whale Tail,Informal site secondary,Crown Conservancy,3,"Sheltered bays around whale-tail-shaped isthmus. Various easy approaches onto low gradient pebble, mud or clam bed beaches. Drift logs. ","Sheltered, undeveloped. Pebbly upper beach sites for 2-3 tents at Neaps but unreliable at Springs. Easy upland access but dense vegetation. Possible upland sites if brushed. Hammock opportunities. Other tent sites might be found nearby with more searching. Possible camp at neck of isthmus. Wishart Island reported to have a R Washburne cabin - location, condition unknown.",See <a href="https://bcparks.ca/mahpahkum-ahkwuna-deserters-walker-conservancy/" target="_blank" style="color:blue">Mahpahkum-Ahkwuna/Deserters-Walker Conservancy</a>.,Dispersed Site,50.87269,-127.48051,-14191065.771,6598804.244
Boyles Point,Informal site primary,Provincial Forest,2 - 5,"Land on 25 m band of sand at centre beach of long bay N of point. Cobble, boulders to 30 cm at sides or at mid or high water. Enter bay to E of boomer. Reefs give some protection from E, otherwise well sheltered. Strong currents in Wells Passage. Abundant drift logs. Paddlers may prefer to land at hung small float marker nearer rocky point for easier high water tent site access.",Upland site for 2 tents 30 m behind point or rock bluff at S end of beach. Look for hung float. Additional small upland sites in forest 50 m -100 m further N if brushed of salal. Drift logs hinder access. Some users have camped on flat rock ledges to W of point.,"1 NM to N, Kenneth R in Kenneth Bay offers possible water source, but access not verified.",Informal Site,50.81872,-127.01538,-14139287.792,6589289.236
Cattle Islands,Dispersed site primary,Provincial Recreation Site,8,"Easy on shell, sand beach W aspect.","Sheltered, undeveloped. Large forested upland site reached from S end of beach along shell trail. Suited to small groups. Additional beach camping except at Springs. Hammock opportunities.",Attractive but beach visible from Fort Rupert 0.8 NM away. Shellfish aquaculture floats offshore nearby. ,Campsite,50.71399,-127.40597,-14182767.927,6570856.425
Bere Point,Campsite secondary,Regional,30 +,"Moderate to steep cobble beach. Drift logs, kelp.",Developed site set up for RVs. Picnic tables. Pit toilets. Reservations accepted. The Mamalilikulla prefer this site not to be shown to the public for archaelogical reasons.,"Non-potable water at tap. Boat launch (high water only). Hiking trail to whale rubbing beach, viewing platform. Hydrophones. Regional Park of Mt Waddington Regional District. See <a href="https://www.rdmw.bc.ca/regional-services/parks/bere-point-campsite" target="_blank" style="color:blue">Bere Point Regional Park</a>",Campsite,50.66733,-127.05367,-14143549.481,6562658.463
Graeme Point north,Informal site secondary,Crown,unknown,Cobble beach. Exposed. Fairly steep. Kelp.,Many possibilities along beach berm.,No comments.,Informal Site,50.65154,-127.14760,-14154005.531,6559884.363
Graeme Point,Informal site primary,Crown,unknown,Cobble beach. Exposed. Fairly steep. Kelp.,Many possibilities along beach.,No comments.,Informal Site,50.63908,-127.16288,-14155707.417,6557698.347
Penn Islands central,Informal site secondary,Crown,2 - 5,"Moderate on rough boulder beach with low to medium slope, reefs. Pebble, smaller 10-20 cm angular cobble in broad band with oysters at lower water. Larger 20-30 cm angular cobble at high water. W aspect. Exposed to W, S",2 upland sites at centre bay if brushed. w possible upper beach sites at neaps. NE side has further potential. 1-2 additional sites possible with second beach access. Small sites on mossy rock bluffs. ,"View. Old cabin, garbage present (2023).",Informal Site,50.18347,-125.02368,-13917572.762,6478109.876
Browns Bay,Launch Site,Private,unknown,Busy small boat marina with fuel dock. Boat ramp.,"Commercial campground, mostly RVs with tenting on small grass point.",Staging for Seymour Narrows. Marina. Aka Brown's Bay Resort. CHS charted as Brown Bay. Pay parking. Good gravel road connects to highway.,Launch Site,50.16177,-125.37625,-13956820.308,6474338.259
Waiatt Bay,Dispersed site secondary,Provincial Park,2 - 3,"Easy on low gradient pebble, shell clam bed beach. Cobble at high water. Sheltered. Long carry at low water,",Some camping use. Small forest clearing. Undeveloped user-maintained wilderness site. ,Water at creek. Attractive. Trail to lake. Heavy day use. Staging for portage to Small Inlet. View. Beach fires are banned all year round. See <a href="https://bcparks.ca/small-inlet-marine-park/" target="_blank" style="color:blue">Small Inlet Marine Park</a>.,Dispersed Site,50.26292,-125.25950,-13943823.757,6491933.5
Shark Spit,Informal site secondary,Private,15,"Easy on sand, pebble. SE side preferred as conditions permit. Long carry at low water, especially from NW side. Currents.","Undeveloped beach site tides permitting or grassy upland in trees. Pit toilet. No fires. Camp furniture. 2 picnic tables. When occupied, some paddlers have camped further S on same shore, also nearer to W shore.",Camping by paddlers tolerated by generous landowner to date (2024). Significant local use. Please make every effort to camp responsibly adhering to Code of Conduct.,Private or Commercial,50.08697,-125.04492,-13919936.453,6461350.586
We Wai Kai,Commercial,First Nation,50 +,Easy on low gradient protected pebble beach. Long carry at low water.,"Developed commercial campground. Waterfront serviced sites for RVs etc. Toilets, showers, water at taps. Office, further sites across road from beach.","Adjacent to Rebecca Spit Provincial Park. Trails, other nearby facilities. See <a href="https://wewaikaicampsite.com/" target="_blank" style="color:blue">We Wai Kai Campsite</a>. Owned and operated by the Cape Mudge Indian Band (We Wai Kai Nation). Fees charged. Beach fires are banned all year round.",Private or Commercial,50.09002,-125.18467,-13935494.243,6461880.652
Rock Bay,Launch Site,Private,unknown,"Easy, sand beach or concrete boat ramp with cobbles at low water. Docks, large protecting floating breakwater.",Developed RV campground. Limited tenting sites. Toilets. No water available. Contact Rock Bay to confirm tenting availability (778) 744-3218.,Secure parking available. No access to small Provincial Park which is along rocky shoreline to S. Rock Bay reached over 18 km logging haul road from North Island Highway. (Hwy 19).,Launch Site,50.33281,-125.48707,-13969156.99,6504113.556
Wa Wa Kie Beach,Day Use,Provincial Forest,n/a,Moderately easy on exposed rough cobble beach with some boulders. Landing offers some protection at mid or higher tides. E aspect.,No camping permitted. Undeveloped.,View. Staging for Cape Mudge. Public beach access at 2 road ends N of Smiths Rd. Kay Dubois hiking trail parallels shore. Possible launch site. Limited parking. Beach fires are banned all year round.,Day Use,50.04415,-125.16890,-13933738.211,6453925.357
Mels Beach,Campsite secondary,Crown (Hanson Island Lease),1 - 2,"Easy, on protected moderate gradient cobble, pebble beach in protected bay. N aspect.","Undeveloped. Gloomy, damp but spacious. 1 tent site in upland second growth forest. Second site requires brushing. 2 or 3 additional sites overgrown (2021). Minor brushing could yield more tent sites. Larger sites on E side. Possible beach camping. Suited to hammocks. Sites littered with debris. Many trees reported to be rotten so camping could be hazardous in windy conditions.",Water at seasonal creek. Hiking trails crossed island but reported to be impasable. Whale watching. Bay known as Dong Chong Bay. One of the 4 sites on Hanson I sanctioned by Yukusam Heritage Society for public use. Logging relics. Messy with abandoned boat gear that was to be removed by YHS/Namgis 2014 but still present 2021.,Campsite,50.57753,-126.72882,-14107387.344,6546901.756
Potts Lagoon,Informal site primary,Provincial Forest,4,"Easy in sheltered bay except at low water. Rocks at high water, sand, mud at low.",Upland forest site. Access up steep bank with rope to assist on E side of bay. Alternate access via rocks 20 m to N. Fire ring.,Ecologically interesting. Anchorage.,Informal Site,50.56487,-126.45375,-14076767.059,6544681.637
Paddlers Inn Broughton Archipelago,Commercial,Private,none,Low floats.,"No camping but several opportunities nearby. Float house self catering lodge, small cabin and shore sited cabin available for rent. Shower, flush toilet.","The main goal of the Paddlers Inn is to provide their clients with the beauty of the BC coastline combined with comfortable, safe experiences. Mostly easy and interesting paddling, comparatively safe for beginners. Phone: 250-230-0088 or e-mail: info@paddlersinn.ca or website: <a href="https://paddlersinn.ca/" target="_blank" style="color:blue">Paddlers Inn</a>.",Private or Commercial,50.76047,-126.48790,-14080568.62,6579031.931
Kinver Street,Launch Site,Municipal,n/a,Beach in cove well-protected by breakwater. S aspect.,No camping,"At foot of Kinver Street, off Munro Street. Limited street parking. Township of Esquimalt beach access park. Walking access at low water on beach to Fleming Beach.",Launch Site,48.42094,-123.41155,-13738110.526,6177172.975
Fleming Beach,Launch Site,Municipal,n/a,"Small sandy beach or concrete boat ramp in cove well-protected by breakwater. SW aspect. Vessel, vehicle traffic.",No camping.,"Access via Munro Street, off Fraser or Lampson Streets. Parking lot. Esquimalt Anglers Association club house, club-developed boat trailer ramp. Part of, adjacent to Macauley Point Park, Township of Esquimalt. Part of Victoria Waterways Loop - a regional paddling route covering a 8.4 NM with one 950 m portage. Loop has four sections with launch points allowing paddles in any section. See: <a href="https://www.vicwaterloop.ca/" target="_blank" style="color:blue">Victoria Waterways Loop</a>.",Launch Site,48.42041,-123.41091,-13738039.726,6177083.47
Ardwell Avenue,Launch Site,Municipal,n/a,Low gradient beach. E aspect.  Long carry at low water. At low tide you might have to deal with a long muddy walk but at mid to high tide its ok.,No camping. Picnic tables.,E end Ardwell Street. 2 hour parking limit close to launch. Best to unload boats then park vehicle away from street end. 24 hr parking stay limit in Town of Sidney. Busy.,Launch Site,48.66270,-123.40340,-13737203.65,6217821.239
Amherst Avenue,Launch Site,Municipal,n/a,"Short trail, stairs to beach. Firm mud at low water. Suited to all water levels.",No camping. Benches.,"E end of Amherst Avenue. Vehicle turning area. View. 4 hr parking. Advisable to unload at turnaround then park vehicles. 24 hr parking stay limit in Town of Sidney, reported to be rarely enforced (complaint-driven) in residential neighborhoods.",Launch Site,48.65789,-123.39521,-13736291.765,6217011.221
Telegraph Bay Road,Launch Site,Public Foreshore,n/a,"Pebble, sand beach in cove, protected except from N. Scattered boulders at low water. N aspect. Level path from parking to beach gives easy access..",No camping.,At end of Telegraph Bay Road. Parking for 20 - 30 vehicles. Official name appears to be Telegraph Cove - not used because of possible confusion with other coves of that name.,Launch Site,48.46364,-123.28021,-13723490.213,6184338.227
Agate Lane,Launch Site,Municipal,n/a,"Easy beach access. Good launch site. Sand, gravel beach. E aspect.",No camping.,"0.23 hectare Agate Park just off Agate Lane, Saanich. 2 picnic tables, bench. Small parking lot for about 10 vehicles. No overnight parking. District of Saanich.",Launch Site,48.52471,-123.36566,-13733002.675,6194596.513
Hot Springs Cove - ʔupnit,Commercial,"First Nation, Private",10,"Sheltered inlet. Easy at high water at cleared boat run among boulders. Moderate at low water on steep boulder, cobble beach. Boat, float plane traffic. Optional landing near public dock.","Developed campsite with very small rough sites. Tent sites are long walk from public / park dock, beach where some paddlers might prefer to land. Shelter, picnic table. Rough pit toilet, likely unusable. No fires. Fee charged. Site operator suggests using composting toilets in adjacent Provincial Park. Site operator will bring water from village in jugs but only on request. Subject also to Ahousaht Stewardship Fee.",Access fee requested $15 per person for accessing the hot springs along boardwalk. 2 km walk from dock to Hot Springs. Water is available at the adjacent provincial park. Hot springs open to general public from dawn to dusk but permitted commercial operators may only bring guests in 11 am-5 pm. Some hours reserved for Nuu-chah-nulth visits only.,Private or Commercial,49.36335,-126.26472,-14055723.968,6336740.69
Yuquot,Commercial,IR,nan,"Easy landing on sand, gravel beach S of large dock. <a href="https://explorenootka.com/product/yuquot-heritage-site-landing-fee/" target="_blank" style="color:blue">Yuquot Heritage site landing fee</a>.",Developed commercial campground in mowed field and cabin accommodation nearby. Paddlers may camp on upland beside beach. Landing and camping fees. Toilets. <a href="https://explorenootka.com/product/yuquot-camping-rental/" target="_blank" style="color:blue">Yuquot Camping Rental</a>,"Tiny community. Trailhead for Nootka Trail. Other small trails in vicinity. Historic site. Summer freighter service from Gold River, Tahsis. Anchorage - Provincial Boat Haven. Museum in former church. Lighthouse may be visited. Aka Friendly Cove",Private or Commercial,49.59237,-126.62067,-14095348.976,6375977.772
San Josef Heritage Park,Commercial,Private,20,"Steep gravel launch in river maintained by BC Parks.  Advisable to paddle river at high tide. Low water impedes 3 NM channel, can give high surf at river mouth.","NB. Road closure for bridge replacement Sept 2018. Developed. San Josef Heritage Park Campground. Pit toilets, fire pits, picnic tables. Ph. 250-288-3682. Reported (7-2024) The commercial campground near the boat launch has been abandoned and doesn't appear to be a safe place to leave a car anymore.","Water, but not potable. Safe overnight vehicle parking. Fees charged.",Private or Commercial,50.67993,-128.23983,-14275592.942,6564871.724
Esquimalt Gorge Park,Launch Site,Municipal,n/a,Protected sand beach. N aspect.,No camping.,"Part of Victoria Waterways Loop - a regional paddling route covering a 8.4 NM with one 950 m portage. Loop has four sections with launch points allowing paddles in any section. See: <a href="https://www.vicwaterloop.ca/" target="_blank" style="color:blue">Victoria Waterways loop</a>. Gorge is most sheltered section loop but contains sensitive wildlife habitat, tidal rapids at narrows under Tillicum Road bridge.",Launch Site,48.44666,-123.40678,-13737579.665,6181487.303
Pedder Bay,Launch Site,Private,unknown,"Boat ramp, float. Adjacent beach in protected cove.",Full service RV campsite.,"Fee for launching. Approach via Rocky Point Road, Metchosin.",Launch Site,48.34750,-123.57250,-13756027.776,6164862.395
Albert Head,Launch Site,Regional,n/a,"Gravel,  beach. Moderate gradient. SE aspect. Scattered boulders at low water. Some drift logs. Protected from W but exposed to SE, E. Easy access.",No camping permitted.,"Gravel parking lot with room for 10+ vehicles also roadside parking on Delgada Road, Metchosin. Capital Regional District Park. Albert Head Lagoon adjacent - sandbar limits entry to highest tides and is bird sanctuary. %km of gravel beach to NE of site.",Launch Site,48.39600,-123.48880,-13746710.335,6172989.804
Weirs Beach,Launch Site,Public Foreshore,n/a,Sand beach. SE aspect. Many drift logs.,No camping permitted.,Easy access. At foot of Sandgate Road in Parker Bay. Adequate roadside parking.,Launch Site,48.35490,-123.54460,-13752921.962,6166101.953
Chenuh Marina at Spirit Bay,Launch Site,IR,n/a,"Concrete boat ramp, floats behind marina floats in protected cove.",Former commercial campground near launch closed. Paddlecraft launch fee (2023) $10 per kayak. Paddlers must load boats before bringing to ramp - not to be left on ramp prior to/after launch/retrieval. Ph 250-478-3535 Fax 250-478-3585. Email bb.fn@telus.net,"4901-B East Sooke Rd. Sooke. Water at taps. Aka Becher Bay Marina, 365 berths. Owned, operated by Beecher Bay First Nation, also known as Scia’new Nation.",Launch Site,48.33770,-123.60341,-13759468.662,6163221.096
Sioux Place,Launch Site,Municipal,n/a,unknown,No camping.,Parking on Sioux Road; access to Esquimalt Gorge Park; North America's first Japanese garden in park Township of Esquimalt (Park),Launch Site,48.44615,-123.40808,-13737724.848,6181401.395
Whiffin Spit,Launch Site,Municipal,n/a,"Option of inner or outer beaches. Outer beach exposed sand, pebble with cobble small rocks below. Inner beach gravel, silt. Strong currents at E end of spit.",No camping.,"View. Walking trail. Access from Hwy on Whiffin Spit Rd. Paved parking lot for day use only. Local streets may offer additional parking. Part of Whiffin Spit Park, Quimper Park, District of Sooke.",Launch Site,48.35649,-123.72638,-13773158.02,6166367.896
Coopers Cove,Launch Site,Municipal,n/a,Gravel beach floods at high water. Easy carry to beach. Public boat ramp.,No camping.,Located on Sooke Road. Lots of parking.,Launch Site,48.39410,-123.65540,-13765256.162,6172671.265
Bowser Road,Launch Site,Regional,n/a,"Beach of pebble, sand, cobble. Moderate gradient.  E aspect. Easy level access to parking. Rough trailer boat launch.",No camping permitted.,Limited street parking. Public beach access managed by Regional District of Nanaimo.,Launch Site,49.43465,-124.66478,-13877620.052,6348936.98
Willows Beach,Launch Site,Municipal,n/a,Sand beach in semi-protected bay. SE aspect.,No camping. Toilets.,"Water at drinking fountain. Near intersect of Dalhousie Street, Beach Drive. Plentiful street, lot parking. Change rooms, tea room, picnic tables, benches, playground. Walking paths Restaurants nearby. 1.2 ha District of Oak Bay park. The park and beach area get busy during the summer. if you are going to launch do so in the morning. Very safe day use stop.",Launch Site,48.43318,-123.30400,-13726138.493,6179225.507
Oak Bay Marina,Launch Site,"Public Foreshore, Municipal",n/a,"Gravel beach protected aspect immediately NW of marina parking lot with concrete stairs, paved ramp. Alternate, less protected gravel beach, concrete stairs on SE side of marina entrance.",No camping.,Many services nearby. Street parking with no posted restrictions. Private parking at marina.,Launch Site,48.42401,-123.30346,-13726078.158,6177687.894
Selkirk Trestle,Launch Site,Municipal,n/a,Low floating dock down ramp near S end of trestle. Dock serves harbour water taxi cutsomers.,No camping.,"Small boat dock aka Railyard Dock. Some free parking in area, plentiful at weekends. Regatta Point Park, City of Victoria.",Launch Site,48.43716,-123.38191,-13734811.773,6179893.776
McNeil Bay,Launch Site,Municipal,n/a,Moderately steep pebble beach. At high tide there may be surf making landing/launching difficult as waves may wash against concrete wall. Concrete pedestrian ramp to beach from roadway.,No camping.,Approx. location 370 Beach Road. Roadside parking.,Launch Site,48.41320,-123.31330,-13727173.764,6175873.963
Middle Copeland Nuxwum,Campsite primary,Marine Provincial Park,10,"Easy on 2 beaches of gravel, cobble with either NE or SW aspects at opposite ends of small island. Preferred landing is at N tip. S landing has little or no area for boat storage ashore. Vessel traffic in Thulin Passage.","10 tent pads. Vault toilet in centre. Picnic area, table at N end. No fires. Exposed to W. Camping fees apply 1 June to 15 September. Either pre-pay permit via Internet or at Lund or Okeover launch sites, but no reservable sites. Camp only at designated sites.","Attractive, view. Aka Weed Island. View. See <a href="https://bcparks.ca/copeland-islands-marine-park/" target="_blank" style="color:blue">Copeland Islands Marine Park</a>",Campsite,50.01979,-124.81783,-13894657.389,6449703.428
Cadboro Bay,Launch Site,Municipal,n/a,Easy on low gradient sand beach. SE aspect. Long carry at low water.,"No camping. Toilets, playground. Picnic area.",Large parking lot. Cadboro-Gyro Park 6 ha District of Saanich park with beach access. See: <a href="https://www.saanich.ca/EN/main/parks-recreation-community/parks/parks-trails-amenities/signature-parks/cadboro-gyro-park.html" target="_blank" style="color:blue">&lt;Cadboro-Gyro Park</a>,Launch Site,48.45880,-123.29450,-13725080.958,6183525.062
Tudor Beach,Launch Site,Public Foreshore,n/a,Steps lead down to sand beach. NE aspect.,No camping.,"At end of Tudor Avenue. Area of large residences. Might also be known as Spring Bay, but no official name found. Municipality of Saanich.",Launch Site,48.45580,-123.26930,-13722275.706,6183021.489
West Curme Island,Campsite primary,Marine Provincial Park,9,Easy in central cove at mid or high water. Small beach or rock shelf. Awkward at low water. Narrow channel dries. Reefs. Also in small bay on NE side at all tides.,"9 wooden raised tent platforms on treed rock ledges, bluffs on W side. Vault toilet. Picnic area. No fires. Camping fees apply 1 June to 15 September. Either pre-pay permit via Internet or at Lund or Okeover launch sites, but no reservable sites. Camp only at designated sites.","Attractive. View. E and W islands connect at mid, low water. See <a href="https://bcparks.ca/desolation-sound-marine-park/" target="_blank" style="color:blue">Desolation Sound Marine Provincial Park</a>Park Operator: 1312768 BC Ltd email DesolationSound.Camping@outlook.com",Campsite,50.11726,-124.74635,-13886699.96,6466607.385
Patricia Bay Park,Launch Site,Municipal,n/a,"Narrow gravel, small cobble beach with limited access at high water. Good shelter. Ramp at top, steps below lead over steep bank. Larger beach next to airport 150 m to S has difficult access - fence or riprap bank.",No camping.,"Parking lot to S at Patricia Bay Park Information kiosk, picnic tables, washrooms with wheelchair accessible paved trails leading to beach, plus limited parking on road. West Saanich Road, District of North Saanich. General regulation bans parking over 24 hrs.",Launch Site,48.65457,-123.44597,-13741942.154,6216450.558
Pig Ranch north,Informal site primary,Crown Conservancy,6 - 8,"Easy on low gradient firm clam bed beach with cobble, pebble surface in protected bay. No beach at high water. Drift logs.","Semi-exposed, unattractive 2 sites in trees. Camping on point to S not permitted. Occasional use by commercial groups.",Water at seasonal creek. Views. See <a href="https://bcparks.ca/qwiquallaaq-boat-bay-conservancy/" target="_blank" style="color:blue">Qwiquallaaq/Boat Bay Conservancy</a>.,Dispersed Site,50.53142,-126.60892,-14094040.137,6538821.607
Broken Islands Havannah Channel,Informal site primary,Crown,6,"Easy, rough pebble/cobble beaches, reefs, kelp, sheltered cove NE side of largest island.",Semi-developed camp in forest or small rough beach sites between logs. Beach on NW side might offer another option depending on number of drift logs. Not used often. Windthrown trees might block some tent sites and/or create hazards for camping.,"Views, wildlife.",Informal Site,50.51353,-126.29288,-14058859.46,6535690.358
Kaikash Creek,Campsite primary,Provincial Recreation Site,20,"Easy, on firm gravel, pebble/cobble. At low water avoid larger rocks at centre beach. Vessel traffic, exposed.","Extensive site along old road. Composting toilet. Site needs some maintenance (2022). Picnic tables in disrepair. Adjacent commercial site has irregular tent platforms, other structures but is not part of public site.",Water at creek. View. Whale watching information sign. Good wind protection. Site maintained by Namgis First Nation. Adjacent site receives heavy use by guided groups.,Campsite,50.51817,-126.69667,-14103808.422,6536501.518
Naka Creek,Campsite primary,Provincial Recreation Site,15,"Easy on gravel, pebble beach. Exposed. See Naka Creek hand launch.","Semi exposed developed site. Pit toilet. Picnic tables. At least one party camped on breakwater at N50D 28.733M,W 126D 25.19M (WGS84).","Water from culvert above the rec site - use at own risk. Road access via Eve Main and Naka Main but could be rough. Eve Main is active logging road, use mobile radio (June 2025). Parking. View. Boat launch. Caretaker occasionally. No fee charged but some paddlers have been asked to pay. Robson Bight whale rubbing beach, is over 5km away AND is closed to all entry. Not even kayakers may enter the bay. ",Campsite,50.47757,-126.42677,-14073763.882,6529396.17
Nichols Bay,Informal site secondary,Provincial Forest,1 - 3,"Deep bay with steep pebble, gravel beaches. SE aspect. Many piled drift logs make landing difficult at mid, high water.  Beach normally floods. Well protected from W. Open to SE swell. Wash from N bound ships comes ashore. Reporter in 2024 considered high water landing too dangerous to attempt due to drift log pileup.","Undeveloped. Small areas of beach gravel give access to small cleared upland forest site on NE of bay. Minor brushing may be needed. Clearcut behind. Beach sites might be possible at Neaps, avoiding carry over drift logs, deadfall.",Usable for NW conditions at low water but marginal.,Informal Site,50.43726,-125.96688,-14022568.493,6522349.199
Waterfall Beach,Informal site secondary,Provincial Forest,1,"Moderate on pebble beach, exposed to NW. Some shelter in creek mouth.","Hazardous. Upland forest site 50 m S of creek in front of small cliff had rockfall 2021 May 2023 report of difficult access, also fallen tree at waterfall, At Neaps potential beach camp next to drift logs. ","Water at small falls, likely year-round. View.",Informal Site,50.41248,-125.98695,-14024803.121,6518019.514
Walkem Point,Informal site secondary,"Provincial Forest, Provincial Recreation Reserve",10,"Low gradient silty clam bed at low water. Cobble, scattered boulders, pebble at high water. Existing boat runs in need of maintenance. Various other pebble beaches along shores to E.","Beach sites feasible at tides below 4.1 m. Extensive open third growth forest, thinned some years ago. Several level areas. Big spruce tree at main beach site, upland access.",Water at braided seasonal creek crosses centre beach. View. Aka North of Walkem Islands.,Informal Site,50.37331,-125.53034,-13973973.929,6511179.101
Sonora Island southwest,Informal site primary,"Provincial Forest, Provincial Recreation Reserve",10,"Easy on low gradient gravel, cobble beach in shallow bay. Riprap breakwater protects N side. Exposed SW aspect. 50 m carry at low water. Currents offshore. Ship wash. Prominent rock pile at entrance.","Undeveloped, sheltered large inactive log dump. Grass, broom. ","Water at creek, possibly year-round. View. Inactive log handling reserve. Old orchard, cabin. Aka Discovery Mountain Cove.",Informal Site,50.31630,-125.40173,-13959657.096,6501234.696
Florence Cove,Informal site secondary,Provincial Recreation Reserve,1 - 2,"Easy on sand, mud, pebble beach with some larger rocks. S aspect.",Undeveloped. Small upland grassy site about 15 m up from beach or sites on beach except during Springs. Potential for more sites. Sheltered. SW aspect. Somewhat damp. Could be buggy.,Water at seasonal creek. Report of year-round water at creek 200-300 m to N around point suitable for boat access. Staging for local channels. Some fish farm and other debris. Possibly a former or inactive log dump.,Informal Site,50.31323,-125.16347,-13933133.379,6500700.09
Little Bear Bay,Campsite secondary,Provincial Recreation Site,10,"Easy, gravel/pebble/cobble, exposed, vessel traffic, currents, wind. Land at river mouth between camp sites..","Developed. Picnic tables. Heavy RV use. pit toilet, picnic tables, fire rings. Maintained.Nearby fish hatchery runs audible generator at all times.",Water at nearby creek. View Parking limited if not camping. See also launch site details. .,Campsite,50.33788,-125.51799,-13972598.587,6504997.826
Octopus west shore,Dispersed site secondary,Provincial Park,2 - 4,"Beach inside S facing point. Easy on low gradient mud, pebble, clam bed beach adjacent to bedrock outcrops. SW aspect. Sheltered from most winds.  ","Grassy upland sites on two lightly forested levels. Undeveloped user maintained wilderness site. Site was previously suggested 190 m SW across bay at muddier, lower gradient shore. ",Water at creek 100 m to W in corner of bay. Attractive. View. Beach fires are banned all year round. See <a href="https://bcparks.ca/octopus-islands-marine-park/" target="_blank" style="color:blue"> Octopus Islands Marine Park.</a>,Dispersed Site,50.27921,-125.23425,-13941012.94,6494771.418
South Rendezvous Island south,Dispersed site primary,Marine Provincial Park,10,"Awkward in protected cove N of islet. Some rubble, gravel, pebble. Boulders at high water. All-weather protection. Boat run cleared of larger boulders. Boat may be lined out to W. Alternate approach to S of islet also has boat run but rougher except at tides below 1 m when N side shows awkward concrete retaining wall.","Camp in sloping protected grassy meadow. Clear tent sites, some shaded. Open air pit toilet no longer serviceable (2024). Undeveloped user maintained wilderness camping. One tent site on islet. Hazardous tree snag noted 2024.",Possible but unreliable water at seasonal creek. Former homestead. Pilings of old boathouse. Attractive. Staging area for tidal rapids. See <a href="https://bcparks.ca/rendezvous-island-south-park/" target="_blank" style="color:blue"> Rendezvous Island South Provincial Park</a>,Dispersed Site,50.25635,-125.03321,-13918633.37,6490790.164
Waiatt Bay south,Dispersed site secondary,Provincial Park,1 - 2,"Easy on mud, pebble.",At least one upland sloped dry site on duff above bank. Others on lower grassy wet areas that might flood at Springs. Potential for more sites. May be better tent sites slightly to W. Undeveloped user-maintained wilderness site.,Largest island to NE is recently acquired (2019) for Park. Has frequently visited old cabin full of memorabilia left by visitors. Beach fires are banned all year round. See <a href="https://bcparks.ca/octopus-islands-marine-park/" target="_blank" style="color:blue">Octopus Islands Marine Park.</a>,Dispersed Site,50.26352,-125.23528,-13941127.966,6492037.983
Waiatt Bay islet,Dispersed site secondary,Provincial Park,2,Awkward on bedrock ledges. Easy on gravel at low water.,Undeveloped. Open grassy bluffs at S end.,Attractive. View. Beach fires are banned all year round. See <a href="https://bcparks.ca/octopus-islands-marine-park/" target="_blank" style="color:blue">Octopus Islands Marine Park</a>.,Dispersed Site,50.26534,-125.22407,-13939879.329,6492355.635
Freedom Point,Campsite primary,Provincial Recreation Site,10,"Moderate on beach of sharp angular cobble, pebble, rubble. Approach from S. Boat run cleared through larger rocks. S aspect.","Large semi-developed site on point, could use more leveling. Other dispersed tent sites. Composting toilet along trail to NE away from shoreline. <strong>Warning: June 2025 hazardous tree along path to rear tent sites- caution.</strong>",Water at small seasonal creek. Staging for Surge Narrows. Occasionally used by large groups. Aka Surge Point - so named on topo maps but Surge Pt proper lies to N.,Campsite,50.21033,-125.13083,-13929500.646,6482781.86
Frederic Point,Informal site secondary,Provincial Forest,3 - 4,"Moderate on steep gravel, cobble, rubble, rock beach. Small rocks at low water. Boulders to 600 mm at high water. Fish farm metal barrier hard to see. Landing at point feasible only in calm conditions. Otherwise cove to W is better with moderately long gear carry.  SW to NW aspect.",Undeveloped. Rough tent sites with minor brushing. Potential for more sites. Mossy bedrock bluffs.,"View. Attractive, sensitive natural area. Wildflowers. Inactive shellfish lease. but debris remains from it.",Informal Site,50.18462,-125.04997,-13920498.617,6478309.802
Whale Passage,Dispersed site secondary,Provincial Recreation Site,6 - 8,"Approach from S. Rough rock-strewn entrance lip to small gravel basin at high water. Awkward with kelp, weed at low water. Boats arriving at low water could be tied nearby until basin floods to give easier access or face long carry. Advisable to land at mid-high water. SW aspect. Exposed to S.","Small fairly level upland bluff sites in 2 areas on peninsula among arbutus, firs. Some tent sites overlook passage to E. One panoramic site on open mossy bluff has active eagle nest May 2018, 2019. Stay 100 m away Mar to Aug. Site to S with possible easier access off separate beach short distance to S.",Attractive. View. Oyster lease at foreshore inactive but some debris remains (2024).,Campsite,50.18471,-125.04358,-13919788.131,6478326.787
Penn Islands southwest,Informal site secondary,"Provincial Forest, Provincial Recreation Reserve",2 - 5,"Mixed exposed beach of varying gradient. Easy at high water on tides of 4 m or greater on gravel, pebble medium gradient with small boat run.  Awkward to difficult at all lower water levels on steep beach of boulders, smaller mixed rocks, Boulders to sides, reefs in W approach. S aspect. Could be hazardous in S wind, swell. Report in 2024 of blowdown trees in landing area.","Undeveloped. 1 good site on mossy W bluff, 2 other feasible with brushing but sloped or lumpy. 1 or 2 beach sites if levelled, but might flood at Springs. Be aware of hazardous tree reported at W bluff and other blowdowns.",Attractive. View. Wildlife viewing.,Informal Site,50.17978,-125.03555,-13918893.757,6477469.554
Bay south of Von Donop,Informal site secondary,Provincial Forest,1 - 3,"Long low gradient beach on mixed rocks. NW aspect. Reported at N50.171283D, W-124.986667D outside bay proper, but more likely location is N50.170864D, W124.986805D nearer to bay head.","Marginal sites at beach top or upland in sloping forest. Levelling, brushing likely needed. Hammock opportunities.",Aquaculture in bay to N.,Informal Site,50.17086,-124.98681,-13913467.488,6475919.227
Von Donop Inlet,Dispersed site primary,Marine Provincial Park,10,Boat run offers clear path through boulders on small steep beach. Easier access at high water. All weather protection. Tidal currents. Vessel traffic to anchorage. ,Large semi-developed user-maintained site. Some cleared sites on grassy headland. Beware of hazard trees. Fire pit.,"Trails, reversing tidal rapids, lagoon nearby. Anchorage. Historic portage to Squirrel Cove. See <a href="https://bcparks.ca/hathayim-marine-park-aka-von-donop-marine-park/" target="_blank" style="color:blue"> Ha'thayim (Von Donop) Marine Provincial Park</a>.",Dispersed Site,50.16667,-124.95500,-13909926.972,6475189.765
Big Bay Beach Hanson Island,Day Use,Crown (Hanson Island Lease),n/a,"Easy, on moderate gradient cobble beach in sheltered bay, with exposed rock shelf at low water. Large rocks at low water. SW aspect.",No camping. Camping area is reserved for commercial group based on private lease from Yukusam Heritage Society.,"Water at seasonal creek. Attractive, sunny. Views, trails cross island, big cedar tree. Sundance lookout, Orca lab, whale viewing. Structures at W end of beach left behind from former youth camp and debris to be removed (2014) but still present in 2020. Avoid using mossy rock bluff S of beach close to adjacent commercial site in narrow bay around point (i.e.Shakers or Big Bay Point).",Day Use,50.55900,-126.73100,-14107630.388,6543653.563
Little Hanson Island,Campsite secondary,Crown (Hanson Island Lease),4 - 6,"Moderately difficult rock, rubble - shelf between two northerly islands in sheltered channel between Hanson Island and Little Hanson. Usable at mid, high water levels. Landing, launching at water levels below 1.5 m not recommended. Signs of a narrow boat run. Strong currents, rough water in Blackney Passage. Vessel traffic. ","Semi exposed, part developed. Tent sites on exposed rock, or on soil among trees. Sites strung along trail around S end of island also on smaller island to S.",Views. Aka Island 61 or Blackney Passage Island. One of the only 4 sites on Hanson I that are sanctioned by Yukusam Heritage Society for public use.,Campsite,50.56111,-126.69379,-14103487.956,6544023.285
Blinkhorn Peninsula,Campsite primary,Provincial Recreation Site,7 - 10,"Easy on pebble, cobble beach sheltered by peninsula. Land either side. NE side cobbles, some boulders at high water. SE side small smooth pebbles. Vessel traffic.",Sheltered forest upland camping in 3 locations or on large beach. Picnic table. Composting toilet. Site maintained through contract with Namgis First Nation. Number of sites reported as 9 in 2025. See SCR297 for camp location details.,Seasonal creek. Whale viewing. Anchorage. Historic hiking trail to Telegraph Cove. Hiking trail across islet to navigational marker.,Campsite,50.54050,-126.78475,-14113613.81,6540412.479
Growler Cove northwest,Informal site secondary,Crown Conservancy,2 - 4,"Easy on rock, pebble beach at head of prominent protected bay. Many boulders, bedrock outcrops at low water. Cobble, small angular rocks above. Evidence of boat run at centre beach. Gradient moderate to steep. SE aspect. Protected from NW. Rocks offshore.","Sheltered, undeveloped. Tent sites in open forest along flagged trail or on beach, tides permitting. Additional sites if brushed. Hammock opportunities. Fire pit.",Views. Occasional use by commercial groups. See <a href="https://bcparks.ca/qwiquallaaq-boat-bay-conservancy/" target="_blank" style="color:blue">Qwiquallaaq/Boat Bay Conservancy</a>.,Dispersed Site,50.54532,-126.63132,-14096533.727,6541257.123
Little Blenkinsop Bay,Informal site primary,Provincial Forest,10,"Easy, on white sand. Low gradient. Dries a long distance.",Camp on beach or in forest clearings. JK guide has camp at 50 28.95N 126 01.64W. Some sites are adjacent to logged area further from creek.,Water at creek. Aka West Blenkinsop Cove on Cruising Planner map.,Informal Site,50.48190,-126.02722,-14029285.589,6530154.51
Pine Point,Informal site secondary,Provincial Forest,unknown,"Exposed beach of pebble, cobble. NE aspect.","On E side of point, camping unknown. Likely in upland, needing much brushing. Previous to 2022 site was at now-commercial site on W side of point run by Grey Wolf Expeditions. Might have space for limited number of public visitors in sheltered undeveloped clearing behind trees, reported to be overgrown 2021 but cleared more recently. Pit toilet reported to be unusable but likely repaired. Some trees reported to be hazardous.",Water at seasonal or year-round substantial creek. View.,Informal Site,50.48275,-126.46179,-14077662.402,6530303.562
Camp Point,Dispersed site primary,Provincial Recreation Site,10,"Easy on low gradient, broad, pebble, gravel beach. Exposed to NW. Current hazards, turbulence. Vessel traffic.",Large undeveloped site. ,Road access in past. Aka Prince of Wales Bay. Large 33 Ha. site.,Dispersed Site,50.38188,-125.84338,-14008821.349,6512675.858
Turn Bay west,Informal site secondary,Provincial Forest,3,"Easy on broad low gradient sheltered mixed beach of pebble, cobble. Mostly floods at high water. S aspect. Protected by island, islet.",Small upland sloped forest sites will need minor brushing. One possible beach top site seems dry at all tides. Hammock opportunities. Potential for many sites.,Seasonal creek at site. View.,Informal Site,50.35364,-125.47598,-13967922.011,6507746.514
Frances Bay head,Informal site secondary,Provincial Forest,10,"Moderate on low gradient boulder, cobble, pebble beach, exposed to SE. May be long carry.",Undeveloped in upland forest. Dense vegetation at water's edge makes access awkward.,Water at 2 creeks - at head of bay or in Raza Passage. View. Temporary logging float camp 2013-2014. Anchorage.,Informal Site,50.35112,-125.04368,-13919799.152,6507306.584
Raza Point,Informal site secondary,Provincial Recreation Reserve,1 - 3,"Moderate on steep cobble, boulder beach in protected cove. Boat run clear of boulders. NE aspect. Rougher landing at S aspect beach also within Recreation Reserve.","Undeveloped. Small gloomy cleared upland forest sites, reported as needing brushing, levelling 2021 & 2022. Hammock opportunities. Well sheltered.",Water at seasonal creek. Trail between bays. Peninsula 16 ha area is all Recreation Reserve incl S beach. Some industrial debris.,Informal Site,50.30133,-125.03183,-13918480.016,6498625.932
Shipwreck Bluff,Campsite primary,Provincial Recreation Site,4,"Sheltered coves on either side of promontory. Easy silty, muddy clam bed on W side. Easier but longer carry at low water. Cobbles, rock, sand in E cove. Hazardous derelict dock tied up in W bay (June 2025).",Semi-developed in small clearings in 2 upland areas - at promontory neck or in forest behind boat wreck along short trail.,Attractive. Staging for local channels. Old roadbed beyond wreck reported hazardous in places. Lake 500 m N on road network.,Campsite,50.29067,-125.37763,-13956973.439,6496766.97
North Rendezvous Island,Dispersed site secondary,Provincial Recreation Site,4,"Easy, shell beach at high tide, moderate, many boulders at low tide. On a small islet joined by rocky tombolo to NW of N Rendezvous Island. Boats may be lined out to W of cobble tombolo.",4 site in upland in trees on islet plus room for 1 small tent. Fire pit. 25 m carry at low water. Sites brushed out 2025. Additional site in trees on larger N Rendezvous facing across tombolo on S shore - see site plan. Hammock opportunities.,"View. Aka North Rendezvous Islet. Most of N Rendezvous Island is private land. Strathcona Regional District mapping shows adjacent lot of 4.14 ha as Regional Park - Rendezvous Park, so not private.",Dispersed Site,50.29642,-125.07758,-13923572.883,6497769.126
Whiterock Passage,Informal site secondary,Provincial Recreation Reserve,3 - 5,"Low gradient tombolo clam bed of gravel, mud, sand connects to isthmus. Shoals. Approach from SW or from N. Long carry at low water.","Undeveloped. Upland sites in old growth forest approx. 80 m S or SE of tombolo. Additional exposed small sites on dry, grassy area or on rocky isthmus.","Water at seasonal creek 100 m to SE of forest camp. View. Cabin ruins not seen 2024. Inactive shellfish lease (2009, 2018). Debris remains 2018. Was active 2004. Land nearby to S appears to be private. ",Informal Site,50.26558,-125.08194,-13924057.868,6492397.291
South Rendezvous Island north,Dispersed site secondary,Marine Provincial Park,4 - 6,"Gravel, pebble at low water. Moderate with some boulders at higher water. Between headlands. Can launch from rocks. Exposed to N. Reported in Aug 2021 landing (low tide) and launching (high tide) challenging. Rocks at centre beach are hard to carry a boat over. Numerous logs limit launch area at high water. Ramp cleared north of islet. ",Attractive cleared sites on headland E of beach. Undeveloped user maintained wilderness site. Please pay attention to good sanitation practices. ,Attractive. Views. Staging area for tidal rapids. Entire island is park. See <a href="https://bcparks.ca/rendezvous-island-south-park/" target="_blank" style="color:blue"> Rendezvous Island South Provincial Park</a>. Toilet appears to be repaired. Add dry leaves to it if no shavings.,Dispersed Site,50.26804,-125.03947,-13919329.706,6492826.067
Ashlar Creek,Informal site primary,"Provincial Forest, Provincial Recreation Reserve",5 - 7,"Easy, on pebble, cobble beach at all water levels. Larger rocks, mostly rounded, at low water. W aspect. Some protection from NW.",Undeveloped. Large clearing in small trees. Suitable for groups.,Water at year-round creek. View. Hiking trail leads inland from clearing to unknown destination. Beach fires are banned all year round.,Informal Site,50.26749,-125.35492,-13954445.34,6492729.394
Discovery Creek,Informal site secondary,Provincial Forest,5,"Moderate on pebble, cobble beach depending on tide level. Exposed to SE, NE. Vessel traffic. Broad fan offers several landing locations including creek mouth.",Undeveloped. Protected from wind.,Water at year-round creek.,Informal Site,50.19618,-125.38287,-13957556.875,6480320.909
Penn Islands north,Campsite primary,Provincial Recreation Site,8,"Easy on mixed gravel beach, some reefs. Lies in hook of land protected from most directions. S aspect.","Three sites on grass, bedrock shelf on bluff with trail access. Short crude stair on trail. Three additional sites above landing, in open forest. Composting toilet. Hammock opportunities. Avoid camping near dead tree on bluff especially in high winds. Make no upland fires. Nearby islet to S offers 1 overflow tent site.","Water at seasonal creek. View. Attractive, secluded site. Many other sites among these islands. Frequent use by large guided groups. Alert: The BCMT recently cleaned the site in mid-July but apparently a squatter is on site and has left a mess there. We will try and clean the site in late August or September.",Campsite,50.19762,-125.02455,-13917669.243,6480570.171
Carrington Point,Informal site primary,Regional,6 - 8,2 small boat runs through rubble beach next to cliff. Beach mostly floods at high water. Moderate gradient. Inside islet with good protection. W aspect.<br />,Undeveloped. Clear tent sites in open forest. Marine debris makes access difficult.," View. Attractive. Trickle of water at seasonal creek. Poorer beach 200 m to NW. Likely possible to use sites behind that other beach via small trail. Carrington Bay Park, Strathcona Regional District.",Informal Site,50.15234,-125.00996,-13916044.535,6472700.712
Maud Island Discovery Passage,Informal site secondary,Provincial Recreation Reserve,15,"Easy on moderate gradient pebble, cobble beach, or on steeper causeway riprap in protected bay. SE aspect. Currents outside bay. Private float nearby. Difficult access from W.","Undeveloped. Camping on Quadra shore adjacent to causeway on W or E side. Some shelter from NW, but wind may funnel. E side offers more protection. Possible alternative site at N 50D 7.923M,W 125D 20.278M not assessed.",Near former Ripple Rock. Access hiking trail maintained by RSTBC. Anchorage. Reported small tidal electric generating plant in causeway to island but nothing visible 2018. Aquaculture nearby in S bay. Purpose and ownership of float and gangway unknown - presumably energy company property. Saltwater lagoon nearby. Beach fires are banned all year round.,Informal Site,50.13575,-125.34517,-13953360.387,6469818.642
Twin Islands Islet,Informal site secondary,"Crown, Provincial Recreation Reserve",6,"Rough oyster beaches of pebble, boulders, bedrock. One beach in small cove on NW side, another in small cove on SW or facing Twin Islands. Mostly protected but some landing sites exposed. Easier landing at high water. Avoid low. mid water levels - reported as hazardous  - oysters. Avoid use in Spring nesting season to protect resident Black Oystercatchers (shore birds).",Upland clear areas on centre to W side 50 m from S side cove.,Attractive. Small trails across islet. Larger islands are private.,Informal Site,50.04279,-124.94765,-13909108.395,6453688.784
Roberts Creek Day Area,Day Use,Provincial Park,n/a,"5% slope, low tide 150mm cobbles, high tide 50mm gravel to sand.",No camping. (Vehicle accessible campground located 1400 m away up Park Avenue.) 1 pit toilet. No fires. 4 Picnic tables.,"Good access from shore, road, seasonal water at tap, day parking. Would require special permission for paddlers to camp. See <a href="https://bcparks.ca/roberts-creek-park/" target="_blank" style="color:blue">Roberts Creek Provincial Park</a>",Day Use,49.42947,-123.66627,-13766466.372,6348050.942
Poett Nook,Launch Site,Private,n/a,Easy landing or launching on ramp in protected cove. Vessel traffic..,See separate entry for adjacent commercial campsite.,"Good staging point for Tzartus Island, Deer Group. Vehicle parking $8.00 per day (2024). $8.00 kayak/canoe launch fee (2024). http://www.poettnook.com/rates.html",Launch Site,48.87840,-125.04667,-13920131.073,6254253.549
Port Desire,Campsite secondary,Municipal,10 - 14,See Grappler Inlet launch site.,"Small developed campground. Open grassed areas may lack privacy. Toilets, food bins, picnic area, playground, pay showers RV or boat pump-out station. Water at hoses. Gazebos, BBQ grills. Call 250 728-3006. Information Centre staffed through summer season. Pay phone available year round. Fee $26.50/night (2022). Email communityparks@mybamfield.ca","Close to village, amenities. Boat launch. Eileen Scott Centennial Park, 345 Grappler Rd, Bamfield. Parking $5/ day (2022).",Campsite,48.82880,-125.12756,-13929135.818,6245862.273
Cowichan Bay Marine Gateway,Launch Site,Crown Foreshore Lease,n/a,Special canoe/kayak dock.  Need to be able to launch and land from a low dock.  Alternatively use beach beside dock. Short carry and easy launch. Avoid stepping on flower/plant garden.,No camping.,"Paddlecraft access/launch opened January 2013, managed by Cowichan Valley Regional District. Approx 60 m carry to dock. Overnight parking along road. Built to encourage paddlers not to use Hecate Park foreshore or Cowichan Bay Boat Launch ramp located at the south side of the large parking lot .",Launch Site,48.74308,-123.62958,-13762382.004,6231379.74
Anderson Bay,Dispersed site secondary,Provincial Park,2,"Protected cove. Inner rough beaches of cobble, rubble. Rock shelves at low water. S aspect.  Also smoother, easier beach moderate gradient on outer side of isthmus, N aspect. Cobble upper beach, gravel lower.",Undeveloped on isthmus of peninsula. Fire pits. Small clearings in open forest. Low salal undergrowth.,"View. Provincial Boat Haven. Inactive log dump on W bay shore. Head of bay is outside Park, has crown lease upland, low gradient silt beach, mudflats, flotsam at low water. Also reported as having public road access to or near shoreline. Island immediately to S has rough landing beach on N side for possible picnic site. See <a href="https://bcparks.ca/anderson-bay-park/" target="_blank" style="color:blue">Anderson Bay Provincial Park</a>.",Dispersed Site,49.51731,-124.13527,-13818675.547,6363097.778
Little Tribune Bay,Launch Site,Public Foreshore,n/a,"Long sand beach with shingle, bedrock patches. Low gradient so long carry at low water. SE aspect.",No camping permitted.,Road access to beach via Little Tribune Road. Limited parking at road end with no overnight parking permitted.,Launch Site,49.52078,-124.64306,-13875201.703,6363693.784
Mackenzie Anchorage,Informal site secondary,"Crown, Crown tenure - Section 17 designated use area",2,No comments.,Site might be up to 80m to N of indicated position.,Huu-ay-aht Treaty Settlement Land. <a href="https://huuayaht.org/services/lands-permits/" target="_blank" style="color:blue">Permit required</a>,Informal Site,48.83896,-125.18676,-13935726.4,6247580.523
Clarke Island,Campsite primary,National Park Reserve,10,"Easy on protected sand, shell beach that extends on both W, E sides of small point. Moderate gradient. Some rock outcrops.",Open meadow. Camp among trees. Composting toilet. See: <a href="http://www.pc.gc.ca/en/pn-np/bc/pacificrim/visit/brochures/" target="_blank" style="color:blue">Brochure</a>..Required 1) National Park Entry Pass if age 18 or older; 2) Backcountry Camping Permit $9.80 per person/night; 3) Site reservation. No standbys!; See: <a href="http://www.commandesparcs-parksorders.ca/webapp/wcs/stores/servlet/en/parksb2c/" target="_blank" style="color:blue">National Park Permit</a>See: <a href="http://www.reservation.pc.gc.ca/" target="_blank" style="color:blue">Camping Permits & Reservations</a> or 1-877-RESERVE,Attractive. View. Maximum stay 4 nights. Maximum group size 12. Several sandy lagoons on island.,Campsite,48.89239,-125.37801,-13957016.119,6256621.948
Dodd Island,Campsite primary,National Park Reserve,10,Easy on sheltered pebble beach of moderate gradient in natural harbour. S aspect.,"Camp in forest clearings. Composting toilet. Beach on south side better. N Beach only ok at high tide, has rock shelf at mid and lower tides. See: <a href="http://www.pc.gc.ca/en/pn-np/bc/pacificrim/visit/brochures/" target="_blank" style="color:blue">Brochure</a>..Required 1) National Park Entry Pass if age 18 or older; 2) Backcountry Camping Permit $9.80 per person/night; 3) Site reservation. No standbys!; See: <a href="http://www.commandesparcs-parksorders.ca/webapp/wcs/stores/servlet/en/parksb2c/" target="_blank" style="color:blue">National Park Permit</a>. See: <a href="http://www.reservation.pc.gc.ca/" target="_blank" style="color:blue">Camping Permits & Reservations</a> or 1-877-RESERVE",Historic fish traps in adjacent bay. Maximum stay 4 nights. Maximum group size 12. ,Campsite,48.92180,-125.32467,-13951077.925,6261602.299
Willis Island,Closed Site,National Park Reserve,n/a,"This site is currently closed. Site closures may occur for a variety of reasons, including environmental protection, weather-related damage, safety concerns, or directives from First Nations. BC Marine Trails will update this site’s status as new information becomes available. We appreciate your understanding and cooperation in helping preserve these areas for future generations.<br /><br />Notice: closed by Parks Canada in association with Tseshaht First Nation. A large windstorm damaged the area including the composting toilet.<br /><br />",nan,nan,Closed,48.91711,-125.34262,-13953076.923,6260808.974
Charlaine Boat Ramp,Launch Site,Municipal,n/a,"Mixed pebble, sand, mud beach or concrete boat ramp. N aspect. Good protection from most directions except N.",No camping.,"Located on Hammond Bay Road. Sign. Paved day parking only (2017). Portable toilet. City of Nanaimo park, boat launch.",Launch Site,49.22665,-123.95631,-13798753.532,6313407.027
Turret Island,Campsite primary,National Park Reserve,10,"Easy on protected shell, sand beach at NW end of Turret I. S aspect.",Sheltered sites under giant spruce. Composting toilet. See: <a href="http://www.pc.gc.ca/en/pn-np/bc/pacificrim/visit/brochures/" target="_blank" style="color:blue">Brochure.</a>. Required 1) National Park Entry Pass if age 18 or older; 2) Backcountry Camping Permit $9.80 per person/night; 3) Site reservation. No standbys! See: <a href="http://www.commandesparcs-parksorders.ca/webapp/wcs/stores/servlet/en/parksb2c/" target="_blank" style="color:blue">National Park Permit</a>. See: <a href="http://www.reservation.pc.gc.ca/" target="_blank" style="color:blue">Camping Permits & Reservations</a> or 1-877-RESERVE.,Attractive. Maximum stay 4 nights. Maximum group size 12. Visible midden. Very large trees.,Campsite,48.90386,-125.34915,-13953803.382,6258563.927
Hand Island,Campsite primary,National Park Reserve,10,Easy on protected tombolo shell beaches. Aspects SE or NW. Reefs offshore.,"Open, grassy area. Composting toilet. See: <a href="http://www.pc.gc.ca/en/pn-np/bc/pacificrim/visit/brochures/" target="_blank" style="color:blue">Brochure.</a>. Required 1) National Park Entry Pass if age 18 or older; 2) Backcountry Camping Permit $9.80 per person/night; 3) Site reservation. No standbys! See: <a href="http://www.commandesparcs-parksorders.ca/webapp/wcs/stores/servlet/en/parksb2c/" target="_blank" style="color:blue">National Park Permit</a>. See: <a href="http://www.reservation.pc.gc.ca/" target="_blank" style="color:blue">Camping Permits & Reservations</a> or 1-877-RESERVE.",Maximum stay 4 nights. Maximum group size 12. Closest of Broken Group islands to Secret Beach popular launch site.,Campsite,48.95092,-125.31182,-13949648.304,6266537.865
Gibraltar Island,Campsite primary,National Park Reserve,10,"Easy on sand, gravel beach.",Campsite exposed to Imperial Eagle Channel. Composting toilet. See: <a href="http://www.pc.gc.ca/en/pn-np/bc/pacificrim/visit/brochures/" target="_blank" style="color:blue">Brochure</a>. Required 1) National Park Entry Pass if age 18 or older; 2) Backcountry Camping Permit $9.80 per person/night; 3) Site reservation. No standbys! See: <a href="https://www.commandesparcs-parksorders.ca/" target="_blank" style="color:blue">National Park Permit.</a> See: <a href="https://reservation.pc.gc.ca/" target="_blank" style="color:blue">Camping Permits & Reservations</a> or 1-877-RESERVE,Views. Maximum stay 4 nights. Maximum group size 12. Toilet is in poor condition probably because of over use in popular and crowded site,Campsite,48.91794,-125.25575,-13943406.153,6260948.999
Long Bay Jedediah Island,Campsite secondary,Marine Provincial Park,6,"Easy on firm mud beach in protected bay at mid-high water i.e. approx. 2.0 m or higher but drying mud flat at low water. Tides above 4 m leave no foreshore. Boats must be carried up grass slope if not left at anchor to settle in mud. Alternative landings in coves to W on Bull Passage - Sunset, Otter Coves.","Camp on roomy grass bank. Unofficial capacity very high. Pit toilet. Optional approach from adjacent Otter, Sunset Coves avoiding low water mud flat, but camping discouraged In those coves because of distance to toilet. Camping fees apply 15 May to 15 September. May pre-pay permit via Internet, but no reservable sites. Fee $5.00 per person per night (2019) via BC Parks Backcountry Registration System.",Attractive. 3.5 km of hiking trails. See <a href="https://bcparks.ca/jedediah-island-marine-park/" target="_blank" style="color:blue">Jedediah Island Provincial Marine Park</a>,Campsite,49.49690,-124.20633,-13826585.876,6359598.627
Gilbert Island,Campsite primary,National Park Reserve,8,"Easy on protected sand, gravel beach with some rubble. NE aspect.",Sheltered site in open forest. Composting toilet. See: <a href="http://www.pc.gc.ca/en/pn-np/bc/pacificrim/visit/brochures/" target="_blank" style="color:blue">Brochure</a>.. Required 1) National Park Entry Pass if age 18 or older..2) Backcountry Camping Permit $9.80 per person/night..3) Site reservation. No standbys! See: <a href="http://www.commandesparcs-parksorders.ca/webapp/wcs/stores/servlet/en/parksb2c/" target="_blank" style="color:blue">National Park Permit</a>...See: <a href="https://camping.bcparks.ca/" target="_blank" style="color:blue">Camping Permits & Reservations</a> or 1-877-RESERVE,Maximum stay 4 nights. Maximum group size 12. Water source on Effingham I.,Campsite,48.87511,-125.32095,-13950664.084,6253695.852
Escalante River,Dispersed site secondary,Provincial Recreation Site,unknown,"Easy to difficult access to river depending on swell height. Rocks exposed at low tides.<br />Can have landing issues due to surf, but if you go past rocks at Escalante point north there is a small cove that is sheltered. ","Camp on upland, or on sand at S bank of river mouth. Exposed. Lots of area to set up tents on sand by the river. Water was running very well in June, very clean, and a couple of spots to swim in. Beautiful beach that runs into Escalante north where there are more camp sites on sand also trail starts here to Escalante south look for buoy in tree for start.",Water upstream in river. Brackish at mouth. Attractive. View. Huge Recreation Site 111 Ha area runs S to Escalante Point N.,Campsite,49.54190,-126.56008,-14088603.672,6367316.188
Crib Island,Campsite secondary,Marine Provincial Park,unknown,"Low gradient beach of mud, sand with many small boulders at low water.  S aspect. Protected. Long carry at low water.",Camp on high bench in trees behind large boulder on beach. Beach sites possible at Neaps but beach floods at Springs.,Water at seasonal creek to W of tent sites. Attractive. Aka Sunday Harbour. See <a href="https://bcparks.ca/broughton-archipelago-park/" target="_blank" style="color:blue"> Broughton Archipelago Provincial Park</a>,Campsite,50.72671,-126.69918,-14104088.257,6573093.66
Pearl Island,Dispersed site primary,Marine Provincial Park,9,"Easy landing on protected beach. Low gradient clam bed of mud at low water. Mixed boulder, cobble, rubble beach of moderate gradient at high water. Weed-covered boulders at low water are best avoided by attention to timing. Evidence of old boat run.",Some tent sites might require brushing. Not used much. Hammock opportunities.,See <a href="https://bcparks.ca/broughton-archipelago-park/" target="_blank" style="color:blue">Broughton Archipelago Provincial Park</a>,Dispersed Site,50.62340,-126.59992,-14093038.262,6554945.972
Coopers Green tituls,Launch Site,Regional,n/a,"Easy, on moderate gradient gravel, sand beach in Lyons Cove. Concrete ramp. Protected by islet. SW aspect. ","No camping permitted. Toilets. Large grassy area, picnic tables. Volleyball court, horseshoe pit, BBQ pit, change rooms, Large hall with kitchen, fireplace. Hall redevelopment planned.","Free unrestricted parking in locations outside park off Redrooffs Road or Fishermans Road. Main parking lot for boat trailers marked as no overnight parking. Enforcement of roadside parking overnight ban on Fishermans Rd is complaint driven - unlikely to result in ticket if parked respectfully. Hiking trail in wetlands. Site also used by divers. Please keep boat ramp clear of gear, boats, cars. See <a href="http://www.scrd.ca/Coopers-Green" target="_blank" style="color:blue">Coopers Green Regional Park</a>. Sunshine Coast Regional District. Located at 5500 Fishermans Road, Halfmoon Bay.tituls means big rocks in shashishalhem, the Sechelt language.",Launch Site,49.50441,-123.90922,-13793511.153,6360887.02
Log Boom Cove,Day Use,Marine Provincial Park,n/a,"Easy on protected gravel beach in shallow cove, generally not used for anchorage. Completely dries at low water. To paddle in requires 2.0 m or higher water level. ",Not approved for camping by BC Parks. Pleasant grassed area overlooks bay head. Pit or vault toilet along trail towards Deep Bay approx 400 m.,Attractive. 3.5 km of hiking trails. See <a href="https://bcparks.ca/jedediah-island-marine-park/" target="_blank" style="color:blue">Jedediah Island Provincial Marine Park</a>,Day Use,49.50237,-124.20822,-13826795.803,6360537.155
Laura Bay,Dispersed site secondary,Provincial Recreation Site,3 - 4,Sloping bedrock shelves In sheltered cove. Some sand. Numerous boulders make carrying gear hazardous.,Sites In trees on N side of cove head. One view site overlooks sea.,"Popular anchorage. Provincial Boat Haven, hence less privacy than many other sites. Passage at Trivett Island navigable by paddlecraft at high water. Seldom used by paddlers.",Campsite,50.82193,-126.58525,-14091405.572,6589856.023
John Island northwest,Dispersed site secondary,Marine Provincial Park,4,"Sheltered shell, sand, mud beach NW aspect. Reported 2025 that site coordinates may be wrong. Suggest looking at beach 250 metres to SW.","Access up moderately steep bank via overgrown trail to upland sites, needing brushing mostly of dense salal.",Spring tides may leave little room for boat storage. See <a href="https://bcparks.ca/broughton-archipelago-park/" target="_blank" style="color:blue">Broughton Archipelago Park</a>.,Dispersed Site,50.77419,-126.61446,-14094656.914,6581448.176
Battle Bay,Informal site primary,Treaty Settlement Land designated for public access,10,Easy all tide landing on wide sand beach. Some surf on W side.,"Many beach sites or 5 cleared, flat tent sites in trees. One site is large enough for 2 tents. Note that no camping is permitted at nearby Battle River and Acous Peninsula which are in private Treaty Settlement Lands.","Water at year-round creek at E corner. Hose makes water collection easy. Pool for bathing but maybe seasonal. Attractive, View. Anchorage - Provincial Boat Haven. Formerly part of Mquqwin Brooks Peninsula Provincial Park, now public access Treaty Settlement Land under the Maa_nulth Treaty. Park boundary nearby to E.",Informal Site,50.12745,-127.57262,-14201318.73,6468377.262
Lord Waterfall,Informal site secondary,Provincial Forest,2,"Easy. on small pebble, cobble beach, with mostly boulders at high water. 150 m SE of creek.",Small headland and cleared patch above. Little shade. Old road bed provides further sites if elderberry brushed.,"Water at large year-round creek. Trail to creek. Waterfall, swim hole. View. Fish farm nearby.",Informal Site,49.89118,-126.77163,-14112153.666,6427451.989
Santiago Creek,Campsite primary,Provincial Recreation Site,6 - 8,"Land N of creek by sign on beach of gravel, rock 2-10 cm, occasional boulders, protected from S. Other adjacent beaches of cobble. Channel winds can be strong but currents not a factor. Vessel traffic.","Site currently closed by RSTBC. Danger trees in area and caution is warranted until removal. Many sites on clear grass area, also in forest behind. 2 picnic tables in disrepair; one useable. Pit toilet in good condition (2025). Site maintenance needed. Fire pits. ","Water at creek. Former dock removed, so site unlikely to be used by power boaters in future. Sunny, but somewhat buggy.",Campsite,49.80420,-126.64802,-14098392.729,6412435.528
Saltery Bay Esperanza Inlet,Informal site secondary,Provincial Forest,4,"Easy on protected shallow gradient alluvial fan beach of mixed gravel, cobble.","One site at top of beach. Several sites accessed via rocky creek beds in upland forest. Large area, but rough, bushy. Brushing likely needed. Likely to be damp in wet weather.",Water at small creek. Strategic location.,Informal Site,49.86270,-126.80922,-14116337.431,6422531.766
Stud Islets,Informal site secondary,Crown,6 - 8,"Steep white shell, sand beach, SW aspect. SW aspect. May be subject to dumping waves but islet in front offers some protection.",Pleasant upland for at least4 campsites. Beach sites at most tides. Rustic kitchen area. Poorly placed fire pit. ,"Attractive. View. Well-used by paddlers, fishers. ",Informal Site,48.94290,-125.09320,-13925311.326,6265178.267
Tsusiat Falls,Emergency Pullout,National Park Reserve,10 +,Exposed. Surf likely. Bedrock shelves.,Beach site heavily used by hikers. Composting toilet. Food storage bins.,"Prominent waterfall. Landing or camping on the West Coast Trail is not permitted and could result in fines, except in emergency situations.",Emergency Pullout,48.69117,-124.92807,-13906928.637,6222621.773
Francis Island,Day Use,"Private upland, public foreshore",n/a,Land either side of sheltered sand tombolo at N end. Rocky at lower tides. Protected from swell.,Some paddlers have camped below high water mark when tides permit.,"Convenient for access by boat to Ucluelet, but overland route crosses private land.",Day Use,48.92379,-125.52554,-13973438.872,6261940.149
Thrasher Cove,Emergency Pullout,National Park Reserve,unknown,Sheltered sand beach.,Arrive early for best site. Toilet.,"Desirable designated stop, strategically located for paddlers. Also located near end of West Coast hiking Trail. Landing or camping on the West Coast Trail is not permitted and could result in fines, except in emergency situations.",Emergency Pullout,48.55876,-124.47238,-13856202.405,6200321.157
Sombrio Beach,Campsite primary,Provincial Park,10 - 14,"Popular surfing beach. Might be difficult for canoe, kayak landings in heavy surf conditions. River mouth gives easier landing opportunity. Steep in places. Mixed cobble, sand.","Camping permitted beach camping pads at W end. Bear cache. Pit toilet. Camping fees apply year-round. May pre-pay permit via Internet, but no reservable sites. Fee $10.00 per adult per night (2018) via BC Parks Backcountry Registration System.",Well used by hikers. On JDF hiking trail. 1-2 km to trailhead vehicle access. 500 m carry to beach from trailhead. See: <a href="https://bcparks.ca/juan-de-fuca-park/" target="_blank" style="color:blue">Juan de Fuca Provincial Park</a>.,Campsite,48.49887,-124.29962,-13836970.037,6190253.418
Mystic Beach,Campsite primary,Provincial Park,10 - 14,Exposed. Expect some surf. Beach mostly of sand.,"10 platforms added 2023/24. 2 food bins. Small sites at top of beach. Pit toilet. Camping fees apply year-round. May pre-pay permit via Internet, but no reservable sites. Fee $10.00 per adult per night (2018) via BC Parks Backcountry Registration System.","Hiker use. On JDF hiking trail. 2 km to trailhead vehicle access, lots of day hikers, campers especially at summer weekends. See: <a href="https://bcparks.ca/juan-de-fuca-park/" target="_blank" style="color:blue">Juan de Fuca Provincial Park</a>.",Campsite,48.43775,-124.11358,-13816260.894,6179992.287
Esquimalt Lagoon,Launch Site,Municipal,n/a,"Easy. Short carry. Outer protected sand, gravel beach on spit near mouth of lagoon. Kayak, canoe access permitted to lagoon",No camping. Toilets but location not known.,"Access via Lagoon Road. Park near end E of Ocean Boulevard. Migratory Bird Sanctuary managed by Canadian Wildlife Service encompasses lagoon, adjacent lands within 100 m of high water. City of Colwood park. Walking trail, swimming, wildlife viewing.",Launch Site,48.42914,-123.45782,-13743261.913,6178548.131
Jordan River,Campsite primary,Regional,20 +,"Cobble, pebble beach. Land in river mouth near bridge on E bank. Beware of pilings. See image for best approach. Surf somewhat likely.","4 pit or vault toilets. Year-round campground. Walk-in sites with tent pads, RV sites. Fire rings. Unofficial sites may serve as overflow.. No reservations - first come, first served. Fees charged via drop box.","Limited water at drinking station. Vehicle access. View. Adjacent to highway. 3.5 km cobble beach. Hiking trails. Jordan River Regional Park, 187 ha. Capital Regional District. See: <a href="https://www.crd.bc.ca/parks-recreation-culture/parks-trails/find-park-trail/jordan-river" target="_blank" style="color:blue">Jordan River Regional Park</a>.",Campsite,48.42147,-124.05502,-13809741.289,6177260.5
French Beach,Campsite secondary,Provincial Park,unknown,"Subject to moderate surf. Cobble, steep in places.","No beach camping permitted. Developed sites 500m from beach but group site is closer. Pit toilets, picnic tables.",Water at tap. 5 min trail to campsite. Vehicle access - gated for group site closer to beach. <a href="https://bcparks.ca/french-beach-park/" target="_blank" style="color:blue">French Beach</a>,Campsite,48.39560,-123.94680,-13797694.662,6172922.743
Gerald Island,Day Use,Provincial Park,n/a,"Easy on protected pebble moderate gradient beach. WSW aspect. Other beaches suitable depending on wind, swell direction. SW side normally preferred. NW cove gravel, cobble, some boulders, SE cove cobble with many drift logs. Other pebble beaches may also be suitable. The trail developing over the South bluffs provides some lovely Georgia Strait views without impacting the more sensitive vegetation on the north trail (Deer lichen).","Day Use only permitted. Several level day use areas on upper beach pebble berm, other upland areas. No facilities or services.","Ongoing volunteer efforts to control Invasive invasive plants growing on parts of island, Spring cleanup work (2025) has been a huge benefit: species such as Ocean Spray and Bleeding Heart are cropping up in cleared areas. Some rare plants. Attractive. Park created 2013. Management plan not yet prepared (2024). Area 12 ha. See: <a href="https://bcparks.ca/gerald-island-park/" target="_blank" style="color:blue">Gerald Island Provincial Park</a>.",Day Use,49.31036,-124.16262,-13821719.111,6327688.696
Chaster Creek,Launch Site,Regional,n/a,"Exposed beach 5% grade, of gravel, round pebbles to 100 mm. Open W aspect, drift logs. Small estuary might give easier access in wind.",No camping permitted. Toilets.,"Aka Chaster Park, Bonnybrook Beach. 1577 Ocean Beach Esplanade. From Hwy 101 take Pratt Road, right on Gower Point Road to Ocean Beach Esplanade. Ample nose-in parking. 2.1 ha waterfront park. Sunshine Coast Regional District park.",Launch Site,49.39047,-123.55683,-13754283.322,6341377.696
Secret Beach Gower Point,Day Use,Regional,n/a,"Exposed pebble beach, some boulders at high water. Drift logs.",No camping.,"5 parking places. From Hwy.101 turn down Pratt Road, left on Gower Point Road. Park access to right before sharp corner. Trail, long concrete stairs lead to beach. Sunshine Coast Regional District park.",Day Use,49.38666,-123.52000,-13750183.792,6340725.59
Ocean Beach Esplanade north,Day Use,Municipal,n/a,"Sand, pebbles, up to 100mm cobbles, 5% slope, logs, slight 2m rise to road and parking,",No camping,"Parking at N end of Ocean Beach Esplanade, long beach, portable toilets near centre, residential housing on east side of road",Day Use,49.40177,-123.56875,-13755610.818,6343309.82
Snug Cove Kwíl’aḵm,Launch Site,Regional,n/a,"Sand, gravel, angular cobble beach at cove head, beyond marina. Completely protected. Alternative at small beach or at adjacent government dock next to ferry terminal.","Day use only at large park. No camping. Toilets, picnic tables.","Large foreshore park. Historic Davies Orchard. Easy roll-on ferry access. Water, services nearby. Restaurants, pub. Extensive hiking trails. Crippen Regional Park - Metro Vancouver Regional District. Squamish (Coast Salish) name Kwíl’aḵm. Paddlecraft rentals near government dock. Walking trail to Dorman Point lookout.",Launch Site,49.37864,-123.33443,-13729526.09,6339354.146
Bargain Harbour,Launch Site,Road end right of way,n/a,"Protected small low gradient beach of pebble, silt near head of harbour.. SW aspect. Easy foot access 50 m. on grassy gravel roadway.",No camping.,End of Bargain Harbour Road off Hwy 101. Parking restrictions unknown but no signed restrictions. Avoid private property. Roadway access to former gravel boat launch now has concrete blocks to stop vehicle access to beach.,Launch Site,49.60832,-124.02695,-13806616.418,6378718.818
Hopkins Wharf,Day Use,Regional,n/a,"Gravel, sand beach, low gradient, SE aspect.",No camping.,"Foot of Hopkins Road. Long pedestrian wharf, float. Float unsuited to paddlecraft. Beach access, no or very restricted street parking, please respect signage, access to residences. Hopkins Landing Dock owned, managed by Sunshine Coast Regional District.",Day Use,49.42838,-123.47908,-13745628.621,6347863.507
salalus,Launch Site,Municipal/Regional,n/a,"Community dock with floats. Small gravel beaches. Public concrete boat ramp, additional  private ramp..",No camping permitted.,"Parking on streets behind, Water, toilets, showers, provisions. Public transportation. Launch donation requested. Community of Madeira Park. Former name Madeira Park.",Launch Site,49.62242,-124.02567,-13806474.886,6381140.006
Jervis Island,Dispersed site primary,Marine Provincial Park,5 - 7,"Protected bay inside Bunny Island on W side. Beach of gravel, shell. W aspect.",Upland sites in treed grove above beach. Rustic wooden stairs lead up moderately steep bank. Rustic outhouse in need of maintenance.,"Attractive. Former homestead with built water catchment basins, now defunct. Some trails reported to lead across island. Anchorage. See <a href="https://bcparks.ca/sabine-channel-marine-park/" target="_blank" style="color:blue">Sabine Channel Marine Provincial Park</a>",Dispersed Site,49.51345,-124.24792,-13831214.63,6362436.13
Squitty Bay,Day Use,Provincial Park,n/a,"Approach from Little Squitty Bay, protected cove to S of cove with dock, park sign. Inside entrance on N shore, small pebble beach has moderate gradient. Less flotsam than other coves nearby, giving easy landing.  Alternate beach at cove head. Larger boats use  N'erly cove i.e. Squitty Bay with sign at narrow entrance. Government float with long-term boats usually moored there. Mostly rocky shores except at head.","No camping permitted. No fires. Large grassed area with trees. Road, small gravel parking lot. Vault toilet. 2 picnic tables. Juniper reserve to E separated by chain link fence to keep out deer, sheep.","Park offers no water - fresh water pump reported but not seen 2016, dock. See <a href="https://bcparks.ca/squitty-bay-park/" target="_blank" style="color:blue">Squitty Bay Provincial Park</a>. Original area 13 ha. Extended to 52 ha 2009.",Day Use,49.45151,-124.16703,-13822210.764,6351822.901
xwesam Pier,Launch Site,Regional,n/a,"Gravel, sand beach. Breakwater gives shelter on 2 sides, small creek mouth.",No camping.,"4 toilets, water at tap, day parking, picnic tables. Waterfront park next to beach, has a large pier with bench seats. View. Sunshine Coast Regional District park. Former name Roberts Creek Pier.",Launch Site,49.41881,-123.64188,-13763750.766,6346226.612
Nelson Beach west,Informal site secondary,Crown,3,Cobble beach with some boulders. Some protection from NW. Access could be difficult at high water. Beach probably floods.,Forest very dense behind beach but up rocks on E side is small level point with room for 3 or more tents in upland forest. Some brushing needed.,Water at small creek. View.,Informal Site,50.48777,-126.15788,-14043831.328,6531180.906
Stimson Reef,Informal site secondary,Crown,4,Cobble beach with some boulders. S aspect. Reef gives some protection from NW.,A few upland forest sites with potential for many more.,Water at small creek.,Informal Site,50.49660,-126.18842,-14047230.291,6532726.558
Steamboat Bay,Informal site secondary,Provincial Forest,3,"Sheltered beach of small rocks, sand.","Undeveloped. Protected site in trees, but gloomy, damp. Light brushing recommended. Hammock opportunities. Please remove upland fire ring hazard if visiting.",Water at creek.,Informal Site,50.93477,-126.80258,-14115599.004,6609762.809
Vere Cove,Informal site secondary,Provincial Forest,1 - 2,"Sand, gravel, cobble low gradient beach in cove, open to W. Little beach at high water. Hazardous currents locally in Johnstone Strait.",Upland forest sites for approx 6 tents in NE corner of cove subject to brushing. Upland sites might have overgrown. Only 1 beach tent site found by 2022 reporter. Beach unreliable at Springs. Hammock opportunities.,Water at creek.,Informal Site,50.39083,-125.76996,-14000647.904,6514238.433
Octopus Islands,Dispersed site primary,Provincial Park,5,"Easy landing on rock ledges in protected bay on W of island.  Some low gradient grass, slimy mud. Sand at low water. Optional landing in rocky drying channel adjoining islet on S of island. Several other possible landing sites on shores of Park but specific information withheld at the request of local First Nation and BC Parks.","Good upland sites among trees on grass and rock, accessed by trail. Avoid trampling wild flowers, other vegetation. Undeveloped user maintained dispersed sites throughout Park.",Attractive. View.. Note that several large islands are private. Beach fires are banned all year round. See <a href="https://bcparks.ca/octopus-islands-marine-park/" target="_blank" style="color:blue"> Octopus Islands Marine Park.</a> ,Dispersed Site,50.27755,-125.23020,-13940562.096,6494482.083
East of Adam River,Informal site secondary,Provincial Forest,2,Wide cobble beach. NW aspect.,Some brushing in second growth forest needed. Beach camp possible at neaps.,No comments,Informal Site,50.47028,-126.24195,-14053189.591,6528122.509
Mount Milner,Informal site secondary,Provincial Forest,6,"Moderately steep cobble, pebble beach. Currents. Landing has short vertical log on beach near high water, NW of main creek.",Undeveloped. Semi-clear upland area on large level site among alders. Inactive log dump. Old roadways. Alternative beach sites on gravel at Neaps.,Water at creek. Road access in past. ,Informal Site,50.36283,-125.76947,-14000592.99,6509350.912
Nelson Road Community Boat Launch,Launch Site,"Regional, Road end right of way",n/a,Easy on public concrete boat ramp or adjacent sand beach.,No camping. Portable toilet.,"At E end of Nelson Road off Barnes Road. Aka Cedar Boat Ramp. Used as trailer, cartop boat launch. Limited day only parking so recommended for day use only. Please load/unload quickly at 2 vehicle space on S side of ramp, instead on ramp itself. Nanaimo Regional District leases community ramp as park. Several parking tickets have been given out by the police (2019). Paddlers have been blocking the ramp for lengthy periods of time. Please respect this community.",Launch Site,49.11487,-123.80517,-13781928.115,6294374.392
Courtenay River,Launch Site,Municipal/Regional,n/a,"Easy at concrete ramp. At low tide, river has marginal depth.",No camping.,"Kayak shop. Provisions. Accommodation. Parking unknown. Address shown as Courtenay Marina Park, 510 Courtenay Riverway Heritage Walk, V9N 3S3",Launch Site,49.68189,-124.98416,-13913173.438,6391366.041
Idol Island,Day Use,Crown,n/a,Easy.,No camping,"Undeveloped, exposed.",Day Use,48.91942,-123.59583,-13758624.303,6261199.545
Dinner Rock,Day Use,Provincial Recreation Site,10 - 14,"Exposed cobble, pebble bedrock beach with 2 boat runs. Easy in calm weather, but not recommended for all conditions. Look for road end, levelled campsites with tables approx 0.8 NM to NNE of Dinner Rock itself - prominent islet with cross on top. Shoreline mostly steep, rocky except for roadway.","2023 RSTBC Notice: Site Closed. Site is closed for overnight camping to address public safety concerns and impacts to the land.Developed campground, pit toilets, picnic tables, fire pits. Open year-round. Well-spaced secluded sites in steep forest. Other unofficial sites on nearby bluffs or at top of beach, tides permitting. Some sites have view over Malaspina Strait. No fees charged (2023).","Some seasonal surface water, seeps. View. Used by SCUBA divers and others. Car top boat launch. Hiking trails. 18 km N of Powell River on Hwy 101. 3 km S of Lund. Turn at sign down steep 1.5 km hill. Site is partly located on Tla'amin treaty settlement land and managed in partnership with Tla'amin Nation.",Day Use,49.95899,-124.73267,-13885177.51,6439177.368
North Copeland Kwukwutays,Campsite primary,Marine Provincial Park,20 +,Steep protected gravel beaches NW and SE of camp area for all tide levels except NW access beach dries extensively at lowest water levels -  long carry then required. Boulder-free boat run in NW bay.,"21 raised wooden tent pads in open forest or on points, some accessible from NW others from SE landings. Fence separate island. 2 composting toilets. Picnic area, table. No fires. Camping fees apply 1 June to 15 September. Either pre-pay permit via Internet or at Lund or Okeover launch sites, but no reservable sites. Camp only at designated sites.",Attractive. View. See <a href="https://bcparks.ca/copeland-islands-marine-park/" target="_blank" style="color:blue">Copeland Islands Marine Park</a>,Campsite,50.02600,-124.82559,-13895520.738,6450779.628
Lund,Launch Site,Public Harbour,n/a,"2 concrete ramps, wharf, floats. Launch fee charged both in and out $4 (2021).  Back down ramp rather than carry boats & gear but note that !0 min only allowed.",Commercial campsite in area.,"Flush toilets, water at tap, showers for dock patrons. Pay parking available by inquiring at Hotel. Stores, restaurants, accommodation. Lund Harbour Authority. ",Launch Site,49.98063,-124.76152,-13888389.1,6442922.372
Sarah Point,Campsite secondary,Provincial Park,4,"Exposed rough boulder beach in bay lies 250 m ESE of Sarah Pt site where map icon is displayed. SW aspect. Long carry to camp at position of icon. Some platforms might be accessible closer to landing beach. Hiker drop-off point used by water taxi unsuited to landing, unloading paddlecraft.","Landing beach is near mid-point between park ten platforms at Sarah Point and cabin at Sarah Point trailhead. 4 tent pads in upland 200 - 300 m WNW of landing beach accessed by trail up steep bluffs. Composting toilet also vault toilet at trail head. No fires. Also poor but possible beach camping. Camping fees apply 1 June to 15 September. Either pre-pay permit via Internet or at Lund or Okeover launch sites, but no reservable sites. Camp only at designated sites. Public cabin, toilet located at separate Recreation Site approx. 300 m to SSE of landing along trail.","View, Site intended for hikers but not ideal for paddlers. At start of Sunshine Coast hiking Trail. View. Rough road access nearby to S from Bliss Landing 4 km. View. See <a href="https://bcparks.ca/malaspina-park/" target="_blank" style="color:blue">Malaspina Provincial Park</a>",Campsite,50.06165,-124.84229,-13897380.408,6456959.007
Althorp Point,Informal site secondary,Provincial Forest,3,Easy on sand in cove. E aspect.,Upland sites in dense forest with salal may need brushing. Protected from W.,Clearcut behind beach. Fish farm in W cove. Occasional log storage in bay.,Informal Site,50.47248,-125.79737,-14003698.804,6528507.296
Smelt Bay,Campsite secondary,Provincial Park,20 +,"Easy on sand, gravel, pebble beach. Sand shoal S of shoreline parking lot. Exposed to SW.",Developed campground in trees about 300 m from beach via trail. Pit toilets. Some picnic tables. Group site. Some reservable sites. Camping not permitted on grassed areas near beach.,Water at taps. Trail. Boat ramp. See <a href="https://bcparks.ca/smelt-bay-park/" target="_blank" style="color:blue">Smelt Bay Provincial Park</a>,Campsite,50.03213,-124.99293,-13914149.688,6451842.623
Poyntz Island,Informal site primary,Provincial Recreation Reserve,5,"Easy pebble upper beaches on both shores with larger rocks, boulders lower down. Choice of beaches facing NE or SW. Many drift logs on exposed SW facing beach, so beach with SE aspect usually preferred. 2024 report that "access is blocked by a large fir tree lying across the entrance E. would be very hard to remove but it is possible to wade or carry boats by a small opening on the E side of the cove." Beaches flood at Springs.","Undeveloped but comfortable site. Level headland has some clear areas, but mostly scrub, Few trees, thin soils. ",Attractive. View. Bird colonies. Rec res notation No. 6540 (283).,Informal Site,50.48283,-125.84217,-14008685.917,6530317.785
Carterer Point south,Informal site secondary,Provincial Forest,4,"Moderate, cobble pebble, rubble. Near Wellbore Ch (Whirlpool) tidal rapids. No beach at high water. Protected except from SE.",Minor brushing may be needed. Upland only sites in second growth forest. Entire beach floods.,"Water at creek, likely flows year-round. Just S of Whirlpool Rapids. Aka Wellbore Channel E.",Informal Site,50.45270,-125.77000,-14000652.357,6525047.778
Channe Island,Informal site secondary,Provincial Forest,2,"Easy, protected cobble beach. E aspect. 100 m wide. Shallow gradient at high water. Steeper at low water.","Undeveloped. Potential for 1-3 more sites on level upland forest areas. One site currently (2017) blocked by fallen tree. Wild Coast Vol 3 suggests a site in next bay NW at N50 27.33, W125 19.92. A site with old cabin and some debris reported at N50 27.380, W125 19.978 with room 2 tents and beach space at most tides for at least one tent with some shifting around of minor flotsam. The cabin location might be the same as the previous one mentioned here.",Quiet - fish farm noise inaudible.,Informal Site,50.45267,-125.32750,-13951393.482,6525041.956
Yorke Island,Informal site primary,Crown Conservancy,6,"Easy on protected pebble beach among boulders in cove behind islets on S side of island. Beach at Courtenay Bay on E side of island may be preferred access, camp location but is hazardous because of barbed wire defences in undergrowth. Very rough, hazardous water conditions may occur near S and W shores of in strong wind, ebb tides.","Several unofficial sites on grass by shore or on trails further N. Loses sun early. Preferred camp location not yet established but likely near Courtenay Bay landing, possibly in 2019. Composting (mouldering) toilet at fort site. No camping near fort.","Historic WW2 defensive gun position. Hiking trails. Maintained by Sayward Futures Society. Hazards include overgrown bunkers, wire, decaying buildings. Conservation work proceeding. See: <a href="https://bcparks.ca/henyemdzi-mekola-yorke-island-conservancy/" target="_blank" style="color:blue">Hənʎəmdzi Məkola/Yorke Island Conservancy</a>.",Dispersed Site,50.44423,-125.97802,-14023808.67,6523567.642
Johns Point,Campsite primary,Provincial Recreation Site,10,"Easy sand, pebble beach in sheltered bay. E aspect. Currents, turbulence off point. Alternative, rougher NW aspect beach on other side of neck.","Camp on grass under alder trees on headland. Old picnic tables in haphazard arrangement, some stacked. Move tables to use additional tent sites.",Debris from old saw mill. Mooring buoy. View.,Campsite,50.44534,-125.32419,-13951024.458,6523761.274
Blair Islet Mackenzie Sound,Informal site secondary,Provincial Forest,2 - 3,"Sheltered sand, gravel beaches with some boulders either side of point. Little or no beach at high water.","Undeveloped. Access up old trail by steep midden bank just W of S tip of islet. 2-3 level upland sites, others on slope could be brushed. 1 beach site at neaps. Thick salal, extensive deadfall, tree hazards reported, making most of the former approx 9 sites unusable without lots of work. Sunny, protected. Hammock opportunities.","Marginal for small party but brushing, deadfall clearing needed for any additional tent sites.",Informal Site,50.92007,-126.79180,-14114398.613,6607166.609
Watson Point,Informal site primary,Provincial Forest,3,"Easy at all water levels on moderate gradient beach of gravel, shell, some 40-200 mm barnacled rocks S of sawmill ruins.  Prominent derelict dock visible (2021). Beach floods at at water levels above 4.8 m. Carry boats up to trail. Currents to N of site.","Short paths to upland. Choose steep one or awkward side hill with erosion issues. Picnic shelter, table. Sites on midden bank, in grassy area clearing behind ruined dock. Potential additional sites if brushed. Hammock opportunities.",Attractive. View. Water at small seasonal creek. Village site prior to sawmill site. Possible site for 1 tent in Windy Bay to S. Used occasionally by large commercial groups.,Informal Site,50.94200,-126.85860,-14121834.755,6611040.6
Shorter Point west,Informal site primary,Provincial Forest,8,"Beach of sand, cobble, rock. NW aspect.","Upland sites W of creek. Small trees, deadfalls.",Water at creek.,Informal Site,50.40873,-125.73068,-13996275.642,6517364.468
Moore Bay,Campsite secondary,Provincial Recreation Site,6,"Easy on dock with float. NW aspect. Rough, rocky adjacent beach landing to SE gives harder access on cobble, boulder, bedrock at all water levels. Sign visible from water.","Developed site in mature trees. 4 picnic tables, benches, pit toilets, fire pits, some tent platforms. Slightly gloomy.","Small seasonal creek. Dock, float, anchorage. Rough landing if float not usable.17.8 Ha.",Campsite,50.87963,-126.53843,-14086193.961,6600029.802
Atkinson South Islet,Informal site secondary,Provincial Forest,1,"Access channel between Atkinson I, small islet to S. Cobble rock, boulder landing.  Strong currents. Channel may dry at low water. Other channel to S blocked by logs, stumps. Safest land approach over rough terrain from E side.",Undeveloped small marginal site in salal. Potential for more with minor brushing. Rough site.,Some supplies at Sullivan Bay 1 NM to E visible in photograph.,Informal Site,50.88638,-126.85067,-14120951.624,6601220.798
Cypress Harbour,Campsite primary,Provincial Recreation Site,10,"Moderately steep beach in sheltered inlet. Patches of sand, grass but mainly mixed rocks at low, mid water. Sign visible from water.","5 developed large double sites. 4 picnic tables. Fire rings. Pit toilet. Can be damp, buggy. Regrowth of small alders, bushes. ",Water at creek 0.5 NM to E. Site might be former log dump.,Campsite,50.82910,-126.66532,-14100318.556,6591118.986
Cane Point,Informal site secondary,Provincial Forest,2,"Beach in small sheltered cove. Bedrock, boulder landing at high water only. Low water landings impractical on awkward boulder shore.","Undeveloped. Clear grassy area, sloping rock ledge at SE end of beach.",Attractive. Sometimes known as Mauve Islet or incorrectly as Mauve Point.,Informal Site,50.85520,-126.89172,-14125521.289,6595720.137
Deep Sea Bluff,Informal site secondary,Provincial Forest,variable,"Easy on smooth shell beach NW aspect, protected by reefs. Drift logs.","Beach camping for 2 tents on tiny tombolo, if tide less than 4.1 M Alert Bay but driftwood might prevent use. Upland accessible up steep bank with 3 potential rough tent sites, in need of brushing. Hammock opportunities. Site reported as unusable 2021.",View. Wildlife viewing.,Informal Site,50.81745,-126.50708,-14082704.095,6589066.045
Polkinhorne Islands,Informal site primary,Crown Conservancy,3 - 4,Easy in cove with good protected clam bed beach with rock outcrop. Approach isthmus from S or shorter from NE using old boat run. Long carry at low water.,"1 good foreshore site possible at Neaps, 2 established upland tent sites. 1 marginal in forest, 1 excellent on grass, facing cove to S of landing site. Camp furniture. Slightly gloomy N aspect. Small exposed rock ledge site on rock peninsula.",Strategic all-weather location. Attractive.,Dispersed Site,50.79814,-126.93400,-14130228.244,6585664.103
Burdwood Group north,Closed Site,Crown Conservancy,n/a,"This site is currently closed. Site closures may occur for a variety of reasons, including environmental protection, weather-related damage, safety concerns, or directives from First Nations. BC Marine Trails will update this site’s status as new information becomes available. We appreciate your understanding and cooperation in helping preserve these areas for future generations.",nan,nan,Closed,50.79740,-126.46759,-14078307.253,6585534.583
John Island southeast,Dispersed site secondary,Marine Provincial Park,2 - 4,Middle island in Benjamin Group has sheltered shell beach but mostly floods at high water.  SE aspect. Report of fallen trees at beach.,Level rock platforms at S end of cove. Some potential forest campsites usable if brushed.,See <a href="https://bcparks.ca/broughton-archipelago-park/" target="_blank" style="color:blue">Broughton Archipelago Provincial Park</a>,Dispersed Site,50.77272,-126.61445,-14094656.279,6581187.774
Cockatrice Bay,Informal site secondary,Provincial Forest,2 - 4,"Rough shallow beach with 30-60cm boulders. Sheltered except from W. Awkward at high water, but easier at all other water levels.","Sheltered, undeveloped. 1 good site to N of creek. 2 exposed tent sites on bedrock at shore. Others possible in trees with brushing. Little beach at high water. Hazardous dead standing snags/trees suggest avoiding use in high winds.",Water at year-round creek. Wreck.,Informal Site,50.79308,-126.82890,-14118528.566,6584773.848
Dobbin Bay,Informal site secondary,Provincial Forest,1,Shallow mud beach with boulders. Impractical at lower tide levels.,Undeveloped. Possible site to W of creek or at the head of the bay on solid rock which is dry at nearly all tides.,Marginal site. Water at small creek.,Informal Site,50.78487,-126.80350,-14115701.051,6583326.997
Echo Bay,Campsite secondary,Marine Provincial Park,30 +,"Easy, pebble, shell beach. Seawall above with easy access to upland to S.  Dock and floats not maintained, taken out of service 2012.","Sheltered, mouldering toilet. Camp in large grass field.","No water in park. Creek nearby. Post office, accommodation, store. museum. 2 marinas, private docks, anchorage. See <a href="http://www.env.gov.bc.ca/bcparks/explore/parkpgs/echo_bay/" target="_blank" style="color:blue">Echo Bay Marine Provincial Park</a>",Campsite,50.75067,-126.49450,-14081303.328,6577307.493
Cullen Harbour,Day Use,Crown Conservancy, 1,"Protected sand, gravel beach .",Grass site to S of beach. Small level rock areas. Feasible to camp on outcrop. JK's guide places site at 50 46.34N 126 44.83W.,Marginal site. Site reported at W end of Long I not found. Coastal Waters Recreation maps shows a site in Booker Lagoon on N shore Centre W arm. No other information.,Day Use,50.77160,-126.73725,-14108326.135,6580991.418
Fox Group Islands,Campsite primary,Marine Provincial Park,15 +,"Easy on gravel, shell, mud beach on Island 66 in Retreat Passage. At SW tip of island SW aspect. Good protection from SE. Fair protection from W. Steep bank access with short rope.","Sheltered tent sites. Camp in cleared areas in forest on small headland facing an isle across rocky neck. Suited to all weather. In conjunction with Kwikwasut’inuxw Haxwa’mis First Nations 12 tent platforms, 2 kitchen shelters, composting toilet added May 2023. ",Frequently used by commercial groups. Trails connect sites. Aka Retreat Passage. See <a href="https://bcparks.ca/broughton-archipelago-park/" target="_blank" style="color:blue">Broughton Archipelago Provincial Park</a>,Campsite,50.71577,-126.59562,-14092559.588,6571169.315
Tracey Island,Dispersed site primary,Marine Provincial Park,6 - 8,"Easy  at mid, high water on small shell beach or through narrow gap in high rock shelf. More awkward at lower water levels or land on beach to W and walk into campsite. ",Undeveloped. Small sheltered upland site in forest backed by cliff. S aspect. Beach or forest sites.,Attractive. Frequent water taxi pick up/drop offs. Aka Monday Anchorage. See <a href="http://www.env.gov.bc.ca/bcparks/explore/parkpgs/broughton/" target="_blank" style="color:blue">Broughton Archipelago Provincial Park</a>,Dispersed Site,50.73567,-126.63850,-14097333.335,6574668.747
Dusky Cove north,Informal site secondary,Crown Conservancy,4,"Easy on sand, rock beach. Some boulders.",Camp on rough grass. Likely wet at Springs.,No comments.,Dispersed Site,50.69615,-126.66627,-14100424.31,6567721.155
Sedge Islands,Dispersed site secondary,Marine Provincial Park,2,"Easy on low gradient mud, mixed rocks beach in bay with S aspect. Alternative landing in long narrower SW aspect cove on W side of largest island has longer approach to site, but also easy on rock, cobble beach with mud, sand below. Well protected from swells. Long carries of 100 m at low water, but a report suggests much longer.","Upland gloomy, damp site with 2 cleared tent pads in salal. Suited to hammocks. W side bay has strip of grassy sand between beach, forest for possible additional sites, but might floods at Springs. ",Rough connecting trail between bays. See <a href="https://bcparks.ca/broughton-archipelago-park/" target="_blank" style="color:blue">Broughton Archipelago Provincial Park</a>,Dispersed Site,50.68005,-126.69337,-14103440.879,6564891.875
Cedar Island,Campsite primary,Marine Provincial Park,6,"Sand, gravel beach in cove at S end of island. SW aspect. Sand, pebble at high water. Cobble, some boulders, eelgrass at low water. May have surge. Currents in Providence Passage. Passage between Cedar, Midsummer Is dries.",Large clear area in gloomy forest. Some sites slope. ,Open to afternoon sun. Good alternative to Owl Is N. See <a href="https://bcparks.ca/broughton-archipelago-park/" target="_blank" style="color:blue">Broughton Archipelago Provincial Park</a>,Campsite,50.65273,-126.68740,-14102776.858,6560094.632
Owl Island south,Dispersed site primary,Marine Provincial Park,5 - 7,"Easy on cobble, small boulders at high water, sand or smooth clam bed at low water. Boat run at centre beach. Protected bay. SW aspect. ","Sheltered, undeveloped. Large clear upland area in forest. Hammock opportunities. At Neaps, beach top pebble tent sites possible at NW side of bay. Lowest tent sites soggy in wet weather. Several hazardous trees felled 2023/24 but some remain.",Attractive. Modest view. See <a href="https://bcparks.ca/broughton-archipelago-park/" target="_blank" style="color:blue">Broughton Archipelago Provincial Park</a>,Dispersed Site,50.64672,-126.69056,-14103128.182,6559038.373
Lady Islands,Informal site secondary,Crown,4,Sheltered landing on small rocks. Sand at low water.,Brushing needed. John Kimantas guide has camp at 50 38.53N 126 25.88W. Another location is on islet connected to E island (Little Lady Island). Various possibilities.,View.,Informal Site,50.64148,-126.42727,-14073818.951,6558119.622
Crease Island north,Campsite primary,Crown Conservancy,4,"Easy on sheltered sand, pebble beach. Boulders at low water, easy to avoid.","Semi-developed. Beach or upland forest sites in rough clearings on W side of bay. One sandy beach site at E end. Pit toilet. condition unknown or now absent (2024). Mostly shaded, so often damp.",No comments.,Campsite,50.62652,-126.65218,-14098856.553,6555492.871
Crease Island south,Informal site secondary,Crown Conservancy,6,"Report received of poor landing on rough beach with big rocks.  Easier, on sand pebble, cobble beach at high water. Easier landing in bay to SW, (50.618,-126.647). but marginal at high water (assume beach floods).","Report of former sites being overgrown, entry from beach impassable due to blowdown. No visible tent sites. Previously assessed as Sheltered sites in young forest May need brushing. .",Provincial Boat Haven. ,Dispersed Site,50.61997,-126.64472,-14098026.243,6554343.454
Swanson Island west,Informal site secondary,Crown Conservancy,6 - 8,"Easy, on cobble, pebble beach. SW aspect.","Sheltered, undeveloped. 2 forest sites on S side of creek, 1 on N and 1 in farther N corner. Access awkward. Also camping on point reported.",Water at seasonal creek. Commercial use likely. Views.,Dispersed Site,50.61683,-126.73428,-14107995.883,6553793.806
Vernon Bay east,Informal site secondary,"Crown, First Nation",unknown,"Enter creek mouth at S end of long, wide sand beach 350 m long. Turn after passing gravel berm. S aspect. Offers more shelter than open beach landing. Creek mouth may dry at low water.","Some beach campsites present. Possible nearby location might be better or more accurate - reported by SeaTrails Charts Seattle, WA as N48D 59.9520M W125D 08.0640M (map datum unknown) so site could be further to W i.e. at opposite end of beach, away from creek mouth. However, this or another site was assessed at N48D 59.825M W125D 07.911M NAD 83 in creek mouth on grassy patch on N bank. Site might flood at Springs or in wet weather.",Water nearby at year-round creek. Also nearby seep. Report of nearby resort partly overlooking site.,Informal Site,48.99692,-125.13190,-13929619.401,6274339.562
Eden Island east,Informal site primary,Crown Conservancy,12,Easy on smooth shell beach. Moderate gradient. Protected. SE aspect.,"Upland sites in forest above high bank. Low forest slope. Beach top sites also feasible at Neaps, but forest comes to waterline, so overhung with branches. Hammock opportunities.",Narrow trails. <a href="https://bcparks.ca/broughton-archipelago-conservancy/" target="_blank" style="color:blue">Broughton Archipelago Conservancy</a>. Musgamakw Dzawada’enuxw sign asks for respect. Please observe BCMT Code of Conduct.,Dispersed Site,50.75323,-126.63119,-14096519.122,6577759.138
Halkett Bay Dock,Day Use,Regional,n/a,"Float, dock or adjacent 7% slope gravel beach at high water, similar at medium and low water, some drift logs.",Flat grassy bench or roadway at 1 m elevation for day use above beach.,"In emergency, 2 or 3 possible tent sites. Dock owned, managed by Sunshine Coast Regional District. Main access to adjacent Camp Fircom (United Church Family camp) with its 3 other beaches. Hiking trails lead off from public roads.",Day Use,49.44344,-123.33955,-13730096.346,6350441.426
Spiller Passage,Dispersed site secondary,Marine Provincial Park,3,Landing at all but lowest tides best from west pocket beach behind rock promontory. Small cove with white shell beach. Steep wooded 'platform' above. Access from main E beach blocked 2025 by downed trees. May land on W side of rocky point instead. ,NW corner has smooth stone point with flat rock midden earth step leading to isthmus-like feature. One visible good tent site just above the landing. Follow trail leading E about 100 m to 2-3 more forest sites.,"Large dead tree defines west edge of main tent site. When tree falls, it will uproot and destroy site. Good afternoon sun nearby. Seep in the woods possibly useable if filtered. In wetter year, water would likely be fine",Dispersed Site,50.72087,-126.67110,-14100962.784,6572066.593
Squamish Spit Inner,Launch Site,Municipal,n/a,"E side of dike - easier access, better at medium to high tides. Beach of gravel, firm mud.  W side - 2 m riprap bank, short carry to Squamish River nearby, minimal current. Shoals in estuary. Area known for high winds.",Camping not permitted.,"Park, launch before lockable gate, beyond which launch fee is required by Squamish Windsports Society. Wildlife Managment Area. hiking, bike trails. Birding. Wildlife viewing. View. Parking unrestricted (2015). Road directions - follow 'windsurfing' signage from centre of Squamish. Follow Buckley Road, Queens Way curving left onto Government Road. Go 1 km past railway crossing, turn right on gravel road then left (S) at T junction at dike. Continue to gate on Squamish River Dyke Road.",Launch Site,49.69501,-123.18067,-13712409.638,6393622.875
Sandford Island,Informal site primary,Crown tenure - Section 17 designated use area,10,"Bay with partly protected sand beach 50 m long, E aspect. Strong surge at times.","Upland sites on gravel up 2 trails. Food hang rope. Camp furniture. Picnic table. Occasional commercial use. Coords reported as N48.86931, W125.16479. Toilet broken, non-functional.",Attractive.,Informal Site,48.86917,-125.16498,-13933302.017,6252691.823
Holford Bay north,Informal site secondary,Crown,2 - 3,Beach W aspect.,No comments.,Possible water source 50 m to S. Tzartus Island,Informal Site,48.93818,-125.08357,-13924239.319,6264378.336
Ben and Nicks Beach,Day Use,Provincial Recreation Site,unknown,Easy on pebble beach.,Possible camping on beach or upland.,Not a desirable site. Dark. See <a href="https://bcparks.ca/vargas-island-park target="_blank"color:blue">Vargas Island Provincial Park</a>. See <a href="https://www.bcmarinetrails.org/paddling-within-the-ahousaht-hahoulthee/" target="_blank" style="color:blue">Vargas Island webpage</a> with information on Ahousaht access passes.,Day Use,49.19595,-125.94786,-14020451.53,6308175.701
Saranac Island,Campsite secondary,Provincial Recreation Site,6,"Easy but rocky at low tide. Large pebble, rock beach. SE aspect. Land in W portion of double bay. ","2 established sites in upland, about 4 on beach. E side beach might also have sites but rougher landing. Beach across neck to NW also has potential tent sites. Hammock opportunities,",Water at seasonal streams in E bay or in next bay to S. Larger site than Robert Point. Remnants of a trail around point to another beach to NW.,Campsite,49.24109,-125.90999,-14016235.973,6315868.773
Pacheendaht,Commercial,IR,30 +,Entering Gordon River mouth avoids any beach surf. Extensive sand beaches. Steep at river.,"Developed commercial site. Toilets, shower, fire pits.",No potable water (2009).,Private or Commercial,48.57624,-124.41212,-13849493.602,6203261.007
Sooke River Campground,Commercial,Private,40 +,Easy on gravel bars in river or tributary creek.,"Developed campground. Grassy meadow. Showers, flush toilets. Picnic area. Fire pits. Seasonal opening 1 April.",Water at tap. Owned by Sooke Community Association. Ph: (250) 642-6076 for reservations.,Private or Commercial,48.38947,-123.70873,-13771193.198,6171894.532
Muir Creek,Commercial,Private,7 - 10,"Cobble, pebble beach. Exposed south facing beach but if able to access into creek, protected landing further up on either side of creek. One of the photos showing on map web site taken at extreme low tide when mouth of creek blocked by gravel/sand bar. 2023 assessment done at relatively high tide, sandbar across mouth of creek can create wave action. ","Large sand, gravel area upland with gated road access to highway 500m. Unknown if camping is permitted. ",Large site to SE being developed 2009.,Day Use,48.37940,-123.86633,-13788737.149,6170207.181
Sandstone Ledge,Campsite secondary,Marine Provincial Park,15,"Awkward on exposed, sloping rock ledges, covered with fucus at low water. Surf possible when windy. Fair weather stop only. Landing, loading impractical in any significant waves. Short stair leads to upland. Current hazards in Porlier Pass.","Camping permitted at specified sites only, each with picnic table, gravel pad, several on bank above shore. Pit toilet. Access difficulty reduces value of site to paddlers. Food cache reported. No fires. This marine park has become a favorite bike-packing location and can be extremely busy. Wooden kayak racks at trailhead into campsites. Summer camp host at Parry Lagoon. Some overflow sites. Camping fees apply 1 May to 30 September. May pre-pay permit via Internet, but no reservable sites. Fee $5.00 per person per night (2022) via <a href="https://camping.bcparks.ca/" target="_blank" style="color:blue">BC Parks Backcountry Registration System</a>.","Water at pump at Parry Lagoon must be boiled or treated. Rack for boat storage. Extensive hiking trails. Use by cyclists seems to be tolerated. Sandstone headlands, tidal lagoon to N. Wildlife viewing. See: <a href="https://bcparks.ca/dionisio-point-park/" target="_blank" style="color:blue">Dionisio Provincial Park</a>.",Campsite,49.00721,-123.56771,-13755494.11,6276084.529
Pebble Beach Galiano Island,Day Use,Provincial Recreation Site,n/a,"Easy on smooth sand, pebble beach. exposed to NW. Occasional boulders at low water. Beach mostly floods at high water. Drift logs. Surf possible in NW conditions.",Upland camping not permitted. Wide level grassy area adjacent to beach. No fires permitted most of year. 4 potential beach top sites subject to minor flotsam clearing. Drying clearance marginal at Springs.,"Popular for day use by walkers on well-used loop trails from Melissa (1.3 km), McCroskie (1.7 km) Roads, continuing to Cable Bay. Upland forest managed by Galiano Parks and Recreation Commission (CRD) as nature reserve, conservation, recreation area. Pebble Beach Nature Reserve, Great Beaver Swamp, also mapped as Pebble Beach Recreation Site, Pebble Beach District Lot 63.",Day Use,48.94872,-123.48023,-13745755.881,6266165.421
Reid Islet,Day Use,Provincial Recreation Site,n/a,"Difficult, rock ledges.  Protected from NW but exposed to SE. Easier access on NE side at lower tide levels.",Camping not recommended. Undeveloped.,On unnamed islet S of Reid Island. Hence name.,Day Use,48.98945,-123.61583,-13760851.617,6273071.469
Gloucester Point,Informal site secondary,Provincial Forest,1 - 2,"Easy on gravel, pebble, cobble beach. Scattered larger rocks. Exposed NE aspect but protected from E-W, S winds. Subject to outflow wind from Toba Inlet, presumably mostly in winter. Drift logs.",One site partly brushed in level forest. Possible marginal beach site(s) offers little clearance but usable at Neaps. Several additional sites could be brushed with effort in dense vegetation.,"Water at creek, possibly seasonal, near centre beach slightly to W of site. Site of former homestead. Old trails or roads behind beach, largely overgrown.",Informal Site,50.28173,-124.82620,-13895589.022,6495210.752
Deer Passage,Informal site primary,Provincial Forest,5,"Moderate on exposed low gradient gravel, cobble, boulder beach. General W aspect.  Vessel traffic. Low water landing at S point limited to single boats at a time.",Level clearings in upland forest. 10 m S of boulders follow path 4 m into upland above beach. Beach camping feasible at neaps. Fire ring. Point to S also feasible for 1 tent but more exposed. Another site in bight S of point to S has poorer landing in cove protected from NW but offers more shelter - option in rough conditions.,Water at creeks which appear to be year-round. Small waterfall. ,Informal Site,50.29139,-124.93177,-13907340.842,6496893.747
Hepburn Bay,Informal site primary,Provincial Forest,3 - 4,"Easy, on low gradient beach of gravel, sand. Easy at mid, high water. Awkward oyster band at low water. Exposed NW aspect. Drift logs. Bay S of Hepburn Pt.","Undeveloped. Potential for up to 8 sites with re-brushing of previously cleared areas, some now overgrown. 3-4 tent sites brushed 2023. 3 hammock hangs cleared. Beach camping at small tides. Path at forest opening right of fir among alders in centre beach. ","Water at seasonal creek at bluff side of bay. Former logging camp, Some debris remains, Active log dump (2009) 200 m to NE or next bay NE. Dump appears inactive 2021. ",Informal Site,50.29540,-124.75364,-13887511.679,6497592.481
Lewis Channel north,Informal site primary,Provincial Forest,3 - 4,"Easy on beach N of peninsula facing NW. Fine gravel at high water. Cobble, scattered boulders at low water. Mid tide rock band with boulders, rougher below. Beach floods to logs at Springs. Protected from S. Frequent boat wash. Vessel traffic. W wind funnels N in Lewis Channel.",Several brushed sites in open level forest. Good clear site N of 1 m x 3 m boulder at beach S end. Good potential for more sites if levelled. Beach camping feasible at most water levels.,View. Attractive. Old roads lead into mature second growth forest.,Informal Site,50.21426,-124.95242,-13909640.202,6483464.881
Lewis Channel central,Informal site secondary,Provincial Forest,3,"Easy on pebble, sand, rubble beach on N side of small point. A few boulders at low water. Band of rocks has smoother section at centre beach. Protected from S.",Undeveloped. Small sites at back of point up short trail. Exposed to S. Beach camping tide dependent. Further sites in forest above beach with brushing.,View. Attractive. Water possible at nearby seasonal creek. Aka Lewis Channel south,Informal Site,50.20993,-124.94839,-13909191.64,6482710.856
Roscoe Bay,Campsite primary,Marine Provincial Park,4 - 6,"Easy on clam, oyster shell beach at head of long, very sheltered cove. Boat run cleared of oysters. Heavy vessel traffic particularly at high slack water for transits of narrow shoal entrance. ","Grassy tent sites at bay head. Pit toilet. Food bin. Picnic table. Little privacy from many passers-by. Many boaters anchored in bay walk to lake through occupied campsites to avoid rougher beach. Camping fees apply 1 June to 15 September. Either pre-pay permit via Internet or at Lund or Okeover launch sites, but no reservable sites. Camp only at designated sites.",Water at creek or at broken pipe that drips water off cliff near trail to ruins. Lake another potential year-round source. Lake swimming nearby along hiking trail. Busy anchorage - no discharge zone. Hiking trail to viewpoint. See <a href="https://bcparks.ca/roscoe-bay-park/" target="_blank" style="color:blue">Roscoe Bay Provincial Park</a>,Campsite,50.15837,-124.77492,-13889880.558,6473748.043
Melville Island west,Day Use,Marine Provincial Park,n/a,"Moderate on exposed steep cobble, rock beach. S aspect. Land on rocky neck between islet and W tip of island. Boat run. Alternate landing on N side.",Camping not permitted.,Views. See <a href="https://bcparks.ca/desolation-sound-marine-park/" target="_blank" style="color:blue">Desolation Sound Marine Provincial Park</a>,Day Use,50.14320,-124.72604,-13884439.028,6471112.505
Otter Channel,Day Use,Marine Provincial Park,n/a,Easy on rough protected beach with cleared boat run in centre.,Good rest areas under trees or on bluffs. Camping no longer permitted.,View. Aka Otter Cove. See <a href="https://bcparks.ca/desolation-sound-marine-park/" target="_blank" style="color:blue">Desolation Sound Marine Provincial Park</a>,Day Use,50.12363,-124.72682,-13884525.723,6467714.545
Galley Bay,Dispersed site secondary,Marine Provincial Park,1 - 2,"2 cleared boat runs through boulders, mixed rocks on moderate gradient beach in protected bay. NW aspect. ",1 large site at beach top. Small trails might lead to other possible sites in sloped forest. Hammock opportunities. Fire pit on bluff. ,Stern ties for cruising boats. Aquaculture in bay. Some private homes. See <a href="https://bcparks.ca/desolation-sound-marine-park/" target="_blank" style="color:blue">Desolation Sound Marine Provincial Park</a>,Dispersed Site,50.06750,-124.78600,-13891113.978,6457973.869
Gorges Islands,Dispersed site secondary,Provincial Park,4,"Various awkward or difficult bare rock shelves or on small rock, oyster beach. Significant oyster band at low water. Likely easier at high water. Generally protected from winds, swell. Landing choice depends on site selected for use.",Tent sites on rock ledges among bluffs. Favoured locations for paddlers on W island or on shelf at E side of main (E) island. Fire pit seen but No Fires rule in place., View. Attractive. Wildlife habitat to be avoided during Spring nesting season. Busy anchorage. Water in seasonal creek at Butler Point. Pipe may may collection easier. See <a href="https://bcparks.ca/walsh-cove-park/" target="_blank" style="color:blue">Walsh Cove Provincial Park</a>,Dispersed Site,50.26730,-124.80000,-13892672.451,6492696.828
Teakerne Arm,Informal site primary,Provincial Forest,3 - 4,"Easy on pebble, small cobble beach in cove behind rocky peninsula W of park boundary. SE aspect. Reported as not obvious to find.","Sloping grass bluffs of isthmus or peninsula have level areas of rock, grass. Geese evident on grass areas. Isthmus neck regularly floods at high water. Anchored pleasure boats reduce privacy.","Attractive. Park day use area nearby - access by water - has anchorage, floating dock, pit toilet, waterfall, hiking trail, lake swimming. Paddlers have been known to camp there on flat rock. Lacks privacy.",Informal Site,50.19803,-124.85407,-13898691.129,6480642.617
Lloyd Creek,Informal site primary,"Crown tenure - Section 17 designated use area, Provincial Forest",4,"Easy on sand, gravel, mixed cobble beach. Oyster band at lower water. N aspect.  Protected from S.",Undeveloped. Camp in upland open forest N of creek. Berry bushes. Light brushing needed. Potential for more sites with brushng. Beach camping at lower tides.,Water at creek. Oyster lease to N. View.,Informal Site,50.19201,-124.61037,-13871562.947,6479594.972
Elworthy Bay,Informal site primary,Provincial Forest,3 - 4,"Moderate on cobble beach, rough at low water. Reefs.","3 tent sites, 2 fire pits all usable. Some wooden structures remain from earlier squatter occupation. ",Water at creek. Part of site may be tenured as log dump. Anchorage.,Informal Site,50.19756,-124.79199,-13891780.259,6480560.45
Mary Islands,Day Use,Marine Provincial Park,n/a,Moderate on rough beach with boulders. SE aspect,No known or sanctioned camping.,View. Rugged islet. See <a href="https://bcparks.ca/desolation-sound-marine-park/" target="_blank" style="color:blue">Desolation Sound Marine Provincial Park</a>,Day Use,50.14745,-124.69795,-13881311.807,6471849.999
Kinghorn Island,Informal site secondary,Crown,10,"Moderate to difficult on moderately steep cobble, boulder beach E of headland. N aspect so exposed to NW. At mid water levels, narrow cleared boat run helps, but boulders above, below affect access at high, low water. Report received that rock ledge to N assists. High winds could make leaving difficult. tough landing, Beach floods to trees, drift logs. Another landing around headland might be easier on low gradient pebble beach. NW aspect. ","Undeveloped. Upland cleared sites in forest. Terrain flattens behind beach. Benches, fire pit. Rustic kitchen furniture. Olive barrel for food storage. Well shaded. Hammock opportunities.",Attractive. Views. Water at creek. Site regularly used by paddlers. Historic anchorage of Captain Vancouver. Occasional use by large guided parties.,Informal Site,50.08605,-124.85203,-13898464.493,6461191.925
Martin Islands,Informal site primary,Crown,7,"Easy on either N or S of tombolo except S side reported blocked by log (2022). Shale, gravel with cleared boat run on N side running W to E through boulders, visible when close. S side has many drift logs.","Undeveloped. Sheltered large clear site in centre, smaller areas on W island. Picnic table, benches. Suited to groups. Potential for more sites. 3 or more upland fire pits. ",Attractive. On dry tombolo - islands not completely split as shown on chart. High use requires attention to good sanitation practices. Report received of high use by instructional or commercial groups for prolonged periods. ,Informal Site,50.11017,-124.82167,-13895084.377,6465376.677
Call Bight,Day Use,Marine Provincial Park,n/a,"Low gradient broad estuary gives easy all-tide access on small gravel, pebble, rubble, oyster beach. Scattered boulders. Exposed to SW. SW aspect.",Undeveloped. Small trails in sloped forest. Camping not permitted.,Water at seasonal creeks. See <a href="https://bcparks.ca/desolation-sound-marine-park/" target="_blank" style="color:blue">Desolation Sound Marine Provincial Park</a>,Day Use,50.10333,-124.70067,-13881614.719,6464190.617
Okeover,Launch Site,"Public Harbour, Public Harbour",n/a,"Paddlers are asked to use beach to N of public wharf.  Rough beaches on either side of wharf in sheltered inlet with protective boom. To avoid boulders, plan for mid or high water use. Concrete boat ramp adjacent with signs telling kayakers to not use it. Slightly smoother beach lies approx. 100 m N near campground. Harbour Authority charges launch fees.","Picnic shelter, fireplace. Developed campground nearby. 14 drive in sites 4 walk-in sites.","Launch fee $5. Concrete boat ramp, floating docks, wharf. Picnic area, water at tap. Pay parking nearby.. Parking for vehicle $5/day. Okeover Harbour Authority. See <a href="https://bcparks.ca/okeover-arm-park/" target="_blank" style="color:blue">Okeover Arm Provincial Park</a>",Launch Site,49.99102,-124.71202,-13882878.562,6444720.808
Scobell Island,Day Use,Marine Provincial Park,n/a,Rock ledges in sheltered bay. S aspect. Likely easier at low water.,Camping not permitted. Grass area. Noise from many anchored boats.,See <a href="https://bcparks.ca/desolation-sound-marine-park/" target="_blank" style="color:blue">Desolation Sound Marine Provincial Park</a>,Day Use,50.14779,-124.68095,-13879419.866,6471909.324
Openit east cove,Informal site secondary,IR,8,nan,nan,"This site is currently closed. Site closures may occur for a variety of reasons including environmental protection, weather-related damage, safety concerns or directives from First Nations. BC Marine Trails will update this site’s status as new information becomes available. We appreciate your understanding and cooperation in helping preserve these areas for future generations.",Closed,49.36155,-126.25630,-14054787.025,6336433.022
Sansum Narrows,Dispersed site secondary,Provincial Park,3,"2 pebble beaches of moderate gradient with 1 m high bank. Beaches sit between small rock outcrops. A reporter could not find suitable landing beach at high water (3.6 m). NW aspect. Currents, vessel traffic.","Dispersed camping permitted. Moderately level sites in attractive open forest, some on old roadbed, about 20 m above either of pebble beaches. Minor brushing likely required. No fires. Precise location might vary depending on site chosen. A reporter could find no suitable tent sites 2023.",Water at nearby seasonal creek. View. Hiking trail located 200 m to SE connects with main park trail #20 near junction with #23. Hydro right of way trail not maintained entirely. See: <a href="https://bcparks.ca/burgoyne-bay-park/" target="_blank" style="color:blue">Burgoyne Bay Provincial Park</a>.,Dispersed Site,48.79149,-123.54477,-13752940.887,6239555.383
Mars Tracey Narrows,Day Use,Marine Provincial Park,4,"Easy, on protected pebble/rubble beach. Mud at low water. E aspect. Possible access also from W. Currents in narrows to approx 5 kn.","Sheltered, undeveloped. Broad, grassy site with difficult or no high upland access. Appears prone to flooding at Springs. Likely damp.","Site featured in Wild Coast Guide, but should be used with caution, at small tides only. See <a href="http://www.env.gov.bc.ca/bcparks/explore/parkpgs/broughton/" target="_blank" style="color:blue">Broughton Archipelago Provincial Park</a>",Day Use,50.73435,-126.63097,-14096494.732,6574437.158
Wakes Cove,Day Use,Provincial Park,n/a,Land on smooth sloping sandstone bedrock shelf. Mostly steep rocky protected shores. Octagonal float dinghy dock at end of raised jetty.,"No camping permitted. Hiking trails. Boat dock, float.",Anchorage. See <a href="https://bcparks.ca/wakes-cove-park/" target="_blank" style="color:blue">Wakes Cove Provincial Park</a>`.,Day Use,49.12420,-123.70032,-13770256.266,6295961.872
South Kendrick Islet,Informal site secondary,Crown,3 - 5,"Moderate to difficult, on rock ledges at W shore approx 70 m SE of main tenting area indicated on map.  Easier at low water. Swells, current hazards, vessel traffic.","Undeveloped, large semi-exposed grassy level area on islet top.",West Vancouver Yacht Club outstation nearby on main Kendrick Island W shore. Anchorage. Adjacent to Wakes Cove Provincial Park but not within Park. ,Informal Site,49.12070,-123.68766,-13768847.24,6295367.278
Klaskino Lagoon,Informal site secondary,Provincial Forest,3,Low gradient sand beach makes for long carry at low water.  More protected than Keith R Site 4.,Camp on beach. Possible upland sites.,Adjacent to clearcut.,Informal Site,50.32697,-127.86337,-14233685.495,6503095.167
Klaskino Site 1,Informal site secondary,Provincial Forest,6,Easy on steep gravel beach at N end of long beach.  Beach to S not accessible from seaward because of blocking reefs.,Very limited space at Springs. 6 or more sites otherwise.,No comments.,Informal Site,50.32405,-127.86313,-14233658.89,6502585.879
Quatsino Caves,Day Use,Provincial Recreation Reserve,2,Easy on pocket beach.,Many logs. Dense vegetation in upland.,Good picnic site in calm weather. Little space for camping. Seasketch shows as Provincial Recreation site but status believed to be Reserve.,Day Use,50.47191,-127.97054,-14245615.617,6528407.775
Battle Bay Cove,Dispersed site secondary,Provincial Park,2,"Easy landing on protected sand beach inside deep cove. S aspect. Moderately steep at low tide, accessible at all tides. Approach from SW. Other coves in vicinity. A cove to E appears connected, but is usually separated by jagged rocks.","2 beach sites on pebble, small stones. Possible upland sites if heavily brushed. An area of sea grass could yield tent sites at Neaps. Hammock use also require brushing.",Attractive. See: <a href="https://bcparks.ca/muqqiwn-brooks-peninsula-park/" target="_blank" style="color:blue">Mquqwin Brooks Peninsula Provincial Park</a>.,Dispersed Site,50.12368,-127.55928,-14199834.463,6467723.226
Big Bunsby Beach,Day Use,Provincial Park,n/a,"Easy landing on small pebble beach. Mossy rock with spruce trees has tombolo to main shore on beach of sand, gravel. Good protection from SE.",Camping here discouraged by BC Parks,Big Bunsby Island Provincial Park. ,Day Use,50.09938,-127.51453,-14194852.493,6463505.135
Too Tah Island,Informal site primary,Treaty Settlement Land designated for public access,5 - 7,"Easy landing on sheltered sand beach at all tides. NE aspect. Alternate approaches, landings on beaches with W, S aspects.",3 sheltered upland tent sites on treed neck between 2 beaches. Large private cabin with private outhouse at W aspect beach - no permission for public use of either. Exposed beach top sites suitable at Neaps but maybe not at Springs. ,First Nations (KCFN) owned Maa-Nulth Treaty land. Reasonable public access to be provided. Fees not currently charged (2023). Aka Barneys Island or Gay Passage Island. Frequent water taxi drop-off / pick up site. Indirect report of campers being asked to leave when cabin owner is present.,Informal Site,50.09277,-127.51253,-14194630.299,6462356.978
Nipple Mountain,Informal site secondary,Provincial Recreation Reserve,12,"Choose from S or N facing beaches. S side easy to moderate on steep pebble beach, various rocks.  N side easy on moderately sloped sand, pebble beach. Dumping surf in high swell can likely be avoided on one side or other. N side reported usually easier.","Many camping possibilities on beach, upland either side of small peninsula. 1 good upland site on S beach. Hammock opportunities.",Water at S beach clear creek believed to be year-round. Swim hole. Trail between N & S beaches. Some hiking trails along creek on S beach. IMAP shows REC136267 Provincial Recreation Reserve.,Informal Site,50.04702,-127.43755,-14186283.174,6454422.29
Santa Gertrudis Cove,Dispersed site secondary,Marine Provincial Park,2,"Easy. Small shale, gravel beach in very protected cove. E aspect.", Reporter did not see the picnic table or the clearing which was described in earlier write ups. The landing is otherwise as described although there were many logs. 3-4 upper beach sites available behind the logs.,"At Santa Gertrudis Cove, there is the main cove visible when entering and three smaller coves to the north. The closest cove is eel grass and mud at low tide. The small cove to the ocean becomes a passage at higher tides. Hiking trail to Jewitt Lake. https://bcparks.ca/santa-gertrudis-boca-del-infierno-park/Gloomy. See: <a href="https://bcparks.ca/santa-getrudis-boca-del-infierno-park/" target="_blank" style="color:blue">Santa Gertrudis - Boca del Infierno Marine Provincial Park</a>.",Dispersed Site,49.60162,-126.62305,-14095613.449,6377566.603
Nuchatlitz Islet,Day Use,Marine Provincial Park,1,"Easy beach but subject to surge and waves, less strong on NE beach. Gradient 3 to 5 percent. SE aspect.",Room to camp above tide line with two or more reasonable campsites on beach and upland (NE facing beach) Exposed to weather.,3 islets N of Ensanada Islet offer camping potential in this S Nuchatlitz area. Ensanada Islet itself has rough landings.,Day Use,49.79333,-126.96833,-14134050.21,6410561.439
Ross Islets,Informal site primary,Crown,5 - 7,"Crushed shell beach. Mixed rocks, cobbles lower. Approach from E at all tides. Access at high water from W, N.",Small sites in relatively close proximity. Protected.,Attractive but impacted heavily by users. Frequent use. Reported in July 2024: Established kitchen area used by boaters and paddlers. Grills left at site. . ,Informal Site,48.87364,-125.16024,-13932774.507,6253447.491
Keeha Bay,Campsite primary,National Park Reserve,unknown,"Crescent sand beach, rocky headlands. S aspect. Expect surf ranging upwards from minor in 1 m swell to heavy in high swell.  Easier at N end (IR) in NW conditions.  Could land at IR then wheel craft to within park.","Toilet. Food cache. May be subject to park use restrictions e.g. no pets. Reservable dates in 2022 May 1, 2022 - October 11, 2022. ","Attractive. Hiking trail to Bamfield 3.5 km, so expect heavy use. Suited to calm weather. Pacific Rim National Park Reserve. AKA Keeha Beach.",Campsite,48.78753,-125.17545,-13934467.22,6238886.057
Kirby Point southwest,Commercial,Treaty Settlement Land,6 - 8,E end of sand beach. SW aspect. Sheltered by island. Turbulent water likely at entrance in SW swell.,Camping fees are normally charged. Permit required for overnight use. See: <a href="https://huuayaht.org/services/lands-permits/" target="_blank" style="color:blue">=Camping Permit</a>. Rustic beach huts are no longer present. Any previous above beach camping areas were overgrown. We did not see anywhere to put a tent. A native graveyard was seen. ,Huu-ay-aht Treaty Settlement Land. ,Private or Commercial,48.84747,-125.20178,-13937398.763,6249019.205
Jepther Point,Dispersed site secondary,Provincial Park,3 - 5,"Moderately steep cobble, pebble beach. Difficult in high swell. Landing easier at either end of the beach. ","Beach sites on gravel, cobble.",Attractive. Water at creek. No access to N Coast hiking Trail. Reported (7-2024) they were unable to locate any streams or other water sources or any dry creek beds. Also stated that water was available approximately 2.5km East along the coastline.See: <a href="https://bcparks.ca/cape-scott-park/" target="_blank" style="color:blue">Cape Scott Provincial Park</a>,Dispersed Site,50.87475,-127.90626,-14238460,6599168.881
Shushartie Wharf,Day Use,Provincial Park,2,Easy on sand beach.,Camping not permitted at this time.,Nice site if tides are not too high. Historic ruined wharf. See: <a href="https://bcparks.ca/cape-scott-park/" target="_blank" style="color:blue">Cape Scott Provincial Park</a>,Day Use,50.86170,-127.87242,-14234692.314,6596866.418
Whaleboat Island,Day Use,Marine Provincial Park,n/a,Rocky landing at high water. SW corner has shell beach at low water.,"Camping not permitted or recommended. Small, rocky site.",No comments.,Day Use,49.07367,-123.69400,-13769553.094,6287370.348
Tent Island,Campsite primary,IR,8,nan,nan,"This site is currently closed. Site closures may occur for a variety of reasons, including environmental protection, weather-related damage, safety concerns, or directives from First Nations. BC Marine Trails will update this site’s status as new information becomes available. We appreciate your understanding and cooperation in helping preserve these areas for future generations.",Closed,48.92925,-123.63227,-13762681.387,6262864.471
Bennett Bay,Launch Site,National Park Reserve,n/a,"Easy on sheltered long sand, pebble beach. Drift logs. SE aspect. Fast currents in Georgeson Passage.",No camping permitted. Picnic tables.,"Wilks Road off Bennett Bay Road. Vault toilet close to Isabella Rd on trail to Campbell Point. Hiking trails. Swimming. Parking may be short-term only. Extensive old growth fir, garry oak. Meadow or old orchard being reforested. Gulf Islands National Park Reserve. See <a href="https://gulfislandsnationalpark.com/gulf-island-parks//bennett-bay-mayne-island/" target="_blank" style="color:blue">Bennett Bay</a>",Launch Site,48.84633,-123.25083,-13720220.003,6248827.479
Vansittart Island,Closed Site,Provincial Recreation Reserve,6,nan,nan,"This site is currently closed. Site closures may occur for a variety of reasons, including environmental protection, weather-related damage, safety concerns, or directives from First Nations. BC Marine Trails will update this site’s status as new information becomes available. We appreciate your understanding and cooperation in helping preserve these areas for future generations.",Closed,50.91679,-127.80648,-14227352.363,6606588.668
Carl’s Crab Shack and Nytom,Informal site secondary,IR,unknown,White sand beach. Surf tends to wrap around the point to W but  beach 10 m to S of site has a  channel with good sand landing. A  floating line usually marks entry. Keep rope on immediate port side.,Beach camping on sand. Not a recognized Parks Canada site.,Seasonal food may be available from temporary restaurant/cafe.,Private or Commercial,48.61307,-124.74605,-13886666.765,6209460.127
Aylard Beach,Day Use,Regional,n/a,Large sandy beach. SE aspect.,"Day use only. Camping not permitted. Pit toilets, picnic tables.","Hiking trails, parking at 300 m up trail. Large area. Interesting shoreline. Sea caves nearby. See: <a href="https://www.crd.bc.ca/parks-recreation-culture/parks-trails/find-park-trail/east-sooke" target="_blank" style="color:blue">East Sooke Regional Park</a>. Operated by Capital Regional District.",Day Use,48.32466,-123.63528,-13763016.414,6161036.981
Pacific Lions Marina,Commercial Campground,Private,unknown,No comments.,Grassy sites. RV use. Services.,4 day minimum. Might apply to boat-based camping.,Private or Commercial,48.32973,-123.63417,-13762892.515,6161886.851
Coon Bay,Campsite primary,Marine Provincial Park,15,"Easy on low gradient sand beach, steeper at top. N aspect. Surf possible in strong NW conditions. Alternate access by Parry Lagoon to SE of tombolo. Enter SE'most  lagoon entrance. Very low gradient, dries at low water. Third landing option 400 m to W of tombolo on moderate gradient gravel in well-protected Maple Bay. Longer carry but on good trail. High current, turbulence hazards in adjacent Porlier Pass.  Vessel traffic stays mostly well to N. ","Camping permitted only at specified forested sites away from shore. Each has gravel pad, picnic table. No fires. Shoreline for day use only. Pit toilets. Resident camp host in summer. Benches. Camping fees apply 1 May to 30 September. May pre-pay permit via Internet, but no reservable sites. Fee $5.00 per person per night (2022) via <a href="https://camping.bcparks.ca/" target="_blank" style="color:blue">BC Parks Backcountry Registration System</a>.","Attractive. View. Water at pump May - September must be boiled or treated. Former village site named Quelus'. Swimming. Sandstone headlands, wildflowers, tidal lagoon. Wildlife viewing. No sanctioned road or trail access. Extensive hiking trails. Car-based camping discouraged, Used (unauthorized) by cyclists. Regularly visited by power boaters. See: <a href="https://bcparks.ca/dionisio-point-park/" target="_blank" style="color:blue">Dionisio Provincial Park</a>",Campsite,49.01093,-123.57414,-13756210.117,6276716.869
Shah Point,Day Use,"Crown, Provincial Recreation Site",n/a,"Easy on protected low gradient sand, pebble beach. SE aspect. Low water might reveal more rocks, long carry. Some exposure to S. ","Undeveloped. Public beach. Upland road allowance approx 30 m wide lies between private lots with cabins, houses. Pit toilet, fire pit, picnic table placed by nearby property owner. Small ramp.","Trails, roads connect to island roads. Shah Pt private, properties to N, S private. Much of Rec Site is tidal or islet. ",Day Use,49.02857,-123.59666,-13758716.843,6279709.668
Oyster Bay Shoreline Park,Launch Site,Regional,n/a,Shingle beach. Drift logs. Short level trail from parking lot to shore over drift logs..,No camping permitted. Picnic tables Toilets.,Access directly from Hwy 19A Large gravel parking lot designated as roadside Rest Area. Overnight parking not prohibited but courtesy notice requests parking be limited to 8 hours.. Strathcona Regional District.,Launch Site,49.89610,-125.14642,-13931235.827,6428301.752
Quarry Bay Finlayson Arm,Informal site secondary,Provincial Forest,6,No comments,Secluded site used by campers and picnickers. Firepit.,No comments.,Informal Site,48.56587,-123.51897,-13750068.476,6201516.545
French Creek,Launch Site,"Public Harbour, Public Harbour",n/a,"Easy, protected pebble beach within harbour and boat tamp",No known camping.,"Parking available Parking is $8.99/day (2025). Assume overnight parking available for boaters, ferry users. Harbour area has pub, restaurant, store with provisions. Terminal for foot passenger ferry to Lasqueti Island takes 60 minutes and runs 4 times/day except 2 times/Sunday and no ferry on Tuesday. Winds can be strong in the channel so the ferry is another option if not paddling. It was easy to bring kayaks on our vehicles down to the ferry dock. There was ample room on the ferry to stow gear and the kayaks were stowed on the roof of the ferry.",Launch Site,49.34842,-124.35793,-13843461.344,6334189.493
Duck Bay,Day Use,Non profit society,n/a,"Easy low gradient sand, pebble beach. Scattered boulders. Exposed SW aspect.",Undeveloped. No residences behind beach as there are on most beaches of this heavily developed island.,"Short trail access to beach from Savary Island Road/Vancouver Boulevard. Centre section of island owned/managed by The Nature Trust of BC, #119 Secured 2002 Conservation of a forested dune complex. Hectares 142.07 DL 1375 TRILLIUM. Prior to acquisition this property was owned by U.S. based Trillium Corporation who had various plans to subdivide, The Nature Trust of BC in 2019 became sole owner. Steward - A Bouffard - 613-857-8142",Day Use,49.93643,-124.79733,-13892375.595,6435274.477
Shehtekwahn,Day Use,Treaty Settlement Land,n/a,"Easy,  on sheltered sand, pebble beach, soft mud silt in places. Low gradient protected bay. ","Large open grass areas among trees. Posted as private but Day Use permitted. 3 picnic tables. Fire pits. Site had crude toilet in 1998 in trees E of beach but not seen, believed no longer present 2022. ","Attractive. Water at creek, likely year-round. Large site with vehicle access. Good shelter from most winds. Some debris from old log sort. Tla'amin Treaty Settlement Land, effective 2016. Name changed from Pocahontas Bay to Shehtekwahn per Treaty.",Day Use,49.72433,-124.42793,-13851254.175,6398671.39
Edward King Island west,Informal site secondary,Crown,3,Small rocky beach has tiny pullout on N side. Little or no surf.,"Two upland sites, one small beach site. Secluded but rough. Two sources of water reported on SE shore of same island",Good picnic site.,Informal Site,48.82920,-125.21605,-13938986.925,6245929.744
Proud Outlook,Informal site secondary,Provincial Forest,1 - 3,Rough landing on slightly rounded rocks. At low water mixed rocks to 150+ mm.  At high water boulders range from 300 - 500 mm. Steep 20% grade to upland. 0.4 NM SW of Camp Potlatch.,"Pleasant upland tent sites beside creek, 2 in trees, 1 slightly lower in open glade. Sites 2 - 3 m above high water. Sunny.",Water at creek that appears to run year-round. Small waterfall. Potlach Creek 0.5 NM to NE has sure year-round water. Attractive. View.,Informal Site,49.57782,-123.32883,-13728902.166,6373480.081
Roger Curtis Park,Day Use,Municipal,n/a,"Easy on pebble, cobble beach in sheltered cove shielded by boulders. Beach floods at high water.",No camping. Extensive housing development in private upland. Otherwise ideal grassy camp areas out of bounds.,"View. Development of site began 2009. Site just N of northernmost pier. Marina with 3 long piers for resident boats impedes public beach access. Alternate cove near navigation light also impacted by dock, floats. Municipal walking trail joins 3 adjacent coves along shore, cliffs. Road access.",Day Use,49.34335,-123.42893,-13740046.004,6333322.795
Dock Island,Day Use,National Park Reserve,n/a,"Currents, vessel traffic.",Day use only. Shoreline only. Upland is Special Preservation Area. No camping.,View. Intertidal life. Special preservation area. Gulf Islands National Park Reserve.,Day Use,48.67168,-123.35781,-13732128.684,6219334.043
Kin Beach,Campsite secondary,Provincial Park,15 +,"Moderate to low gradient cobble, sand beach. NE aspect. Extensive cobble at low water.",Developed vehicle-accessible campsite. Pit toilets. Playground. Picnic shelters. Day use area. Campsite reservations recommended. Call 250-339-6365. Group site.,"Vehicle access via Ryan Road, to entrance to 19 Wing Comox. Turn left on Little River Road, right on Kilmorley Road. Stay left to the park. For closest parking to water go beyond park entrance to picnic shelter then approx 150 m further. Water at tap. Small store. Community-run Class C park. See: <a href="https://bcparks.ca/kin-beach-park/" target="_blank" style="color:blue">Kin Beach Provincial Park</a>.",Campsite,49.72802,-124.89683,-13903451.528,6399306.89
Jáji7em and Kw’ulh Sandy Island,Day Use,Marine Provincial Park,n/a,"Easy on S beach on sand, pebble. N beach has very low gradient so long carry at low water.",Camping no longer permitted. Pit toilet. No fires.,"Attractive. Walking route to Denman Island at tides below 2.5 m. Sensitive flora. AKA Sandy Island, Tree Island. See: <a href="Jáji7em and Kw’ulh Sandy Island" target="_blank" style="color:blue">Jáji7em and Kw’ulh Marine Provincial Park</a>.",Day Use,49.61875,-124.85320,-13898594.392,6380509.957
Ford Cove Hornby Island,nan,Private,10,"Easy, in protected bay with many floats. Land on small gravel beach that dries 100 m at low water.","Developed year-round commercial site, tent pads, full facilities, indoor flush toilets, shower, outdoor sinks, S from landing beach behind marina office - wheels useful. Reservations recommended in summer. Cottages for rent. www.fordscove.com","Water at tap. aka Ford's Cove. Marina, provisions, restaurant.",Private or Commercial,49.49631,-124.67497,-13878754.175,6359498.275
Qualicum First Nation Campground,Commercial Campground,First Nation,100 +,"Easy, protected pebble beach, more exposed at low tide. Optional launch in river.","Developed commercial campground. Full facilities, tent pads, hookups, store, picnic shelter, picnic tables, playground, toilets, showers, sani dump. Site on S bank is let by season. Operates May-Sept. Gates closed 9 pm to 7 am. Fees charged.","Road access at 5861 Island Highway West (Hwy 19A). Operated by Qualicum First Nation Ph: 250-757-9322, 250-757-9337 (Oct-June). See <a href="http://campground.qualicumfirstnation.com/about-us/" target="_blank" style="color:blue">&lt;Qualicum First Nation Campground</a>",Private or Commercial,49.39990,-124.61001,-13871523.061,6342989.802
Myrtle Rocks,Launch Site,Regional,n/a,Easy on mainland shore in bays E or W of jetty. One should be always sheltered.Landing on islets unknown but appears easy. Easy access from vehicle.,"Launch site or day use only. Camping not permitted, but is known to occur on islets.. 2 commercial campgrounds close by :- Garnet Rock and Oceanside.","Foreshore, beach access park. Myrtle Rocks Regional Park located S of Powell River on Hwy. 101 near foot of Maris Road. Small unpaved parking area, also roadside parking. Beachcombing, bird watching, swimming, picnicking, canoeing, kayaking. Pedestrian access to islet from foreshore at low tide. Open year-round. Please do not cross private land to access islet.",Launch Site,49.79491,-124.47338,-13856313.624,6410833.816
Willingdon Beach,Campsite primary,Municipal,65 +,"Easy  on moderate gradient beach. SW aspect. Mixed pebble, sand to E of breakwater jetty, cobble to W.","Developed municipal campground. Full facilities. Showers, electric hookups. Flush toilets, laundry room. Fire pits, picnic tables. Playground, water park. All sites reservable.at 604.485.2242 or reservations@willingdonbeach.ca. Group campsite.","4845 Marine Avenue, Powell River. View. Parking. Water at taps. Swimming float. 1.5 km walk to central Powell River with all amenities. Hiking trails. Good launch site.",Campsite,49.84773,-124.53274,-13862921.605,6419947.26
Ocean Beach Esplanade central,Day Use,Municipal,n/a,"Sand, pebbles, up to 100 mm cobbles, low 5% slope, drift logs, exposed to W",No camping.,"2 portable toilets at this location. Extensive nose-in roadside parking but no overnight parking, Whispering Firs Park hiking trails across road to E,",Day Use,49.39662,-123.56010,-13754647.414,6342428.874
Fairview Bay,Campsite primary,Provincial Recreation Site,3 - 4,"Mixed low gradient beach in bay, mostly 30 - 60 mm gravel. SE aspect. Some oysters, scattered boulders, patches of gravel, sand. Moderately long carry at low water. Easy shore access up low bank with trail.","One wooden tent pad, one clearing, one smaller site for tents. Might be more tent sites further from cabin but not seen. Beautiful public use cabin or hut built by volunteers 2009, modified, renovated 2014. Accommodates 10 in upper sleeping loft. Composting outhouse toilet (2016). Paddlers advised to carry tent because hut often full. Reservations not accepted. Picnic tables, outside fire pit, sleeping loft, covered porch. No lighting, stove or heater. ","Year-round water nearby. View. Hut part of Sunshine Coast hiking Trail. Sections lead along coast to Saltery Bay (2 -3 hr), or N to Rainy Day Lake, Sarah Point terminus (173 km). Under care of Powell River Parks and Wilderness Society. Swimming. Oysters. See <a href="https://sunshinecoast-trail.com/" target="_blank" style="color:blue">Sunshine Coast Trail</a>",Campsite,49.78921,-124.12207,-13817205.996,6409850.87
skelhp,Launch Site,Provincial Park,n/a,"Concrete boat ramp with adjacent groin or cobble, pebble, sand beach, smoother at high water. S aspect. Exposed to S, W.","No camping. Picnic tables, 2 vault toilets.","Water at pump. S off Hwy 101. Parking, Overnight parking by permission. Swimming. Former name Saltery Bay (Jervis Inlet). See <a href="https://bcparks.ca/saltery-bay-park/" target="_blank" style="color:blue">Saltery Bay Provincial Park</a>",Launch Site,49.78214,-124.21860,-13827951.021,6408631.361
Gastineau Bay,Informal site secondary,Provincial Forest,2,"Easy on sand, pebble beach, some boulders. S aspect. Rougher at low water. Might be awkward due to drift logs at very high water.","Undeveloped. Cleared sites in trees. With brushing, many others possible",Water at creeks to S. View. Attractive. Shelter from outflow winds. Intended log dump use. Licencee willing to remove boom in bay and not use site in summer months. Per F Ullman RSTBC. Aka Toba Inlet Entrance.,Informal Site,50.35800,-124.73983,-13885974.725,6508507.53
Pryce Channel east,Day Use,Provincial Forest,4,"Gravel, cobble beach. Some boulders. Moderate to steep gradient. ESE aspect. Protected from W. Some visitors prefer to land at N corner of this 40 m long beach.","Dense vegetation smothered 4 former tent sites. Overgrown trail from SW end of beach leads to flat, spacious area which might be poorly drained. Heavy brushing needed to re-use for tenting. Sites no longer usable 2023. Possible beach camping at Neaps if effort spent on levelling, but beach is steep. ",View. Attractive. Old long inactive log dump.,Day Use,50.31048,-124.82310,-13895243.931,6500220.721
Attwood Bay entrance,Informal site primary,Provincial Forest,2 - 4,"Easy, on gravel beach with angular cobble above. Land N of creek mouth. Boat run at low - mid water levels. Little beach at high water, floods to treeline. Log boom may be across small bay mouth. W aspect. Exposed to W which causes strong chop at landing but not known to cause actual surf.","Undeveloped. Some rough clearings N of creek. Good potential. If brushed, further tent sites feasible on flat dry ground growing ferns, brambles. Minor deadfall needs clearing. Hazard trees likely. Hammock opportunities.","Attractive. View. Water at seasonal creek with small waterfall. Creek might have year-round flow. Bathing opportunities. Float homes, development in bay to N. Log dump nearby to N. ",Informal Site,50.30984,-124.66141,-13877244.238,6500107.891
Turnbull Cove,Day Use,Provincial Recreation Site,n/a,Very sheltered cove.,"Currently no camping. Brushing required if a site can be located. Reported to be near hiking trail to Huaskin Lake. Official capacity was 2 tents, maintained for some years by Silver King Ventures who still brush trail, but sites rarely used, so abandoned.","Short (500 m) hiking trail to Huaskin Lake has many stairs. Designated by Recreation Sites and Trails BC, maintained by Silver King Ventures. Sign. Provincial Boat Haven. Large landslide on opposite shore in approx 2009.",Day Use,50.96403,-126.83631,-14119353.777,6614933.387
Mission Point Park,Day Use,Municipal,n/a,"10 % slope, 50 mm cobble beach",No camping.,"Water fountain, picnic tables. District of Sechelt municipal park. Day parking across highway at Brookman Park or at Davis Bay south.",Day Use,49.43993,-123.72472,-13772973.352,6349840.146
Secret Beach,Launch Site,Treaty Settlement Land,n/a,Easy on low gradient gravel beach. E aspect. 1st launch site is on the road just before the marina. 2nd launch site is located next to office and marina dock. Separate boat ramp for trailers at marina.,See adjacent campsite. Drinking water not provided. Open May to mid-September. Gate locked at 11 pm nightly. ,"Launch site, marina owned, operated by Toquaht Nation. From Highway 4 turn onto gravel Toquaht Bay Road. Go straight 13 km. Secret Beach appears on right. 10 overnight parking spaces. Must pay before launching at either site. Fees (2017). parking $10 night, launch $15 (all plus taxes). Marina. See: <a href="http://www.secretbeachcampground.com/" target="_blank">Secret Beach</a>. Campground is open May to September. ",Launch Site,49.00424,-125.36799,-13955901.332,6275580.643
Carriden Bay,Dispersed site primary,Provincial Recreation Site,4,"Land in large protected bay on moderate to low gradient boulder beach at high water, Extensive low gradient clam bed at low water. Paddlers might avoid long low water carry by landing 150 m to SW of site. E aspect.","Tent sites along faint trail at S side of stream in second growth forest. Grassy upper beach patches may offer additional sites at Neaps. Hammock opportunities.Many other camp possibilities within large bay. Approx. 700 m to S are beaches NE aspect bounded by a tall cliff. Land on boulders, cobble, mixed rocks, pebble. Protected. Low slope forest behind beach, but no tent sites seen July 2023. Dry seasonal stream.","Water at stream with lake source flowing in drought mid-July 2023 - assume year-round. Larger year-round creek 350 m to N at N50.9135, W126.9062. No tent sites seen there. Anchorage. Large 111.9 Ha. Provincial Recreation Site.",Dispersed Site,50.91123,-126.91004,-14127561.141,6605606.157
Barnacle Road,Launch Site,Regional,n/a,"High floats at end of long dock or small sand, pebble beach accessible by short carry over steep brushy uneven access path. Little beach space at high water, floods at Springs.  Either launch a bit awkward. Vessel traffic. Many ship movements immediately to N.",No camping,"End of Barnacle Road, off Dolphin Road. Parking limited to short term. Possible long term parking at marinas nearby or at ferry terminal. Easy access from ferries with boat cart. Managed by Capital Regional District as a Small Craft Harbour.. Formerly known as Swartz Bay Government Dock.",Launch Site,48.68671,-123.40745,-13737654.973,6221868.847
False Bay,Launch Site,Public Foreshore,n/a,"Protected beach of 50 mm, varied cobble, 10% grade, Easiest at high water. Public wharf, Dock float access also - might be preferred at low water.",No camping permitted.,"Restaurant nearby. Ferry from French Creek does not transport vehicles, except bicycles. Unloaded paddlecraft transport possible, but inquire ahead of time.",Launch Site,49.49124,-124.35025,-13842606.911,6358629.579
Baker Beach kwilkwilem,Launch Site,Regional,n/a,"Pebble beach, some sand, mixed rocks, drift logs. S aspect. Short 50 m approx forested wheelchair accessible trail to beach or walk on road.","No camping permitted. No fires. Picnic area, picnic tables. Portable toilet.","Attractive. View. Parking in unpaved lot. Swimming. 12 ha waterfront Sunshine Coast Regional District park. 12499 Baker Road. Turn W off Hwy 101 at Francis Peninsula Road. Head W 2.5 km S on Warnock Road, to Davis Road, turn left. Follow Davis Road to Baker Road (no sign). Signage lacking until at site.kwilkwilem means covered with sand in shashishalhem, the Sechelt language.",Launch Site,49.60576,-124.03957,-13808021.448,6378278.798
Hill and Dale,Day Use,Municipal,n/a,"Beach 5% slope, 100 mm cobble turning to 50 mm pebble higher. Many drift logs. SE exposure, but some shelter from W, E",No camping.,"5512 Hill Road off Highway 101, near Dale Road. Limited parking on lane edges. 55 m easy walk to beach. Overview from adjacent housing but trees give some privacy.",Day Use,49.47156,-123.83182,-13784894.768,6355257.584
Little River Road,Launch Site,"Regional, Road end right of way",n/a,"Low gradient beach of pebble, white sand. Mixed rocks on lower beach. Exposed NE aspect.",No camping or overnight parking.,Little River Road ends at beach. Roadside parking for about 6 vehicles. ,Launch Site,49.73635,-124.90975,-13904889.531,6400740.318
Burdwood Point south 2,Informal site secondary,Provincial Recreation Site,12,"Navigate through rocks to small medium gradient sand, pebble beach. Beach moderately well protected by rocks on approach. More protected, less surf than Burdwood Bay.","10 tent sites on beach at tombolo, 2 more in upland. Cabin behind rock outcrop, tombolo. Old toilet along trail S of cabin. Potential for beach flooding at springs but tombolo normally dry. Safe refuge in rough conditions.",Water at seasonal creek. Swim hole. Walking trail leads N from cabin. ,Informal Site,49.56828,-126.56343,-14088977.126,6371841.818
Kitty Coleman,Campsite primary,Provincial Park,65 +,"2 paved boat ramps, one in  creek mouth other larger ramp at road end to N. Cobble beach. Exposed to wind.","Vehicle-accessible sites. Group camping by reservation in summer 250-338-1332. Picnic shelter, picnic tables, pit toilets. Shared fire pits. Many narrow gravel sites on waterfront.","Vehicle enter via Coleman Road off Hwy 19A. Turn on Left Road, right on Whittaker Road. Parking. Water might require boiling. Nature trails. Swimming, 900 m shoreline. Community-run Class C park. See: <a href="https://bcparks.ca/kitty-coleman-beach-park/" target="_blank" style="color:blue">Kitty Coleman Provincial Park</a>.",Campsite,49.78889,-124.99583,-13914472.147,6409795.262
Singing Sands,Launch Site,Regional,n/a,"Exposed low gradient beach of cobble, sand.  At low water, carry can be 50 m or more.",No camping permitted.,Singing Sands Road ends at beach. Park on roadside. Comox Valley Regional District official beach access.,Launch Site,49.73973,-124.91316,-13905268.953,6401323.748
Buckley Bay,Launch Site,Public Foreshore,n/a,"Small all-tide beach of pebble, cobble, to S of ferry ramp by old ramp. Access via short, rough trail might not be on public land. Foreshore below store, gas station no longer accessible (2019) due to vegetation overgrowth on steps, high fencing.",No camping permitted.,Day parking. Overnight parking unknown.,Launch Site,49.52517,-124.84818,-13898035.824,6364446.148
Union Bay,Launch Site,Public Foreshore,n/a,"Boat ramps, float.  Protected from N by point and from S by breakwater. Launch N of breakwater on hard packed gravel, mud, shell beach.",No camping.,"Toilets. Plenty of parking. $5.00 launch fee (2019). Ramp leased, operated by Union Bay Community Club and Recreation Assn.",Launch Site,49.58434,-124.88567,-13902209.081,6374600.33
Foster Street,Launch Site,Public Foreshore,n/a,"Pocket beach in small cove. Boulders at low water, sand, pebble at high water. Open to S, SW. Several steps lead to beach.",No camping.,"At end of Foster Street, Esquimalt. Parking restrictions likely but specifics unknown.",Launch Site,48.42603,-123.42204,-13739279.146,6178026.785
Sweetwater Spring,Day Use,Provincial Forest,2,"Twin gravel beaches S aspect. 15% slope. Gravel at mid, high water, 10 cm cobble at low water. Scattered boulders. Some sloping bedrock. Protected from N.",Spring water is main reason to stop. Possible beach camping except at Springs. Some small upland tent sites might possible with brushing. ,"View. Fresh water at seep or spring on rock slab above S beach clearly visible. Coast strip has notation SEC 16 MAP RESERVE ENVIRONMENT, CONSERVATION, & RECR Subpurpose: GREENBELT ",Day Use,49.66624,-124.16738,-13822249.481,6388674.391
Gooding Cove northeast,Launch Site,Provincial Forest,3,Gravel beach. NW aspect. Possible surf.,"See nearby sites, e.g. Gooding Cove (W end of same beach). Many choose to camp at this launch site, for convenience. Grassy sites among bushes at back of beach. Fire pit. Easy access on short, rough roadway.","Sept 2020 Best to have map showing logging roads. Road access from Port Alice via maintained industrial road. (Forest Service Road 7989 01). Follow signs for Side Bay. Part of this is on decommissioned logging roads. At turn off sign for Side Bay, take road on the right. Road base in good condition but both small tree branches and bushes will significantly scratch side of vehicles. Parking on road or on site at top of beach. Vehicle may be driven on rough track to top of beach. Hiking trail reported leading to Rowley Reefs Peninsula south but start point not known, presumably from spur roads to S.",Launch Site,50.40085,-127.94733,-14243031.335,6515987.75
Garden Bay,Day Use,Provincial Park,n/a,"200 m shoreline. Dinghy dock, float, rebuilt 2018. SW aspect in protected harbour. Adjacent beaches rough angular cobble, stones but feasible for landings.",No camping permitted.,"450 m circle trail, vault toilet, water at tap, gravel parking lot off Claydon Road, 2 picnic tables. Large upland area with other trails leading to Mount Daniel. Amenities nearby. Adjacent to First Nation graveyard, Indian Reserve. Anchorage. Small FN building on site. Historic site of large winter village Sawquamain with its 7 large longhouses - a part of Kalpalin. See <a href="https://bcparks.ca/garden-bay-marine-park/" target="_blank" style="color:blue">Garden Bay Marine Provincial Park</a>",Day Use,49.63088,-124.02191,-13806055.969,6382594.678
Link Islet,Day Use,Provincial Recreation Site,n/a,"Low gradient sandstone ledges with small clam bed, silt, gravel beaches between rock ribs. Protected except from S.  Numerous landing options including beach between Link Island, Link Islet. S, SW, SE aspects.",Extensive grassy areas with a few trees. Some camp furniture present (2019). ,Attractive. View. ,Day Use,49.12019,-123.76488,-13777442.863,6295279.613
Burgoyne Bay,Day Use,Provincial Park,n/a,"Easy on low gradient sand, mud beach. Much soft mud at low water. Vessel traffic. Subject to gap winds SE, NW. Currents in Sansum Narrows.",No camping currently permitted.,Road with limited parking at 500 m or closer. depending on landing location chosen. Extensive marked hiking trails. Popular anchorage. Birding. See: <a href="https://bcparks.ca/burgoyne-bay-park/" target="_blank" style="color:blue">Burgoyne Bay Provincial Park</a>,Day Use,48.78827,-123.51760,-13749916.336,6239010.75
Winter Cove,Launch Site,National Park Reserve,n/a,"Easy in sheltered cove. Gravel, sand beach either S or N of small 'Park use only' dock, float. Gravel launch ramp.","No camping permitted. Picnic tables, pit toilets.","Dock, float. Popular anchorage. Hiking trails. Boat Passage viewing area. Parking lot. Gulf Islands National Park Reserve. See <a href="https://gulfislandsnationalpark.com/gulf-island-parks//winter-cove-saturna-island/" target="_blank" style="color:blue">Winter-Cove</a>",Launch Site,48.80916,-123.18950,-13713392.534,6242542.081
Zilwood Road Retreat Cove,Day Use,Municipal public access,n/a,"Easy on sand, pebble beach, bedrock outcrops in protected cove. S aspect.",No camping permitted.,"50 m trail runs from/to small parking area for 2 vehicles off Porlier Pass Road. Steep, awkward access for launching, stone steps to beach. Galiano Island Parks & Recreation Commission maintained official shore access #31"Zilwood Road". Gazebo on public trail.",Day Use,48.94173,-123.50163,-13748138.452,6264979.124
Jupata Way,Launch Site,Municipal,n/a,Low gradient bedrock beach of inclined strata sedimentary rock. Some shell patches.   80 m unpaved path to approx 18 concrete steps.,No camping.,"Turn off Lands End Rd onto Seabreeze Road, at roundabout take Jupata Way to N. Unrestricted parking (but local by-law limits time to 24 hr) for 4 cars. Might be other parking in area.",Launch Site,48.69859,-123.44618,-13741966.21,6223872.603
Lake Bay,Day Use,Provincial Park,1 - 3,"Pebble, gravel beach with moderate slope.  Drift logs at high water, rounded rocks, cobble at mid water, boulders at low water.  SE aspect. Protected from N, W.","Swampy, damp upland. Marginal for dry weather site camp with some brushing. Undeveloped user maintained wilderness site. Potential but marginal bluff site.","Attractive. Water at small creek, probably year-round but which does not drain lake as charted. Usable refuge or day use site. Short trail leads from beach area. See <a href="https://bcparks.ca/read-island-park/" target="_blank" style="color:blue">Read Island Provincial Park</a>",Day Use,50.14427,-125.11834,-13928109.341,6471297.619
Porteau Cove Boat Ramp,Launch Site,Provincial Park,n/a,"Twin concrete boat ramps without float but central raised walkway. Subject to flotsam blockage. Adjacent sand, gravel, rubble beaches.",See Porteau Cove campsite description.,"Paved day parking for boat trailers. Toilets, change room, showers, picnic benches. Check with Park Operator at kiosk during open hours for limited overnight parking in upper lot (summer only). Popular dive site. See <a href="https://bcparks.ca/porteau-cove-park/" target="_blank" style="color:blue">Porteau Cove Provincial Park</a>",Launch Site,49.55962,-123.23570,-13718534.982,6370355.599
Maple Bay Beach,Launch Site,Municipal,n/a,Easy at protected pebble beach. Steep path to upland park facilities.,No camping,"Paddlers may launch either at the rowing club to S, or from beach within park, but use only Maple Bay Beach Park for overnight parking. Operated as park of Municipality of North Cowichan. Toilets, public beach, picnic tables, swimming raft. Located on Beaumont Avenue at Springett Street.",Launch Site,48.81646,-123.60923,-13760116.919,6243775.109
Shingle Bay,Campsite primary,National Park Reserve,10,"Easy on sheltered beach of low gradient sand, gravel, pebble, mud, clam bed with angular stones, on NE side of bay with NW aspect. Protected by rocky headland, islet, reefs. Land at N side of open grass tent area in old orchard. Mud, weed at low water.","Large gravel tent pads, picnic tables, in shaded orchard, vault toilet, kiosk, food lockers. No potable water. Hammock opportunities but may not use fruit trees, oaks or arbutus trees. Limit 5 persons per site, 2 tents/site. Fees charged year-round. Small overflow area for 3 tents lacks tables. All sites <a href="http://reservation.parkscanada.gc.ca/" target="_blank" style="color:blue">reservable</a> Reservations advised in summer. Phone needed to call in on arrival if not already reserved. No fires permitted. 250-654-4000, Toll-free: 1-866-944-1744 ","Attractive. View. Gulf Islands National Park Reserve. Gated steep road access 240 m from end of Shingle Bay Road. Site shared with cyclists, walk-in users. Hiking trails. Small parking area for overnight use at gate. Irene Bay offers best local hand launch site. See <a href="https://www.pc.gc.ca/en/pn-np/bc/gulf/activ/camping" target="_blank" style="color:blue">camping</a>",Campsite,48.78418,-123.31112,-13726930.72,6238320.839
Lavender Road,Launch Site,Municipal,n/a,"Easy on small possibly disused boat ramp adjacent to parking area.  Beach substrate pebble, rock, shell, barnacle. Easy launch at high tides. Boulders gradually being moved off ramp.",No camping.,"Turn N off Dickinson Road to end of Lavender Road . Small park. Picnic table, bench. Day parking for 6 vehicles. Additional roadside parking not yet approved for overnight use. Access less popular than other local beaches because not sandy. District of Lantzville beach access park.",Launch Site,49.25259,-124.07302,-13811745.085,6317829.24
Benwaldun Road,Launch Site,Municipal,n/a,"Pebble beach, moderately steep gradient at top but mostly low gradient sand, eelgrass below band of larger pebble. Short carry from road at high water but long at low water.  N aspect. Small boat concrete ramp to beach next to short stairs. Suited to wheeled carts.",No camping.,End of Benwaldun Drive off Lantzville Road. Parking at roadside for 3 vehicles. No overnight parking. District of Lantzville municipality.,Launch Site,49.25579,-124.10888,-13815737.358,6318375.583
Welbury Bay,Launch Site,Public Foreshore,n/a,"Steep concrete footpath with handrail, a few steps at bottom lead from roadside near BC Ferry booth to protected mixed beach that floods at high water. SE aspect.",No camping permitted. Picnic tables at top of ramp. Flush toilets at ferry terminal. ,"Drinking water available at ferry terminal. Useful to have another paddler to assist moving boat down ramp. Very close to ferry making easy access with cart from Tsawwassen, other islands, but ramp itself is not cart-friendly. Regional park on N shore of bay with short hiking trail. Nearby 48 hr parking on Long Harbour Road.",Launch Site,48.85104,-123.44533,-13741871.276,6249623.692
Cautious Point Island,Day Use,Provincial Ecological Reserve,n/a,"Easy landing on pebble, sand, mixed rock beach. NE aspect. Usually well sheltered. More difficult on SW facing beach across island neck - rocky, some surf possible.","Camping not currently permitted in Checleset Bay Ecological Reserve. However, a few much-used tent sites sit close together at upland margin. Others located further inland towards beach on opposite side (SE) of island. ","Popular, attractive site. Aka Island 195",Day Use,50.08439,-127.55184,-14199005.545,6460903.029
Bunsby Islet 2,Day Use,Provincial Ecological Reserve,n/a,Easy landing. Small sheltered sand beach at all tides.,Camping not currently permitted in Checleset Bay Ecological Reserve. Grassy bench. Exposed to wind.,Very attractive. Aka Island 170.,Day Use,50.08662,-127.55052,-14198858.57,6461289.862
Bunsby Islet 1,Day Use,Provincial Ecological Reserve,n/a,Easy sheltered landing on small shell beach.,Camping not permitted in Checleset Bay Ecological Reserve.,"Attractive. Popular for picnics, swimming from shell beach.",Day Use,50.08997,-127.52577,-14196103.412,6461871.091
Davis Bay south,Launch Site,Municipal,n/a,"Low  gradient 2% slope to 10% higher up beach, patches of sand, gravel, and varied to 50 mm cobbles. Long carry at low water. Short stairs concrete stairs or bank from walkway to beach.",No camping.,Water at marker and outside washroom building. Toilets. Benches. S end of 1 km long Davis Bay Beach. District of Sechelt municipal park. Parking along whole length but not overnight.,Launch Site,49.44053,-123.72570,-13773081.432,6349943.258
Davis Bay north,Launch Site,Municipal,n/a,"10% slope, 50 - 75 mm rounded cobbles. Short concrete stairs to beach from paved walkway.",No camping.,"N end of 1 km long beach. Water at drinking fountain.Picnic tables, benches. Walkway along length of bay. Day parking along whole length but not overnight. District of Sechelt municipal park.",Launch Site,49.44696,-123.72919,-13773470.783,6351044.512
Snickett Park,Day Use,Municipal,n/a,"50 mm cobble beach, 15% slope. Bedrock outcrops. Awkward beach access over bedrock. Exposed to S.",No camping,5440 Shornecliff Avenue just off Highway 101. Limited parking for 5 or 6 vehicles but no overnight parking. Portable toilet. 50 m trail to beach. W end of 'Trail Bay Waterfront' walking trail. District of Sechelt beach access park.,Day Use,49.46944,-123.76448,-13777398.491,6354894.456
Silverstone Beach,Day Use,Municipal,n/a,"Beach of pebble, 50 mm cobble.15% slope. Exposed SE aspect.",No camping.,"60 m walk-in access trail with steep section, long stairs. 6133 Sunshine Coast Hwy at junction with Norwest Bay Road. Limited parking along highway. District of Sechelt beach access park 250 m wide. View. Possible water source where creek in culvert enters beach at base of cliff.",Day Use,49.46865,-123.78061,-13779194.453,6354758.719
Sea Fiddler Road,Launch Site,Municipal,n/a,"15% slope, 50 mm round pebble beach, many drift logs at upper beach, exposed to S, some shelter from W.",No camping.,6931 Sunshine Coast Highway. Up to 8 parking spaces in narrow lane. Walk 10 m to beach. Picnic table. District of Sechelt beach access park.,Launch Site,49.47064,-123.82561,-13784203.708,6355100.24
Wakefield Road,Launch Site,Municipal,n/a,"Easy on exposed gravel, pebble beach with 10% slope.  Dries far at low water. S aspect.",No camping.,"Easy launch, parking for 2 cars 5 m from beach. Picnic table, bench. Waterfront walking trail links to Mason Road etc. District of Sechelt beach access park.",Launch Site,49.46766,-123.80479,-13781886.114,6354589.806
Klashkish Inlet,Informal site secondary,Provincial Forest,5 - 7,"Steep gravel beach at high tide. Low gradient at mid, low tide. Gravel berm at beach top.",Level sites on pebble berm top.,Water at creek in small bay to E.,Informal Site,50.25288,-127.74748,-14220784.446,6490186.45
Gartley Road,Launch Site,Road end right of way,n/a,"Pebble upper beach, sandy lower beach.",No camping permitted,Gartley Road ends at beach. Parking unknown. Comox Valley RD beach access.,Launch Site,49.63774,-124.92299,-13906363.502,6383773.764
Point Holmes,Launch Site,Public Foreshore,n/a,Long concrete ramp over low gradient mixed beach. Exposed SE aspect.,No camping.,"Ramp on Lazo Road leased from Comox municipality by Point Holmes Recreation Assoc, a community group. Launch fee charged for ramp use. Lots of parking but not overnight.",Launch Site,49.69200,-124.86800,-13900242.176,6393105.545
Argyle Road,Launch Site,Regional,n/a,"Low gradient pebble, cobble beach. Boulders at sides. Boat run cleared. Exposed E aspect.",No camping permitted.,Easy vehicle access at end of Argyle Road off Highway 19A. View. Comox Regional District official beach access. Limited roadside parking.,Launch Site,49.61401,-124.90318,-13904158.83,6379694.9
Dorothy Road,Launch Site,Municipal/Regional,n/a,"Moderate gradient cobble, pebble, shell beach, approx. 20 to 30 m from vehicle access. Exposed E aspect. Boat run through larger cobble, boulder band. Several charted pylons help locate return to launch.",No camping.,"Walk-in access route at end of Dorothy Road, Royston off Highway 19A crosses mowed grassed area maintained by local resident, but on public right of way to foreshore. Adequate off-roadside parking, overnight permitted. ",Launch Site,49.60777,-124.89792,-13903573.345,6378622.979
Little Bunsby Beach,Day Use,Provincial Ecological Reserve,n/a,"Easy landing on small sand, pebble beach. Mostly floods at high water.",Camping not currently permitted in Checleset Bay Ecological Reserve. However paddlers are reported have camped on beach and on now heavily overgrown upland sites.,None,Day Use,50.10725,-127.52955,-14196524.567,6464870.411
Paradise Beach,Day Use,Provincial Ecological Reserve,n/a,Sand beach protected by large rock outcrop. S aspect. Expect surf. Rocky boulders on west end of beach hidden at high tides. Sketchy at a lower tide - amplifies the surf. Big rock garden in west end of bay. Surge and dump at lower tides. South swells may give difficult landing.,Camping not permitted on beach - in Checleset Bay Ecological Reserve. Paddlers have camped on upland within Mquqwin Brooks Peninsula Provincial Park. 2 cleared sites known (2012). See: <a href="https://bcparks.ca/muqqiwn-brooks-peninsula-park/" target="_blank" style="color:blue">Mquqwin Brooks Peninsula Provincial Park</a>.,Water at stream W of rocky point dividing beach. Possible freshwater bathing pool. Seasonal stream at E end of beach. Attractive. ,Day Use,50.12392,-127.72535,-14218320.923,6467763.752
Little Bunsby Islet,Day Use,Provincial Ecological Reserve,n/a,Easy sheltered landing on pebble beach.,Camping not currently permitted within the Checleset Bay Ecological Reserve. However paddlers have camped on grassy upland above beach.,No comments.,Day Use,50.10358,-127.52550,-14196073.723,6464234.006
Growler Cove,Day Use,Crown Conservancy,n/a,Easy on pebble beach E or W of log-covered tombolo. Exposed to W wind. ,"Semi exposed, undeveloped. Pit toilet not seen 2023. Camping discouraged here but was once a campsite..","Views. Provincial Boat Haven, anchorage. See <a href="https://bcparks.ca/qwiquallaaq-boat-bay-conservancy/" target="_blank" style="color:blue">Qwiquallaaq/Boat Bay Conservancy</a>.",Day Use,50.54180,-126.62217,-14095515.12,6540640.189
McKenzie Bight,Day Use,Provincial Park,n/a,"Easy on pebble, cobble beach with some shelter",No camping. No fires. Pit toilets. Best rest stop is 300 m S of creek mouth on gravel beach.,"1.3 km trail to parking lot. Other trails. Creek is seasonal, often dry. See <a href="https://bcparks.ca/gowlland-tod-park/" target="_blank" style="color:blue">Gowlland Tod Provincial Park</a>",Day Use,48.55438,-123.50472,-13748482.274,6199585.205
Shehtekwahn east bay,Informal site primary,Treaty Settlement Land,10,"Easy on broad moderate gradient beach of sand, gravel, pebble, other rocks. Drift logs. Scattered boulders. ENE aspect, protected from NW. ","A few small beach sites on sand among logs. Level upland areas in trees with sites for several tents, subject to minor brushing, levelling. Visible hazard trees. Crude camp furniture. Fire ring.","Water at seasonal stream crossing centre beach approx 200 m from site. Road or trail access so use possible by vehicle-based campers, fishers.",Informal Site,49.72307,-124.41492,-13849805.653,6398453.857
Holford Bay south,Informal site secondary,Crown,3 - 4,"Protected beach in cove of small cobble, broken rock. SW aspect.",Coordinates might refer to landing . Sea Trails Charts Seattle WA show a site 150 m to N at N48D 56.220M W125D 05.052M. Likely the same site but no further information.,Tzartus Island.,Informal Site,48.93585,-125.08472,-13924367.336,6263983.483
Diana Island northeast,Informal site secondary,"Crown tenure - Section 17 designated use area, Crown?",6,"Easy on sand, gravel beach. Access between rock reefs at low water. N aspect.",Beach top sites behind drift logs. Upland forest sites. Hammock opportunities.,Attractive.,Informal Site,48.84744,-125.18688,-13935739.646,6249014.062
Baronet Passage west,Informal site secondary,Crown Conservancy,2 - 3,"Clam bed beach in protected cove with pebble at high water, cobble, boulders at lower water levels. NW aspect.",Some upland sites in second growth forest. Brushing likely needed.,2013 Conservancy management plan suggests new site in vicinity. See <a href="https://bcparks.ca/qwiquallaaq-boat-bay-conservancy/" target="_blank" style="color:blue">Qwiquallaaq/Boat Bay Conservancy</a>.,Dispersed Site,50.54826,-126.63152,-14096556.325,6541771.652
Northeast Bay,Informal site primary,Provincial Forest,6,"Low gradient broad open pebble beach with mixed rocks to 100 mm. Creek estuary in  wide bay, exposed to N. May approach up creek channel at low tide. Alternate landing on steeper gravel beach immediately to SE, with access to similar upland.",Sites among forest margin. Several sites to S of creek where trail from road enters. 1 or 2 sites on N side of creek. Potential for additional sites with brushing or could camp directly on old road.,"Attractive. View. Water at year-round Russ Creek, small waterfall, bathing pool. ATV access via broad trail or old road from larger main island road. AKA Russ Creek. UREP recreational status. Noted for recreational value by Regional District.",Informal Site,49.71216,-124.37474,-13845332.402,6396574.896
Single Tree Point,Informal site secondary,Provincial Forest,2 - 4,"S of point proper, low gradient broad gravel, pebble beach at all water levels, steeper at top. Smooth area in centre between boulder, bedrock bands perpendicular to shoreline. Kelp.",Beach top camp on gravel between drift logs dry at most tides. Minor brushing will give 1-2 upland sites. Hammock opportunities. Fire pit.,"Water at seasonal stream (Suquash Creek) E of point, flowing in drought mid-July 2023. Route of inactive industrial road runs behind shore. Former Suquash village site assumed located in vicinity.",Informal Site,50.63865,-127.24414,-14164753.383,6557623.082
Crabapple Islets,Dispersed site primary,Provincial Park,6,Sand beach NW aspect. Easier landing than Marks Creek. Landing good in the bay behind islets.,Beach sites. Random wilderness camping permitted. No fees (2018).,See: <a href="https://bcparks.ca/muqqiwn-brooks-peninsula-park/" target="_blank" style="color:blue">&lt;Mquqwin Brooks Peninsula Provincial Park</a>.,Dispersed Site,50.18505,-127.82955,-14229920.414,6478385.132
Cape Cook Lagoon,Dispersed site secondary,Provincial Park,10 +,Moderate to difficult. Surf likely. Paddle into river channel to avoid sand bars. Easier approach at high water.,Random wilderness camping. No fees (2018). Best sites on top of dune S of river mouth. Sheltered.,Water at creek. Attractive. Unique lagoon. Drift Whale Bay to N has area's finest white sand beach. See: <a href="https://bcparks.ca/muqqiwn-brooks-peninsula-park/" target="_blank" style="color:blue">Mquqwin Brooks Peninsula Provincial Park</a>.,Dispersed Site,50.19760,-127.80308,-14226974.066,6480566.815
Jackobson Point northwest,Dispersed site primary,Provincial Park,4 - 6,"Easy landing all tides on moderate gradient gravel, sand beach in sheltered cove.  Accumulates drift logs after SE storms. E aspect.","Upland cleared tent sites, Hammock opportunities. Shaded in afternoon. Well protected. Appears to have occasional use by commercial groups, fishers.","Water at seasonal stream at N end of beach. Anchorage, Provincial Boat Haven. Lagoon nearby. Short marked hiking trail across neck to Jackobson Point small sand beach in Ecological Reserve where camping not permitted. See: <a href="https://bcparks.ca/muqqiwn-brooks-peninsula-park/" target="_blank" style="color:blue">Mquqwin Brooks Peninsula Provincial Park</a>.",Dispersed Site,50.13441,-127.69104,-14214501.997,6469586.254
Nasparti Pocket Beach,Dispersed site secondary,Provincial Park,2,Easy landing on pebble beach.,Camp on beach.,Small but adequate and quite secluded. See: <a href="https://bcparks.ca/muqqiwn-brooks-peninsula-park/" target="_blank" style="color:blue">Mquqwin Brooks Peninsula Provincial Park</a>.,Dispersed Site,50.16328,-127.65632,-14210636.172,6474601.8
Rugged Point,Campsite primary,Marine Provincial Park,10 - 14,Low gradient sand beach to N of point protected from surf except in NE outflow wind. N aspect. Sand beaches S of point often have surf. Headlands give varying protection to parts. S aspect. Expect long carries.,"Beach on N side of point has 2 -3 wooden tent platforms, cleared upland sites for additional tents, picnic table, picnic shelter, fire pit, composting toilet, metal food lockers. A beach 400 m to E beyond low rocks has 4-6 further tent sites, camp furniture, Random beach camping on sand at various locations depending on tides, plus on at least 3 separate S facing beaches across headland trail. Hammock opportunities. No fees (2025). ","Water at seasonal creeks on S beach, E beach, W beach accessible on foot below hide tide or by headland trails. Awkward access to first creek on S beach, Year-round water at head of McLean Cove 0.8 NM NE by boat and at Sandpiper Creek 45 min along S beach.. Attractive. View. See: <a href="https://bcparks.ca/rugged-point-marine-park/" target="_blank" style="color:blue">Rugged Point Provincial Park</a>.",Campsite,49.96675,-127.24601,-14164960.794,6440519.707
Resolution Park,Campsite primary,Provincial Recreation Site,4,"Easy on low gradient gravel beach. N aspect. Gravel boat launch. Float, dock under repair 2020/21.","Developed maintained sites with fire pits, picnic tables. Toilets. No fees (2021).","Water at creek. View. Rough boat ramp usable at high tide. Floating dock. Located on gravel road to Fair Harbour about 10 km from Zeballos Halfway along, past prominent viewpoint, where road veers sharply right, is turnoff to Resolution Park (signed). AKA Rhodes Creek.",Campsite,49.95439,-126.85753,-14121715.086,6438381.169
Spring Island south,Dispersed site primary,Provincial Recreation Site,10 +,Steep shell sand gravel beach. Recommend approaching from E. W side landing more exposed.  Surf in some conditions.,Sites in the trees N and S of tombolo plus numerous sites above beach but they can flood in storms. Wind may affect which sites can be reasonably used. Pit toilet in trees near rocks with old concrete pad. Recent observation 15 tenting areas.,"Attractive, popular site. Site excluded from Treaty Settlement Lands in 2008 Maa_nulth Treaty. Rest of Spring Island FN owned but subject to public access under same Treaty. Careful of Giant Hogweed. Can burn skin. Toilet requires repair. Paddlers need to be aware that in certain sea states (strong winds from SE or NW and swells), this site is not easy to reach from Kyuquot Sound or to leave in bad weather. Surrounded by reefs. Allow a weather day.",Campsite,49.99549,-127.42110,-14184451.412,6445494.652
Vernaci Island,Dispersed site secondary,Marine Provincial Park,3 - 5,"Easy on protected small shell, gravel, boulder beach. E aspect. ",Undeveloped. No fees. Camp in trees on benches above beach. 3-5 good sites available in clearing with tall trees surrounding. One potential site on other side of island. Hammock opportunities. Hazardous leaning tree reported 2022 over main site.,Attractive. Quiet. Serves as overflow site for Charlies Beach. See: <a href="https://bcparks.ca/bligh-island-marine-park/" target="_blank" style="color:blue">Bligh Island Marine Provincial Park</a>.,Dispersed Site,49.63718,-126.58035,-14090860.106,6383677.867
Charlies Beach,Campsite primary,Marine Provincial Park,6 - 8,"Easy on gravel, cobble beaches on both sides of isthmus. E side has finer gravel, more room for boat stowage. W side has some jagged bedrock. The fallen cedar and other leaning trees are easily seen when landing on the E side (preferred).","Dispersed camping permitted. No fees. 5 open sites in upland forest above W beach with kitchen area, food cache, composting toilet. Three smaller sites on E beach. Other upland sites on E side were compromised by a large cedar tree taking out other trees when it fell. Users should exercise caution and make their own assessments. ",Owner of float house in Cuttle Cove allowed some paddlers (June 2025) to obtain piped water. Other water sources very limited in summer. Anchorage. View. See: <a href="https://bcparks.ca/bligh-island-marine-park/" target="_blank" style="color:blue">Bligh Island Marine Provincial Park</a>.,Campsite,49.63468,-126.56585,-14089245.974,6383248.157
Burdwood Bay,Campsite primary,Provincial Recreation Site,10 +,"Sand beach. W aspect. W end of bay often has surf. NE corner, where the campsite is, may also have surf even in light winds. There is a small bay within the bay and to the southwest that is more protected from swell and has less surf. This bay is also suitable for beach camping above the high tide. ","Undeveloped beach camping. One protected upland forest tent site at NE end of bay, with more sites on the sand, gravel nearby. Many options. The area of strongest surf is near the creek so suggested camping at the other end of the bay on the SW side of the beach. . The NE end of the bay has 2 sea caves with the one closest to camp having a "back door" entrance accessible in most tides.","There is a tree leaning over the extended camping area at the NE end of the bay. The main area would not be affected, but campers should use caution as to where they set up their tent.",Campsite,49.58055,-126.55469,-14088003.648,6373948.899
Escalante Point north,Campsite primary,Provincial Recreation Site,15 +,"Exposed, reefs, subject to high surf. Broad sand beach. S end more protected. where kelp in cove between point, rocks reduces surf.","Camp on attractive, exposed beach. Undeveloped. Space for many tents. ",Water at river 1 km N. View. Rugged hiking trail across point to Escalante Pt south. Park boundary at point - land to S is Hesquiat Peninsula Provincial Park. Huge Prov Rec Site 111 Ha. area runs N beyond Escalante River.,Campsite,49.53455,-126.56586,-14089246.597,6366054.749
Heelboom Bay,Campsite primary,Provincial Recreation Site,9,Easy landing on gravel beach.,"About 6 well established upland sites, 3 more on beach. Space in cabin but reported dirty and has mice. At least 2 more possible beach sites. camping, ","Water source. Site needs toilet. Cabin might no longer be in usable condition. Anchorage, Provincial Boat Haven. Behind cabin, rough trail leads 4 hours to Great Cedar Loop, tree grove. Also accessible from Lemmens Inlet. ",Campsite,49.15283,-125.79890,-14003869.49,6300833.907
Rassier Point,Campsite secondary,Provincial Recreation Site,6,"Easy on smooth sand beach. Low gradient. S aspect. Protected from W, N.","Camp on beach or on 2 small brushed upland sites in trees. Pit toilet (green throne) has recently filled, and has been moved to a fork down the trail. New hole was dug May 2025. Currently green throne is balanced on driftwood logs, centered over new pit. Functional and sturdy, but may not be a permanent solution. Old pit is overflowing with feces and is somewhat covered by sticks / grass. A new steel bear cache was dropped off last spring (2024), and was never installed. It is now semi buried on the beachFresh water should not be expected or depended upon anywhere on Vargas in summer months.",Attractive. 17.8 Ha Rec Site. ,Campsite,49.18578,-125.93629,-14019163.787,6306443.196
Pirates Cove,Campsite primary,Marine Provincial Park,6,"Easy on moderate to steep gradient shell, gravel beach facing Ruxton Passage in cove S of Pirates Cove proper. Some exposure to S. Landing in Pirates Cove proper not advised.","Walk-in sites with wooden tent pads, picnic tables, 1 vault, 1 composting toilets. Access from beach top via stair up steep bank to N. No fires permitted. Campers must remove all garbage. Camping fees apply year-round. May pre-pay permit via Internet, but no reservable sites. Fee $5.00 per person per night (2019) via Internet or in drop box near water pump. <a href="https://camping.bcparks.ca/" target="_blank" style="color:blue">BC Parks Backcountry Registration</a>",Potable water at pump 200 m from tent area. Walking trails. 2 dinghy docks in main cove to NW. Anchorage in adjacent NW (main) cove. Search for: <a href="https://bcparks.ca/pirates-cove-marine-park/" target="_blank" style="color:blue">Pirates Cove Marine Provincial Park</a>,Campsite,49.09450,-123.72550,-13773059.658,6290911.305
Chivers Point,Campsite primary,Marine Provincial Park,10,"Sand, pebble, rock beach, rocky ridges at low water. Narrow approach. Beach mostly floods at high water. Exposed to NW. Bring boats up bank at highest water levels.","8 wooden tent platforms. Vault toilet. Food cache. Picnic table at each tent site. 2 small overflow tent sites. Hammock opportunities. No fires permitted. Camping fees apply year-round. Pre-pay permit via Internet, but no reservable sites or pay at site. Fee $5.00 per person per night (2025) via <a href="https://camping.bcparks.ca/" target="_blank" style="color:blue">BC Parks Backcountry Registration System</a>.","Attractive. View from point, low ridge above tent sites. Hiking trails. Most popular of 3 sites on island for paddlers. See: <a href="https://bcparks.ca/wallace-island-marine-park/" target="_blank" style="color:blue">Wallace Island Marine Provincial Park</a>",Campsite,48.95583,-123.57367,-13756157.653,6267370.549
Cabin Bay,Campsite secondary,Marine Provincial Park,2,"Boat run through rocks onto sand, pebbles or rock ledges between rock ribs at neck behind small promontory. Slight Exposure to N.  Alternative landing from SE at high water. Approach from NW suited to all tide levels unless blocked by drift logs.","Tent platforms for 2 tents, placed close together. Camp only on designated sites. 2 picnic tables. Pit toilet at Chivers Point site 10 min walk away. No fires permitted. Stairs lead up steep bank to main island trail. Camping fees apply year-round. Pre-pay permit via Internet, but no reservable sites or pay at site. Fee $5.00 per person per night (2025) via <a href="https://camping.bcparks.ca/" target="_blank" style="color:blue">BC Parks Backcountry Registration System</a>.","Attractive, Bring water - closest available Montague Harbour Provincial Park, Dionisio Point Provincial Park. Promontory suited to day use. Hiking trails. See: <a href="https://bcparks.ca/wallace-island-marine-park/" target="_blank" style="color:blue">Wallace Island Marine Provincial Park</a>",Campsite,48.95179,-123.56582,-13755283.884,6266684.579
Mansons Landing,Launch Site,"Marine Provincial Park, Public Harbour",n/a,"Easy on shell, sand beach adjacent to wharf, floats. Good parking with easy access to beach.",No camping permitted. Closest camping is at Smelt Bay Provincial Park. ,"Lagoon. Manson's Landing Harbour Authority. Adjacent <a href="https://bcparks.ca/mansons-landing-park/" target="_blank" style="color:blue">Manson's Landing Provincial Park</a> has toilets, other facilities. Parking. Potable water not available. Access via Sutil Pt. Rd. Popular tube ride from lagoon on ebb.",Launch Site,50.07122,-124.98318,-13913064.033,6458619.871
Hudson Point,Launch Site,Regional,n/a,"Gravel boat ramp ends at beach of sand, gravel. Low gradient beach muddy at low water.",No camping.,Off North Beach Road. a short road descends to beach 800 m N of Fernwood Rd. Limited roadside parking. Sign.Believed to be maintained by Capital Regional District.,Launch Site,48.91768,-123.54333,-13752780.664,6260904.498
Ladysmith Boat Ramp,Launch Site,Public Harbour,n/a,Easy on protected beach next to boat ramp. Usable in most tides.,No camping.,"Water, showers toilets, parking. Wharf , floats. Location end of Ludlow Road. Services, accommodation nearby.",Launch Site,48.99808,-123.81655,-13783194.841,6274534.972
Adam River,Launch Site,"Crown tenure, Provincial Forest",n/a,"Easy, rubble/pebble at breakwater, dryland sort or at boat club  concrete ramp. Currents, wind hazards in Strait.",Active log sort in 2012. Seek permission to launch. Small boat club on private land. Former main camp area to S open and unattractive and currently under private lease. Reported site for camping away from industrial area not found.,Water at river. Road access well-maintained 2012. Launch site by permission. View. Vehicle access S of the dryland log sort area may be used by permission. Active industrial zone 2012.,Launch Site,50.46824,-126.28929,-14058459.823,6527765.041
Alert Bay,Launch Site,Municipal/Regional,n/a,Concrete boat ramps in vicinity. Small sand beach with access via steps etc up sea wall. Ramp access up wall near large cannery sheds.,No camping near beach. Small commercial campsite inland is difficult to access without vehicle. Hill St site is preferable with good access..,Village of Ya'lis. Namgis First Nation. U'mista cultural centre.,Launch Site,50.58382,-126.92867,-14129634.655,6548003.94
Telegraph Cove,Launch Site,Private,none,"2 private businesses provide easy, sheltered concrete launch ramps and parking. One is year-round at north end of cove on Lagoon Road. See <a href="https://telegraphcove.ca/" target="_blank" style="color:blue">Telegraph Cove Marina & RV Park</a>. The other is seasonal at south end on Telegraph Cove Road at bottom of hill entering cove. View of it is blocked by floats, boats when paddling back in. See <a href="https://telegraphcoveresort.com/" target="_blank" style="color:blue">Telegraph Cove Resort</a>.",Commercial camping located 0.8 km southeast of village at end of Bauza Creek Road. Up hill on gravel. Requires vehicle to access from landing.Too far to carry gear.," Restaurant, accommodation, provisions, fuel, water, toilet. Water taxi base.",Launch Site,50.54686,-126.83248,-14118927.09,6541526.567
Gooding Cove west,Dispersed site secondary,Provincial Recreation Site,unknown,"Low gradient sand beach. Protected, especially from W and SW.",Beach camping at W end away from road access. Easier landing conditions for paddlers not accessing road.,Water at creek crossing beach near site. Possible launch site. Anchorage - Provincial Boat Haven.,Campsite,50.39846,-127.95419,-14243795.71,6515570.417
Mahatta Creek,Informal site primary,Provincial Forest,5 - 7,Easy landing up river mouth near sign except for tides below 0.5 m. Alternate landing on beach to W is easy at all tides.,"5 or more sites on upland, connected by trail. Small boat storage areas beside trail near both beaches.",Collect water at highest navigable point up creek at waterfall 0.7 NM. Attractive. Anchorage. Provincial Boat Haven near Koskimo Islands. Cache location: 50.459230°N; 127.867490°W,Informal Site,50.45917,-127.86752,-14234146.848,6526178.455
Rowley Reefs Peninsula north,Dispersed site secondary,Provincial Recreation Site,6 +,"Easy on very protected low gradient sand beach. No surf. N aspect. Bedrock, shingle at W side with steeper gradient.",Beach appears to flood at Springs. Some tent sites on upper beach. Upland sites at centre beach and in open forest near cabin may need minor brushing. User-maintained cabin in good condition 2015 but roof leak reported 2017. Pit toilet. Float near cabin.,Seasonal creek near centre beach. Logging evident behind beach. Short hiking trail to Rowley Reefs Peninsula south starts at W end of beach.,Campsite,50.38739,-127.96429,-14244919.669,6513637.706
Rowley Reefs Peninsula south,Campsite primary,Provincial Recreation Site,20 +,"Easy on broad pebble, gravel beach with some sand. S aspect. Protected from NW. Possible surf in SW wind, swell but reefs, kelp protect shores close to NW entrance. Treat reefs to W carefully on approach.","Beach camping on fine gravel behind drift logs. Possible to clear upland level sites in mostly dense salal with open mossy forest behind. Good, large user-maintained public cabin. Stove. Propane cooker. Pit toilet. S aspect. Sunny.","Attractive. Water at year-round creek approx 1 km S. Smaller seasonal creek closer to site. Hiking trails to Rowley Reefs Peninsula north from cabin and to Gooding Cove via old road, starting approx 750 m S along beach, marked by hung floats.",Campsite,50.38445,-127.96565,-14245071.097,6513124.505
Kwakiutl Point,Dispersed site primary,Provincial Park,10 +,"Use caution navigating between Kwakuitl Point and small reefs to protected beach. Easy landing on sand, gravel beach.",Camp on beach. Random wilderness camping permitted. No fees (2018).,Attractive interesting shoreline to explore in calm conditions. Less exposed to SW winds than other nearby sites. See <a href="https://bcparks.ca/lawn-point-park/" target="_blank" style="color:blue">Lawn Point Provincial Park</a>,Dispersed Site,50.35067,-127.97382,-14245980.811,6507229.177
Keith River Estuary,Day Use,Provincial Forest,n/a,"Accessible at high water, but river mouth dries at low tide making landing, launching difficult.",Could be used as campsite but better use as a walk or paddle excursion from Keith River site to S. Camp on restricted shelf above river for 5 or more tents but not much room at higher tides.,Water at river. River navigable for some distance at mid - high tides.,Day Use,50.33603,-127.87202,-14234647.786,6504675.556
Chuish Island (Island 40),Campsite secondary,Marine Provincial Park,3 - 5,"Easy on partly protected sand, gravel beach of moderate gradient (3 to 5 %). NNE aspect. Optional S side landing at same E point. ","5 or more good, partly sheltered sites on gravel bench. Protected rustic kitchen area. Smaller sites among drift logs or on pebbly upper S beach and in grassy treed areas. No fees (2025). Green throne pit toilet on S side, W of main camp area, along short marked trail. Hammock opportunities.",Attractive. Aka Island 40 or Second Island. See: <a href="https://bcparks.ca/nuchatlitz-park/" target="_blank" style="color:blue">Nuchatlitz Provincial Park</a>.,Campsite,49.81267,-126.99075,-14136545.626,6413896
Catala Island south,Dispersed site primary,Marine Provincial Park,10 +,"Moderate sand, gravel, small cobble beaches exposed to surge, occasional surf, especially on pebble beach areas in W, NW winds. Gradient 3 to 5 percent. S, SW or SE aspects.","Random wilderness camping allowed. Several sheltered upland sites at point or in mossy forest. S aspect. Camp furniture. Fire pit. No fees (2025). Other exposed beach sites on coarse sand, pebble on either side of point. Hammock opportunities.","Attractive. Rock gardens, sea caves, tide pools, beach walks, wildlife viewing. See: <a href="https://bcparks.ca/catala-island-marine-park/" target="_blank" style="color:blue">Catala Island Provincial Marine Park</a>.",Dispersed Site,49.82830,-127.05277,-14143449.772,6416592.49
Rosa Island,Campsite primary,Marine Provincial Park,8 - 12,"Easy on sheltered small beach of fine sand, moderate gradient. N aspect. Beach entrance not easily seen behind reef from some directions.","Several semi-developed upland tent sites of differing size. also some beach camping but little beach at Springs. Composting toilet. Metal food bins. Rustic kitchen area. Posted notice Re; no fires, no smoking. Reported Sept 2025: BC Parks has recommended not camping at Rosa due to unstable trees. They have done some work to remove hazards but not completed.You would want to use good judgment of overhead hazards if using the are in high winds.",Attractive. Often busy - frequent drop-off point for water transport. Wildlife viewing. Sea otters. Anchorage - Provincial Boat Haven at rocky bay on E side of island. Short trail across island. See: <a href="https://bcparks.ca/nuchatlitz-park/" target="_blank" style="color:blue">Nuchatlitz Provincial Park</a>.,Campsite,49.82744,-126.97083,-14134327.585,6416445.12
Robert Point,Dispersed site secondary,Provincial Recreation Site,3,Easy on protected sand beach. ,3 upland sites. Beach camping during moderate tides. Evidence of beach flooding during storms. One reporter describes as rough and somewhat inadequate campsite.,"Quiet, secluded. We have created a <a href="https://www.bcmarinetrails.org/paddling-within-the-ahousaht-hahoulthee/" target="_blank" style="color:blue">Vargas Island webpage</a> with information about Ahousaht passes and a link to the Ahousaht map where there is allowable camping and day use. ",Campsite,49.22225,-125.93058,-14018528.041,6312657.054
Whaler Islet,Day Use,Provincial Recreation Site,n/a,Easy sand beaches subject to surf.  Lee side usually protected enough.,Camping not sanctioned by Ahousaht First Nation. ,"Unique island. Sand dunes. Multiple fire rings are evidence of past destructive camping behaviour, Follow our Code of Conduct.",Day Use,49.22610,-126.06568,-14033567.672,6313313.277
Whitesand Cove,Dispersed site secondary,Marine Provincial Park,30 +,Easy on broad sand beach. SE aspect. Occasional surf but more protected than Cow Bay.,Beach and upland camping.,"Wild Side hiking Trail to Cow Bay and Ahousaht village. $25 trail use fee (2014) applies outside park boundary. No camping fees (2018). Muddy hiking trail to warm spring in Matilda Inlet. Aka Gibson Marine Park, Whitesands Beach. See <a href="http://www.wildsidetrail.com" target="_blank" style="color:blue">Wildside Trail</a> See: <a href="https://bcparks.ca/gibson-marine-park/" target="_blank" style="color:blue">Gibson Marine Provincial Park</a>",Dispersed Site,49.25863,-126.07677,-14034801.47,6318860.541
Conover Cove,Campsite secondary,Marine Provincial Park,2 - 5,"Difficult, awkward on rock shelves, in sheltered cove. Easier at high water on tiny beach of pebble, some sand. High public float difficult for paddlecraft unloading or launching. Mud at low water. Alternate landing in Honeymoon Bay on E side of island N48D 56.283M, W123D 32.650M <br /><br />","Numbered sites each with a picnic table plus possible additional random sites in open grass field, damp in Spring. Less suited for hammocks. Pit, vault toilets. No fires permitted. Food cache. Dining shelter. Camping fees apply year-round. May pre-pay permit via Internet, but no reservable sites. Fee $5.00 per person per night (2025) via <a href="https://camping.bcparks.ca/" target="_blank" style="color:blue">BC Parks Backcountry Registration System</a>.","Dock, busy anchorage. Historic buildings. Bring water - closest available at Montague Harbour Provincial Park or Dionisio Point Provincial Park. Hiking trails. Mostly used by boaters who moor at dock or in cove. See <a href="https://bcparks.ca/wallace-island-marine-park/" target="_blank" style="color:blue">Wallace Island Marine Provincial Park</a>",Campsite,48.93722,-123.54388,-13752842.18,6264215.088
Montague Harbour sum'nuw,Campsite primary,Marine Provincial Park,40 +,"Easy shell, sand sheltered beaches on both sides of peninsula. Sand, mud at low water. Preferred beach E of dock near steps.","28 designated walk-in sites of which 21 reservable mid-May to early-Sept. Fees apply year-round $25/night per party summer, $13 winter (2025). <a href="https://camping.bcparks.ca/" target="_blank" style="color:blue">BC Parks Camping</a>. Group shelter. Picnic tables. Food bins. Vault and pit toilets. Fires rings. Additional sites in damp but pleasant mowed field to NE of main site. 16 additional drive-in reservable sites.","Water at taps. Anchorage. Amphitheatre, dock, boat launch. Pub, restaurant nearby. Trails. See: <a href="https://bcparks.ca/montague-harbour-marine-park/" target="_blank" style="color:blue">Montague Harbour Marine Provincial Park</a>",Campsite,48.89782,-123.40345,-13737208.96,6257542.082
James Bay Prevost Island,Campsite primary,National Park Reserve,10,"Easy on protected sand, gravel beach at high water. Low gradient. Mud, eel grass, long carry at low water. NW aspect.","Sites in old orchard. Damp. Unmown tall grass may reduce sites usable for tenting. Also better sites in trees on adjacent high cove bank. Hammock opportunities. 4 picnic tables. Food cache. Composting toilet. Fee charged year-round $13.50 person/night (summer) $7.50 person/night (winter) 2025 rates. No fires, including below high tide mark. See <a href="https://www.pc.gc.ca/en/pn-np/bc/gulf/activ/camping" target="_blank" style="color:blue">camping</a>",Water at seasonal stream at bay head. Attractive. Popular anchorage. Gulf Islands National Park Reserve. Walking trail to bay head continues to Peile Pt. Main beach at bay head might also known as O'Reilly Beach but unclear.,Campsite,48.83994,-123.39890,-13736702.902,6247746.19
Drummond,Launch Site,Regional,n/a,"Easy on low gradeent sand, silt beach at mid to high water. Trailer boats also launch directly on beach except at lower water when access becomes more difficult due to softer mud, distance from shore. ","No camping permitted. Picnic tables, picnic shelter, pit toilets.","Plenty of day parking on Isabella Point Road. Overnight parking not permitted. Owned by Fulford Hall Association, managed by PARC (Capital Regional District Parks). Adventure playground, . Also home to ‘Fulford Harbour Petroglyph’, a native rock carving. See: <a href="https://www.crd.bc.ca/parks-recreation-culture/parks-trails/find-park-trail/drummond" target="_blank" style="color:blue">Drummond Park</a>",Launch Site,48.76971,-123.46073,-13743585.597,6235875.954
Genoa Bay,Launch Site,Municipal,n/a,Protected boat ramp. Shallow gradient.,No camping.,"Ramp is municipal but adjacent parking lot is private. Paddlers should park across from the cafe, against the bank, so large parking lot may be used by marina customers.",Launch Site,48.75904,-123.59888,-13758963.972,6234074.106
Big Rock,Launch Site,Municipal,n/a,"Concrete ramp. Beach of cobble, boulder. Drift logs. Hazardous currents, traffic, rips in area.",No camping.,Parking. Picnic table. No toilet. In McCallum Park. Rotary waterfront trail.,Launch Site,49.98947,-125.22583,-13940075.374,6444451.755
Beachside Drive,Launch Site,Regional,n/a,Easy on moderate gradient smooth gravel beach in well-protected Long Harbour. N Aspect Alternate to Ontario Drive. 60 m smooth near-level path from vehicle to beach.,No camping permitted.,"Large graded gravel parking area at road end. Posted restrictions (2022) are no overnight or long term parking, so now useful only for day trips.",Launch Site,48.86032,-123.46844,-13744443.436,6251193.126
Price Road,Launch Site,Regional,n/a,"Easy on broad sand, pebble beach of moderate gradient.  Clams. In outer Ganges Harbour, protected from most directions. E aspect.  Beach 80 m from parking along near-level path, ",No camping permitted.,"Price Road off Beddis Road. Small parking area for 3 or 4 vehicles. No posted parking restrictions. Other roadside parking opportunities, but please respect accesses required by local residents.",Launch Site,48.83560,-123.47169,-13744805.658,6247012.053
Beddis Beach,Launch Site,Regional,n/a,Crushed-shell beach. Long carry at low tide. Road 150 m from beach via wide trail.,No camping. No open fires. Hours 7 am to 11 pm daily.,"Small roadside parking area at junction of Lionel Crescent, Beddis Road on E side just past gate. Small sign. Attractive. Capital District Regional Park 0.6 ha.forested. Popular for beach activity. Pit toilet. Tidal pools. Swimming.",Launch Site,48.80963,-123.42556,-13739670.49,6242621.104
Mill Bay,Launch Site,Municipal,n/a,Easy concrete boat ramp and gravel beach at end of Handy Rd.,No camping.,"Limited public parking. Marina, restaurants and stores nearby.",Launch Site,48.65052,-123.55293,-13753849.621,6215768.106
Island View Beach,Launch Site,Regional,n/a,"Easy on pebble, cobble beach or boat ramp. Exposed to SE. The boat ramp is unusable by boats on a trailer because of the amount of driftwood on the ramp plus significant 5-10 foot break in the concrete ramp (June 2024).",See nearby Island View site for camping information.,"Toilets, picnic tables, day parking. Island View Beach Regional Park, managed by Capital Regional District. 10 overnight parking spaces on road available near RV sites - must buy permit from District of Central Saanich municipal hall. Parking fee $10.50 for each 24 hours. See: <a href="https://www.crd.bc.ca/parks-recreation-culture/parks-trails/find-park-trail/island-view-beach" target="_blank" style="color:blue">Island View Beach Regional Park</a>.",Launch Site,48.57215,-123.36618,-13733060.706,6202573.573
Sand Dune Cove,Campsite primary,Marine Provincial Park,unknown,Easy on broad sand beach. SE aspect. Occasional surf but more protected than Cow Bay.,Beach and upland camping with tent platform. Functioning composting toilet with step ladder angle with 5 steps to get up. (2024). Bear cache.,Wild Side hiking Trail to Cow Bay and Ahousaht village. $25 trail use fee (2014) applies outside Park boundary. No camping fees (2018). See Wildside Trail. Aka Gibson Marine Park or Whitesands Beach. See: <a href="https://bcparks.ca/gibson-marine-park/" target="_blank" style="color:blue">Gibson Marine Provincial Park</a>,Campsite,49.26170,-126.06023,-14032960.98,6319383.634
Maquinna Point,Dispersed site secondary,Provincial Recreation Site,5 - 7,"Avoid reefs on W side of beach as you approach - visible at mid tides. Surf less at mid beach or behind a reef except at high water.  Semi protected from NW, somewhat exposed to swell. Both Maquinna Point and Maquinna Point East are east of Maquinna Point and can be subject to swell, especially from the W and SW. Maquinna Point is easier to land here than at Maquinna Point East which has a steeper gradient beach. More protected at lower tide.  Mixture of sand, rounded cobbles.",Camp on upper beach. Maquinna Point's beach has a low to medium gradient and it is a short headland walk away from Maquinna Lagoon and Maquinna beach that extends toward Yuquot.,Water at creek. On Nootka hiking Trail. Short walk to Maquinna Pt. Outer Coast Nootka Island Recreation Site REC16199 as shown on IMAP.,Dispersed Site,49.58424,-126.65911,-14099627.574,6374582.01
Hunt Islets,Informal site primary,Crown,7,"N beach has preferred easy landing with boat run and small boat stowage area. S beach has boulders, rocks, unapproachable at mid, low tides.","4 separate secluded campsites along trail connecting the N,S beaches. 3 more on S. beach upland. Green throne pit toilet.","Attractive, comfortable site. Logbook cache located in stump at head of trail.",Informal Site,50.47223,-128.03188,-14252444.054,6528463.57
Quatsino Park Beaches,Dispersed site secondary,Provincial Park,1 - 2,"Easy on rock, pebble beaches.  Easiest on most easterly beach of group.  Steeper gradient on these beaches than elsewhere in the Sound so fewer low tide issues than elsewhere. S aspect.",Possible to squeeze in one or two tents on each beach. Not enough room for 3 tents.,Several small dispersed beaches suitable for one or two tents each. See <a href="https://bcparks.ca/quatsino-park/" target="_blank" style="color:blue">Quatsino Provincial Park</a>,Dispersed Site,50.48412,-127.82157,-14229031.717,6530542.313
Grant Bay,Campsite primary,Provincial Recreation Site,12,"Low gradient sand beach. S aspect. Exposed to S, SW, wind, surf. Protected from NW winds, swell.",Camp on grassy upland. Pit toilet.,Water at seasonal creek. Trail access to road to Winter Harbour. Popular with hikers. W wind blows out of bay.,Campsite,50.47892,-128.09870,-14259882.055,6529632.621
Escalante Point south,Dispersed site secondary,Provincial Park,10,"Easy on sand beach protected by reefs, Escalante Island. te?	The start of the 1 km trail to North Escalante Point is marked with buoys. However with some blowdowns and vegetation growth in the middle section of the trail, it would be wise to add more flagging tape to avoid following wolf or bear paths",2022 ALERT: NO CAMPING AT REQUEST OF LOCAL FIRST NATIONS WITH SUPPORT OF BC PARKS. ,"Attractive. 1 km rugged hiking trail to Escalante Point north marked by buoys. Expect some blowdowns, Year-round water at Escalante R. See: <a href="https://bcparks.ca/hesquiat-peninsula-park/" target="_blank" style="color:blue">Hesquiat Peninsula Provincial Park</a>.",Dispersed Site,49.52583,-126.55930,-14088516.831,6364559.901
Escalante Island,Day Use,Provincial Recreation Site,n/a,"Easy landing, protected sand beach.",Small flat upland area above beach filled with sensitive plants. Not suitable for camping due to ecological sensitivity..,"Very rocky island with unique geological features, plants. Please minimize human impact. Area of site 63 Ha.",Day Use,49.52281,-126.56992,-14089699.512,6364040.642
Balaklava Island Booms,Campsite primary,Provincial Recreation Site,5,"Sheltered, landing on moderately steep smooth pebble, shale beach. Be aware of back eddy near shore. More difficult at high water.","Was at one time a very spacious, grassy site. Former log sort area now re-vegetating so needs serious brushing if more than a handful of tents are used. Rustic camp furniture.","Attractive. Water at creek. Old roads for hiking. Former log dump. Strategic for paddling outside Nigei, Balaklava Islands.",Campsite,50.85548,-127.63872,-14208676.949,6595770.094
Nahwitti River,Dispersed site secondary,Provincial Park,10 +,"Land at river mouth at W side of bay on sand beaches with N aspect. Subject to surf in high swell conditions, more so on E'erly shores.","Dispersed camping permitted. Camp on beach or in upland near river mouth. Pit toilet. Bear cache, toilet, tent pads at separate North Coast hiking trail. Camping fees apply 1 May to 30 September. Either pre-pay permit via Internet or at San Josef Bay trailhead, but no reservable sites.",May paddle up river. Drinking water at river above tidal zone. On N Coast hiking Trail. Cabin ruins. See: <a href="https://bcparks.ca/cape-scott-park" target="_blank" style="color:blue">Cape Scott Provincial Park</a>,Dispersed Site,50.85914,-128.00739,-14249717.116,6596414.571
Harlequin Bay,Dispersed site secondary,Marine Provincial Park,3,"Easy landing on sand, crushed shell beach. Entrance to beach blocked at low water by rocks which might be fish trap weir.","Sites in 2 mossy forest clearings above steep bank on N side of bay. Picnic table. Random wilderness camping allowed. No fees. Obvious midden location, so fires should be particularly avoided except on beach. Potential for additional sites if brushed.",Anchorage across bay. Trail across island from bay head to resort reported but not verified. See: <a href="https://bcparks.ca/gods-pocket-marine-park/" target="_blank" style="color:blue">God's Pocket Marine Provincial Park</a>,Dispersed Site,50.84426,-127.57519,-14201605.022,6593791.466
Shell Beach,Campsite primary,National Park Reserve,6,Easy on protected shell beach at all water levels. S aspect. Vessel traffic hazards.,"Gravel tent pads. Hammock opportunities. Pit toilet. Picnic tables, food cache bin. Sunny SW aspect. Fee charged year-round. First come, first served. No fires, including below high tide mark. Sensitive areas have been damaged by trampling, so avoid overflow camping. Large parties should use Princess Bay instead. See <a href="https://www.pc.gc.ca/en/pn-np/bc/gulf/activ/camping" target="_blank" style="color:blue">camping</a>",Attractive. View. Extensive trails. Large midden. Gulf Islands National Park Reserve.,Campsite,48.72195,-123.38383,-13735025.495,6227813.146
Beaumont,Day Use,National Park Reserve,n/a,"Easy, on gravel, sand beach on either side of isthmus joining to Skull Islet.","Picnic tables. Compositing toilets. No fires, including below high tide mark. ","Trails lead to paved road 3 km, also to resort. Canada Customs clearance, drinking water at Poet's Cove Resort, 0.6 NM by boat. Hiking trail to Mt. Norman. Anchorage. Gulf Islands National Park Reserve.",Day Use,48.75419,-123.24145,-13719175.96,6233254.988
Musgrave Point,Campsite primary,Provincial Recreation Site,6 - 8,"Easy on sand, pebble, cobble beach. More rocks at small point. Protected from SE by islet. Sign visible from water. S aspect. Please do not land on sensitive small Musgrave Rock AKA 'Cactus Island' just off site. ","Beach floods at Springs. Several sites on old road in upland at SE end of beach. 2 smaller, marginal beach-top sites on gravel. Picnic table. Pit toilet. No fires in upland. Vehicle accessible from Musgrave Road so roadway sites vulnerable to being driven over.","Water at seasonal creek approx 300 m to SW. Attractive, view. From parking just off Musgrave Road, road leads SW to private residence, but branches S along old roadbed ending at site. Hiking trails in adjacent Musgrave Greenbelt including to 2 waterfalls. Rec Site area 35.5 Ha. Site maintained by Cowichan Kayak & Canoe Club.",Campsite,48.74393,-123.54328,-13752775.021,6231522.842
Arbutus Point,Campsite primary,National Park Reserve,6,Large moderate gradient shell beach W of point suited to most water levels. N aspect. Also choice of 2 closer easy shell beaches at high water only. Rock shelf at low water. Ship wash likely from frequent ferries.,"Tent pads in trees. Composting toilet. Picnic tables. Fee charged year-round. First come, first served for campsites. No fires, including below high tide mark. Sensitive areas have been damaged by trampling, so avoid overflow camping. Hammock use restricted to trees with durable bark. Large parties should use Princess Bay instead. See <a href="https://www.pc.gc.ca/en/pn-np/bc/gulf/activ/camping" target="_blank" style="color:blue">camping</a>","View. Attractive. Wildlife viewing. Extensive walking trails. Gulf Islands National Park Reserve. Fallen tree on trail to camping area, reported May 7, 2025.",Campsite,48.73482,-123.36613,-13733055.14,6229984.539
Cougar Creek,Launch Site,Provincial Recreation Site,nan,"Sheltered gravel, mud beach next to boat ramp, floats.",Busy developed drive-through large campground. Pit toilets. Picnic tables.,Pack your own water. Dock and boat ramp. Pay parking. Seasonal caretaker. Shorter access route to outer Nootka Sd than Muchalat Inlet. No kayak launch fees.,Launch Site,49.72252,-126.45537,-14076947.029,6398358.583
Tahsis,Launch Site,Municipal/Regional,n/a,Concrete boat ramp.,Vehicle based camping in vicinity.,"Parking, toilet, water hose. Fee charged.",Launch Site,49.91097,-126.66283,-14100042.105,6430871.095
Pool Point,Informal site secondary,Crown (Hanson Island Lease),6,Moderate on sand on SE with boulders to N. Approach from E or W sides.,"Attractive. Open rocky area, trees.","Views, close to former fishing resort in Double Bay. Small brackish rock pool. 2014 to be leased to commercial operator by Yukusam Heritage Society but currently unused by any known commercial operator.",Informal Site,50.58790,-126.76813,-14111764.048,6548719.208
Drake Island,Informal site primary,Crown,10 - 14,"Easy landing in protected Pamphlet Cove with cleared boat runs through cobbles, boulders on two separate beaches. W aspect. BCMTN sign at the more northerly beach. Space at both beaches for boat stowage.","Main area near sign on level grass on foundation of former Central Hotel, store. Approx 10-12 sites. Secondary single large site for up to 3 tents under fir tree off beach to W but may flood at Springs. Green throne pit toilet.","Historic settlement site. Boat wreck near secondary campsite. Short hiking trail between sites. Aka Limestone Island, Pamphlet Cove. Cache location: 50.520810°N; 127.655570°W",Informal Site,50.52003,-127.65555,-14210550.823,6536828.322
Yellow Bluff,Informal site primary,Provincial Recreation Reserve,20 +,"Easy to moderate depending on swell height. Moderately steep gradient cobble, pebble, sand beach. Surf possible. Beach with E aspect NE of bluff most protected. Sheltered. Optional landing on sand, with W aspect across neck of bluff also offers shelter from NW.",Beach camping on sand in various locations on both sides of neck. No known upland tent sites. Hammock opportunities.,"Water at stream crossing beach across Yellow Bluff Bay to ENE 1.2 NM. It can be accessed using the trail from Yellow Bluff Bay across the isthmus to the bay (approximately 150 meters). Flow was steady, likely year round. Water had tannins. Might be possible to use old Port Eliza Main road to walk to stream. Alternative stream at Tatchu 13 Indian Reserve across bay to W. Other closer streams appear less reliable. Attractive. Staging for rounding Tatchu Point. Anchorage. Sea Cave Cove 1.6 NM to ENE might offer further sites. Area 108.9 Ha.",Informal Site,49.85722,-127.12197,-14151152.602,6421584.91
Haven Cove,Dispersed site secondary,Provincial Recreation Site,1 - 2,"Easy landing on small low-gradient gravel, rock beach in well-protected cove.",In salal above beach with brushing. Some grassy areas might remain dry at Neaps. You can set up two tents on a grassy slope on creek left (approaching paddlers’ right of creek). Boats would need lifting onto rock ledge. ,Water at creek. Sometimes used as anchorage for very small boats. There are two fish farms across the inlet that can be herd until 11ish,Campsite,49.87997,-126.78048,-14113138.844,6425514.08
Gregoire Point,Informal site secondary,Provincial Recreation Reserve,6,"Hazardous, exposed rock, reef barrier, boomers extend S from point. Kelp. Good protection from NW, W, SE inside barrier. When entering bay, watch for avoidable small surf wave that may form on left two thirds beside rocks.","Beach sites on sand. Comfortable, secure bad weather refuge.","Reliable water source reported at stream N of point. Walk on beach, through bush 1 km from site or reach by boat. Attractive. Protected site on a difficult shoreline. Area 42.6 Ha.",Informal Site,49.90099,-127.18755,-14158453.301,6429146.677
Garden Point,Informal site primary,Aboriginal Title Land,10 +,"Sand tombolo joins to islet. Approach from NE behind islet to sheltered sand, mud, shell, cobble beach. Low gradient beach dries far, so long carry at low water. At low water if swell low, approach from W to follow creek channel with steeper but unstable pebble bank onto moderate gradient pebble beach. N, NE aspect.<br /><br />","Tent sites in shady or sheltered forested upland at base of tombolo, or on upper beach. Two brighter campsites on islet. Pit toilet unserviceable (2021). Fire pit. Hammock opportunities. Good all weather site. ","Water at year-round Brodick Creek alongside site. Attractive. View. Wildlife viewing. Some forestry work in progress behind site 2024, 2025.This site is located within the Nuchatlaht Nation's Aboriginal Title Lands. See map of the Title area <a href="https://www.bcmarinetrails.org/wp-content/uploads/2025/05/nuchatlaht_title.jpg" target="_blank" style="color:blue">here</a>. Look up term of <a href="https://www.bcmarinetrails.org/first-nations-guidelines/" target="_blank" style="color:blue"> Aboriginal Title lands</a> in our glossary.",Informal Site,49.84703,-126.90002,-14126445.241,6419826.588
Catala Island north,Dispersed site primary,Marine Provincial Park,8 - 12,"Easy to moderate landing on steep sand, gravel, cobble beach, depending on swell height, direction. Some shelter from SW. Expect surf on approaches in high wind conditions.",Random wilderness camping allowed among many drift logs. Camp near N point or on pebble bench. Limited camping off the beach. Several fire pits. E aspect. No shade. Unofficial pit toilet in need of maintenance 30 m inland from beach. No fees (2020),Attractive. Sea caves nearby. MV Uchuck passes site. See: <a href="https://bcparks.ca/catala-island-marine-park/" target="_blank" style="color:blue">Catala Island Provincial Marine Park</a>.,Dispersed Site,49.84242,-127.04853,-14142978.033,6419029.783
Shuttleworth Bight,Campsite primary,Provincial Park,20 +,"Low gradient sand beach. Light to moderate surf likely. Some protection from W. W side favoured, also has creek entering at extreme W.","Beach or upland camping. Large beach. Random wilderness camping allowed. Camping fees apply 1 May to 30 September. Either pre-pay permit via Internet or at San Josef Bay trailhead, but no reservable sites. Hiking trail campsite located to W of Irony Creek mouth approx 1 NM to NE.",Attractive. Water at creek. Historic settlement site. On N Coast hiking Trail. See: <a href="https://bcparks.ca/cape-scott-park/" target="_blank" style="color:blue">Cape Scott Provincial Park</a>,Campsite,50.83894,-128.14474,-14265006.826,6592852.965
Bell Island,Dispersed site primary,Marine Provincial Park,12,Easy landing in cove on protected white shell beach. Limited room for boat stowage.,"Grassy, partially treed area on an obvious midden shelf above beach. Sheltered. Trail up to campsite can be very slippery and path closest to edge is giving way (so use inland path up and down if possible). No facilities. No fees. Avoid fires unless on beach. ",Attractive. Popular. Location gives access to multiple day trip options. Noisy generator at nearby fish farm reported to shut down 9 pm each evening. Overlooks fish farm. See: <a href="https://bcparks.ca/gods-pocket-marine-park/" target="_blank" style="color:blue">God's Pocket Marine Provincial Park</a>,Dispersed Site,50.83425,-127.52870,-14196429.946,6592026.672
Nolan Point,Dispersed site primary,Provincial Recreation Site,7 - 10,Easy on low gradient cobble beach. Long carry at low water.,"Spacious, sheltered, grassy area between trees, towards point. Afternoon sun. Rustic camp furniture.","Seasonal water at small creek. Attractive, popular site. Short trail. Glen-gla-ouch 5 Indian Reserve adjacent to W.",Campsite,50.82975,-127.62252,-14206873.573,6591233.543
Nissen Bight,Campsite primary,Provincial Park,20 +,W beach is more protected.  Surf low to high.,"Many sites among drift logs. W side floods at extreme tides. Pit toilet. Bear caches. Dispersed camping allowed. Camping fees apply 1 May to 30 September. Either pre-pay permit via Internet or at San Josef Bay trailhead, but no reservable sites.",On Cape Scott and N Coast hiking Trails. Water at creek E of beach approx. 1 km from camp. See: <a href="https://bcparks.ca/cape-scott-park/" target="_blank" style="color:blue">Cape Scott Provincial Park</a>,Campsite,50.79463,-128.30644,-14283007.911,6585045.74
Songhees Creek,Informal site secondary,Provincial Recreation Reserve,10 +,"Easy on well protected steep cobble, gravel beach. 100 m carry at low water.","Spacious, semi-exposed camp on level gravel bar. Some protection from NW.",Water at creek. Attractive. Road nearby.,Informal Site,50.78520,-127.57745,-14201856.771,6583385.683
San Josef  WFP Campground,Campsite secondary,Private,10,"Good dirt ramp to river.  Advisable to paddle river at high tide. Low water impedes 3 NM channel, gives high surf at river mouth.","NB. Road closure for bridge replacement Sept 2018. Developed campground. Picnic tables, pit toilets, fire pits. Nice secluded sites.",Easy access to San Josef River. Overnight parking. May paddle river to access San Josef Bay. High water preferred. Western Forest Products San Josef Recreation site.,Private or Commercial,50.68035,-128.23642,-14275212.608,6564944.93
Coal Harbour,Launch Site,Municipal/Regional,n/a,Best launch near aircraft hangar (Air Cab  250-949-6371).  Alternative on beach to E east of public dock.,No camping.,"Access to Quatsino Sd, Marble River. Parking fee $5/night near museum, floatplane base. Limited free parking near public dock. Washroom, small store beside dock.",Launch Site,50.59868,-127.58141,-14202297.496,6550609.823
Crofton,Launch Site,Municipal,n/a,"Concrete boat ramp, cobble beach N of ferry terminal.  Please respect other boat users of this busy launch ramp.  Best to use beach adjacent to ramp, but awkward at high water due to large rocks in between.",No camping.,No parking in launch area. Park across street in public parking area. Overnight parking permitted. Ferry access road between launch and parking may be blocked with waiting traffic. Toilets. Crofton has full amenities. Park operated by Municipality of North Cowichan.,Launch Site,48.86562,-123.63990,-13763530.71,6252090.045
Brechin Boat Ramp,Launch Site,Municipal,n/a,"Paddlecraft dock. Concrete boat ramp, adjacent to Departure Bay BC Ferry terminal. Protected channel but busy with vessel traffic, aircraft.",No camping.,"Short and long term pay parking. Be aware that City requires vehicles in the boaters; parking area to have a "visible means of transporting a boat" or they will be ticketed for improper use of the area. Kayak rentals. Numerous amenities e.g. toilets, change room, pub. City of Nanaimo facility.",Launch Site,49.19028,-123.94902,-13797941.423,6307210.382
Maple Bay Ramp,Launch Site,Municipal,n/a,"Easy at public concrete boat ramp with moderate slope pebble beach on either side, next to rowing club.","No camping. Toilets, change room at adjacent park.","Parking lot with more available at Maple Bay Beach Park to N. Operated by Municipality of North Cowichan. Located at Dimview Street, Beaumont Avenue.",Launch Site,48.81553,-123.60960,-13760158.097,6243618.852
Fort Rupert,Launch Site,Municipal,n/a,"Easy, shell/sand beach. Also boat ramp.",No camping.,Storeys Beach. Tap water,Launch Site,50.69913,-127.42140,-14184485.364,6568245.456
Union Island north,Informal site secondary,Provincial Recreation Reserve,8,Easy landing on steep pebble beach at E side of small peninsula. Good protection. ,Twin sites on both sides of peninsula neck usable at all water levels. E site preferred. Light use so some sites will need brushing. High step up bank to trail at W landing. 8 usable sites reported in 2022.,Trail joins E to W beach. reported as overgrown 2022. Water at small seasonal stream at E end of E site. IMAP shows REC107035 Recreation Reserve.,Informal Site,50.03941,-127.27278,-14167940.728,6453103.55
Calvin Creek Falls,Campsite secondary,Provincial Recreation Site,4,"Exposed low gradient sand beach. SW aspect. Often difficult, expect high surf.",Most hikers are using sites next to the falls but the kayak sites on the north end of the beach showed very little evidence of prior use but take time to find. 4 upland sheltered sites. Additional sites on beach in good weather. Pit toilet.,Water at falls. Campsite is used by hikers on Nootka (hiking) Trail.,Campsite,49.65787,-126.84042,-14119810.599,6387233.865
Marvinas Bay,Dispersed site secondary,Provincial Recreation Site,4 +,Easy landing. Broad protected beach of pebble and cobble.,Several possible sites. Old road bed behind beach offers flat areas but bush is mostly dense. S bank of large creek above beach is another option at most tides.,Water at creek. Fishing resort and float home visible at N end of bay. Historic site.,Dispersed Site,49.65658,-126.62695,-14096047.595,6387013.172
Ahous Bay,Dispersed site primary,Provincial Park,unlimited,"Potentially difficult surf landing, light to heavy depending on conditions. N, S ends of overall large bay more protected, may be calm. S corner has hook for additional landing protection.",Entire expansive sand beach suited to camping. Random wilderness camping allowed. Composting toilet at Fingers at N end (rock bound coves). Please use animal-proof food bins at N and S ends of bay.,Water at creek in centre of bay. Attractive long sandy beach. Hiking trail across S Vargas I. See <a href="http://www.env.gov.bc.ca/bcparks/explore/parkpgs/vargas_is/" target="_blank" style="color:blue">Vargas Island Provincial Park</a>. See <a href="https://www.bcmarinetrails.org/paddling-within-the-ahousaht-hahoulthee/" target="_blank" style="color:blue">Vargas Island webpage</a> with information on Ahousaht access passes.,Dispersed Site,49.18669,-126.01357,-14027766.701,6306598.252
Milties Beach,Campsite primary,Provincial Recreation Site,10,Easy on gently sloped sand beach. N aspect. Sand bar to E.,Camp either end of beach or on upland clearing at E end. Centre of beach floods at moderate water levels. Entire beach floods at Springs. Please use animal-proof steel food bin. Green throne pit toilet in good condition (2019) but trail could use clearing as seen in 2024. Sometimes used by guided groups.There are two trails leading to open area upland tent sites and the beach is a pleasant area to walk. A safe refuge when the surf is too high and Dick and Janes Beach.,Small seasonal creek enters W end. We have created a <a href="https://www.bcmarinetrails.org/vargas-island" target="_blank" style="color:blue">Vargas Island webpage</a> with information about Ahousaht passes and a link to the Ahousaht map where there is allowable camping and day use. ,Campsite,49.20878,-125.97440,-14023406.061,6310362.09
Dick and Jane Beach,Dispersed site primary,Provincial Park,10 +,Low gradient sand beach. More protected than beaches on W of Vargas Island but subject to surf in some conditions.,Random wilderness camping allowed. Sheltered beach camping on sand among driftwood. Pit toilet. Please use animal-proof steel food bins. Note: See <a href="http://www.env.gov.bc.ca/bcparks/explore/parkpgs/vargas_is/" target="_blank" style="color:blue">Vargas Island Provincial Park</a>. See <a href="https://www.bcmarinetrails.org/paddling-within-the-ahousaht-hahoulthee/" target="_blank" style="color:blue">Vargas Island webpage</a> with information on Ahousaht access passes. Two distinct sites at Dick and Jane beach. One at the top; northern corner of the beach and another midway along the beach. Both have food caches.,Water at seasonal creek entering beach near S end. Some upland is private. Paddlers must respect owners privacy. Do not trespass. It's possible to pick up passes at Tofino Kayaking or Paddlewest Kayaking offices. ,Dispersed Site,49.21300,-126.02129,-14028626.055,6311081.134
Narvaez Bay,Campsite primary,National Park Reserve,7,"Easy, on protected sand, gravel beach at all water levels. W aspect. Known as Little Bay.","Gravel tent pads. Picnic tables. Pit toilet. Food cache. Fee charged year-round. Reservable mid May - Sept. No fires, including below high tide mark. All sites <a href="http://reservation.parkscanada.gc.ca/" target="_blank">reservable</a> Overflow area for 3+ tents.","Attractive bay, coves. Road access gated 1.3 km from beach area. Hiking trails to Monarch Head, Echo Bay. Swimming. Gulf Islands National Park Reserve. See ",Campsite,48.77395,-123.09841,-13703251.94,6236592.168
Ruckle,Campsite secondary,Provincial Park,75 +,"Small exposed shell, pebble beach unsuited to high water levels 150 m SW of Beaver Point light, close to campsites on a mostly rocky shore. Alternative landings in sheltered coves to N or S, distant from camp area. Otherwise exposed rock shelves. ",Camp at numbered sites in huge open field or under trees. Some tent platforms. Most sites non-reservable. Pit toilets. Picnic table at each tent site. Shared fire pits. 3 group sites. Wheelbarrows. Garbage collection. Field partly mowed twice each season. ,"Attractive, View. Water at 6 taps. 7 km shoreline. Extensive trails, wildflowers. Intact historic farm. Trail access to road 200 - 600 m. Parking. See: <a href="https://bcparks.ca/ruckle-park/" target="_blank" style="color:blue">Ruckle Park</a>",Campsite,48.77057,-123.36802,-13733265.167,6236021.208
Cabbage Island,Closed Site,National Park Reserve,n/a,n/a<br />,n/a,"Effective April 15, 2025, Cabbage Island will be closed for day use and overnight camping due to cultural sensitivities. Mooring buoys remain available, but marine users may only access the island to use the payment kiosk or pit toilet, which are clearly marked by split rail fences. Parks Canada - Gulf Islands National Park Reserve has requested that visitors respect this closure by not extending their stay on the island or leaving the fenced area. Recreational use of the beach is prohibited. More information is available <a href="https://parks.canada.ca/pn-np/bc/gulf/bulletins/d2577df1-257d-4acf-8c5e-b6e46e92834a" target="_blank" style="color:blue"> here</a>",Closed,48.79730,-123.08637,-13701912.088,6240536.834
Blind Creek,Launch Site,Regional,n/a,"Concrete ramp in protected bay 75 m long. Rough gravel, cobble beaches alongside ramp. Some mud.",No camping permitted.,Approach via Cortes Bay Road. Parking along road. Proposed equestrian facilities. Strathcona Regional District park approx 1.5 Ha.,Launch Site,50.06411,-124.93803,-13908038.315,6457385.524
Mitchell Bay,Launch Site,Public Harbour,n/a,"Ramp, adjacent pebble beach by wharf, floats. Best beach to W of red barn.",No known camping.,Take Mitchell Bay Rd. Park by red barn. Malcolm Island Lions Harbour Authority. ,Launch Site,50.63150,-126.85084,-14120970.559,6556366.612
Blue Heron,Launch Site,Regional,n/a,"Easy on beach of bedrock sandstone, some sand, mixed small rocks.","No camping permitted. Picnic tables, group picnic shelter, parking, toilets.",Road access from Yellow Point Road and Westby Road. Cowichan Valley Regional District community park. See: <a href="https://www.cvrd.ca/239/Blue-Heron-Park" target="_blank">Blue Heron Park</a>. Clearly no overnight parking. Parking is available on the shoulder of Yellow Point Road.,Launch Site,49.04462,-123.75611,-13776467.048,6282435.648
Tuta Marina,Launch Site,Private,unknown,"Easy on sheltered beach in cove adjacent to dock, floats.",Developed commercial site with vehicle-based camping. Advise checking before arrival. According to host at Cougar Creek the road to Tuta Marina is open in June 2025. Closure duration unknown but owners known to travel to town occasionally. Tenting just above the trailer in a tent site.,"Dock, floats, boat launch. Some supplies available. Pay parking.",Launch Site,49.67685,-126.46947,-14078516.634,6390498.902
James Bay Victoria,Launch Site,Municipal/Regional,n/a,Protected double width concrete boat ramp. Adjacent to Coast Guard Base. Marine traffic.,No camping.,"Easy road access, full city services, accommodation, supplies. James Bay Anglers Association, 75 Dallas Rd. Fee charged at ramp $5 or $25 annual permit (2017). Unclear if this ramp is property of James Bay Anglers Assn.or City of Victoria. Day parking in lot, long term parking nearby to N $18.25 per wk (2017). Subject to change due to redevelopment plans (2017).",Launch Site,48.41896,-123.38612,-13735280.183,6176840.508
Tofino,Launch Site,Municipal,n/a,Paddlers launch concrete ramp W of Government wharf. Small sand beach. Rocky at low water.,No camping. Accommodation nearby. Toilet on adjacent wharf,"Main launch site for Clayoquot Sound. Centrally located near services, accommodation, provisions. Overnight parking available a few blocks away near police station (RCMP). Note. Pre-purchase permits can be acquired at Paddle West Kayaking and Tofino Sea Kayaking - phone ahead - or order through the Ahousaht link below. See <a href="https://www.bcmarinetrails.org/paddling-within-the-ahousaht-hahoulthee/" target="_blank" style="color:blue">Vargas Island webpage</a> with information on Ahousaht access passes. Link to the Ahousaht map showing where camping or day use allowed. ",Launch Site,49.15417,-125.90993,-14016229.293,6301061.42
Bell Rocks south,Day Use,Crown Conservancy,2,Easy on exposed pebble beach. NW aspect.,Undeveloped. May be developed as campsite in future. See <a href="https://bcparks.ca/qwiquallaaq-boat-bay-conservancy/" target="_blank">Qwiquallaaq/Boat Bay Conservancy</a>.,View.,Day Use,50.54928,-126.64757,-14098342.635,6541951.099
Lawn Point,Dispersed site primary,Provincial Park,6 - 8,"From N, take care when navigating around reefs. Usually better to approach in morning. Behind reefs, beach is well protected but expect surf in high S wind, swell. Reefs to SW.","Beach sites, on pebble, gravel, exposed to S. Random wilderness camping permitted. No fees (2020).",Attractive. Grassy peninsula deceivingly rugged. Historic plane crash monument. See <a href="https://bcparks.ca/lawn-point-park/" target="_blank">Lawn Point Provincial Park</a>,Dispersed Site,50.32527,-127.97332,-14245924.45,6502798.026
Keith River Site 4,Informal site secondary,Provincial Forest,4,Easy protected landing on sand beach in bay. This might be only at high water. A report received that at low to mid water levels landing difficult to see with large sections of beach fronted by rocks/reefs. ,"3 or 4 beach sites, possibly fewer at Springs.",Year-round water to N at Keith River. Attractive.,Informal Site,50.32765,-127.86552,-14233924.209,6503213.6
Newton Entrance,Dispersed site secondary,Provincial Park,nan,Easy landing on sand beach with moderate gradient except in strong SW conditions.  More protected than other nearby sites.  .,Beach camping among drift logs. Protected from NW. Random wilderness camping permitted. No fees (2018).,Attractive. See <a href="https://bcparks.ca/lawn-point-park/" target="_blank" style="color:blue">Lawn Point Provincial Park</a>,Dispersed Site,50.32267,-127.94482,-14242751.845,6502344.69
Calvin Creek north,Dispersed site primary,Provincial Recreation Site,6 - 8,"Landing moderate to difficult on low gradient sand beach. Prone to surf, especially near centre beach at Falls area, so N end usually preferred. Extensive low reef or shoal gives some protection at less than very high water levels. Swells break at outer edge rather than at beach so often minor at beach. Go wide of extensive shoals to W to clear offshore breaking waves.<br />","Several sites on upper beach. Beach floods at higher tides or during storms. Report received that beach sites remain dry up to 3.9 m tide if tent is at forest edge, assuming no storm surge. Hiker shack, decorated with flotsam, in the woods. A new outhouse has been installed (one of those "urine diversion toilets" with the pedal). ",Attractive. Water at falls. On Nootka (hiking) Trail.,Dispersed Site,49.66112,-126.85560,-14121500.54,6387793.911
Hanna Beach,Informal site secondary,"First Nation, Provincial Recreation Reserve",6 - 8,"Easy landing. Small, gently sloping cobble, pebble beach. SW aspect. Limited landing area at high water. Some exposure to SW wind.","Ample room behind beach logs. Small forest upland clearings could also support 2-3 tents. An overgrown roadway reported in area but not found during June 2025 assessment, however tenure sings present on beach. ","Water at creeks. Nearby fishing shacks, dock visible from parts of site.",Informal Site,49.68102,-126.47810,-14079477.689,6391215.725
Whaleview Beach,Dispersed site secondary,Provincial Park,unknown,"Easy landing on sand, shell, gravel beach. Well protected from all directions.",Random wilderness camping allowed. Beach camping possible almost any tide including summer Springs. Small forested upland sites likely need brushing. Ahousaht Stewardship Fee required. Please avoid Ahousaht Nation Tootoowilteno Indian Reserve at E end of beach.,"Year-round water likely available by paddlecraft access to river approx. 0.5 NM to NE around point. Small, quiet, protected site. A good alternative to nearby Half Moon Beach in poor conditions. See: ",Dispersed Site,49.35976,-126.23060,-14051925.97,6336127.622
Hesquiat Harbour,Dispersed site primary,Provincial Park,unknown,"Long sweeping sand beach. Shallow, confused water. breaking waves over Hesquiat Bar.  Good protection beyond Bar. To avoid long carry at low water, avoid broad sand shelf at S corner of beach, adjacent to bar.",Random wilderness camping allowed. No fees (2018). Entire beach is suitable for camping. See: <a href="https://bcparks.ca/hesquiat-peninsula-park/" target="_blank" style="color:blue">Hesquiat Peninsula Provincial Park</a>.,Water. ,Dispersed Site,49.42147,-126.48970,-14080768.56,6346681.553
Obstruction Island,Dispersed site secondary,Provincial Park,3,Moderate landing on sloping bedrock shoreline. Tricky at lowest tides.,"Random wilderness camping permitted. Rough camping on small level areas of rock, gravel, grass. ",Attractive. Anchorage - Provincial Boat Haven in cove. ,Dispersed Site,49.39986,-126.08722,-14035965.382,6342984.362
Barcester Bay,Dispersed site secondary,Provincial Park,10 +,"Low gradient broad sand beach. Open to NW wind, swell. Expect low to high surf with less to S. Recommend use in settled conditions only. ",Beach camping between drift logs. Some shelter from S.,Attractive. Water at creek crossing beach at S end. ,Dispersed Site,49.44432,-126.55143,-14087641.114,6350591.697
Isle de Lis,Campsite primary,National Park Reserve,3,"Easy on exposed gravel, pebble tombolo between Rum and Gooch Islands. Choose either N or S aspect depending on conditions.","3 tent pads 150 m above beach. 2 pit toilets. Hammock opportunities. Fee charged year-round. No fires, including below high tide mark. Possible overflow site on tombolo. See <a href="https://www.pc.gc.ca/en/pn-np/bc/gulf/activ/camping" target="_blank">camping</a>","On Rum Island. Small attractive island with views, trail. seal, bird colonies. Isle de Lis (Lily Island) name given by former owner. Gulf Islands National Park Reserve.",Campsite,48.66237,-123.27903,-13723358.622,6217765.115
Sidney Island,Campsite primary,National Park Reserve,25 +,Easy sheltered sand beach at all water levels. BW aspect. Small seasonal dock. W aspect. Lagoon closed to all boating.,"Open grassy sites, tent pads. Picnic tables. Gear carts. Picnic shelter. Vault toilets. Fee charged year-round. Site closed for hunting 1 Nov - 28 Feb. Group camping site. No fires, including below high tide mark. IMPORTANT 100% reservable from May 15 to Sept 30 so paddlers advised to reserve. 2 small overflow areas. Mid-week sites often available on first come, first served basis. 250-654-4000,Toll-free: 1-866-944-1744. All sites <a href="https://reservation.pc.gc.ca/ target=">reservable</a> ","Site no longer offers drinking water. Trails. Swimming. Anchorage. Birding, fallow deer, wildlife. Frequent foot passenger ferry in summer from Sidney. Gulf Islands National Park Reserve. See ",Campsite,48.63550,-123.32950,-13728977.14,6213238.171
Princess Bay,Campsite primary,National Park Reserve,12,"Easy on beach in protected bay. Gravel at high water, mud at low water, some sand, pebble. SE aspect. Dinghy dock.","Camp in damp mown open field, an old orchard. Composting toilet. Picnic tables. Food cache. Short concrete steps give access up bank. Fees charged year-round. First come, first served. No fires, including below high tide mark. Suited to groups or overflow from smaller sites on Portland Island. See <a href="https://www.pc.gc.ca/en/pn-np/bc/gulf/activ/camping" target="_blank">camping</a>",Anchorage. Small seasonal dock. Aka Tortoise Bay. Kanaka (Hawaiian) history. Volunteers provide information service in season. Extensive walking trails. Gulf Islands National Park Reserve. ,Campsite,48.72095,-123.36991,-13733475.56,6227643.734
Paddlers Beach Raft Cove,Dispersed site primary,Provincial Park,10 +,Land to S of Macjack River mouth. Landing weather dependent but usually lower surf than on main beach. Protected from SW but expect high surf in strong NW winds.,"Numerous sites on sand, gravel beach. Camping fees apply 1 May to 30 September. May pre-pay permit via Internet, but no reservable sites. Fee $5.00 per person per night (2018) via BC Parks Backcountry Registration System.",Water at Macjack River upstream. Navigable for some distance. Hiking trail on N side of river leads in 2.5 km to industrial road. See: ,Dispersed Site,50.58015,-128.23615,-14275183.042,6547359.925
DArcy Island,Campsite primary,National Park Reserve,7,"Pebble beach. Exposed to SE winds. Strong SE wind may cause hazardous steep surf conditions. Alternative beach, NNE aspect, nearby to N offers longer but easy carry to tent sites.","Gravel tent pads near beach with some shelter in mature forest. Pit toilet. 7 picnic tables. Hammock opportunities. Fee charged year-round. First come, first serve. No fires, including below high tide mark. See <a href="https://www.pc.gc.ca/en/pn-np/bc/gulf/activ/camping" target="_blank" style="color:blue">camping</a>",Attractive. View. Rough trail across island to historic former leper colony. Gulf Islands National Park Reserve. ,Campsite,48.56783,-123.27362,-13722756.239,6201847.369
Bamberton Beach,Day Use,Provincial Park,nan,"Easy sand/pebble beach, low gradient, so long carry at low tide. E aspect. Open to N.","Drive-in campsite accessed by steep trail 500 m from beach or by road. Tap water, flush and pit toilets, picnic tables, change rooms. Overnight parking at campsites only. Not practical for boat-based camping - too far from shore.",Grassy picnic area for lunch stops. Camping not permitted at shore. ,Day Use,48.60523,-123.52107,-13750302.247,6208141.282
Carrot Park Port Hardy,Launch Site,Municipal,n/a,"Easy on beach of gravel, small rocks. E aspect. Might be easier slightly to N of main park area. Springs appears to flood beach to rip rap bank.",Hostel in vicinity. No campsite nearby with access to beach launching. Picnic shelter.,"Carrot Park. Walking paths. Day parking. View. Overnight parking at Government wharf/boat launch nearby to S. Supplies, water taxi services, accommodation.",Launch Site,50.72426,-127.49102,-14192234.87,6572663.531
Nordstrom Creek,Dispersed site secondary,Provincial Park,nan,"Approx 100 m W of creek mouth, rocks of large outcrop extend into sea. Land at side of rocks in protected area about 6 m wide, navigating around reefs. Approach, landing depends on swell height, direction. Surf likely.",Beach sites on sand E of creek. Grass above beach too steep for tents. Random wilderness camping allowed. No fees (2018).,Water at creek. See: <a href="https://bcparks.ca/muqqiwn-brooks-peninsula-park/" target="_blank" style="color:blue">Mquqwin Brooks Peninsula Provincial Park</a>.,Dispersed Site,50.09449,-127.86114,-14233436.83,6462655.19
Tongue Point west,Informal site primary,Provincial Recreation Reserve,4 - 6,Moderate gradient all-tide sand beach protected from SW behind small rock islet. Approaches from both sides of islet well protected. W might be preferred. N aspect.<br />All tide landing to west of Rock protection with a small swell at times. Mid to high tide the landing to the east side of the rock fronting the Beach is more protected and provides and easy landing. Only at low low tides is the east side not as accessible. ,Sand beach not really suitable for flat tent sites as sloped. Only one decent sized forested site with 2 very small nearby sites.,"Attractive. Aka Oldham Beach after Margaret and Ted Oldham, paddlers who spent many a summer week here. Recreation Reserve REC107007. Trail head to Louie Bay at easterly side of Beach. Trail marker to start but not well used trail.",Informal Site,49.74712,-126.95050,-14132065.016,6402595.545
Benson Point,Campsite primary,Provincial Recreation Site,8 - 12,"Land E of point to avoid surf on W side. Easy on long sand, gravel beach. Gradient 3 - 5%. SE aspect. Moderate protection. Next beach to E is similar or better protected if overflow site needed.","Exposed beach sites. Aspect S , W. As of July 31, 2021 "Warning: Benson Point currently has no toilet so BCMT strongly urges visitors to bring "wag bags" or similar to pack out human waste. On-site disposal is not recommended." There are a couple additional tent sites in the trees / sheltered from wind. Next beach to E suitable as overflow site.","Small waterfall at far W end of beach had flow Aug 2022 so might be year-round. Similar report of creek with waterfall just above the beach, 0.6 NM W of site, but measured distance might be 1 NM instead. Attractive. Interesting shorelines. Sea caves. Lagoon nearby. ",Campsite,49.77933,-126.88062,-14124285.643,6408147.597
Third Beach,Campsite primary,Provincial Recreation Site,Many,Extensive moderately steep sand beach at high water. Low gradient at low water. S aspect. Protected from NW. Prominent large treed rock outcrop at W entrance breaks swell for surf-free landing behind.,Beach sites on sand. Report of upland forest margin sites.,Attractive. Water at year-round creek to E up along log into edge of woods. Freshwater bathing pool across E side of beach. Rope hang ladder on trail up onto treed rock outcrop. On Nootka (hiking) Trail. Frequently used as first night stop by hikers starting from Louie Bay. by float plane.,Campsite,49.71800,-126.93990,-14130885.196,6397581.23
Strange Island,Informal site primary,Provincial Forest,5 - 7,"Easy to moderately difficult at S end or elsewhere on long, 250+m gravel mixed rock, sand beach. Oysters at some water levels. Not enough beach space at high water to pull boat ashore. Middle beach area appears to be easiest for landing having a gentle slope and large sand/gravel areas at mid tides. <br />W beach required water exit, carrying boats up onto cobble/ boulder shore. <br />Slightly exposed to SW. Surf possible. ","At least 6 tent sites behind driftwood logs for beach camping. However this option would be unsuitable during spring tides as the area may flood.Otherwise look for a blue line strung from hemlock to alder trees marking a trail into the forest (see photos). Follow the trail 40 meters inland to find 2-3 tent sites. The area could be opened up with some brushing work. Danger trees present in this area and therefore the inland tent sites would be unsafe in 40km+ winds.Aprox location of trailhead: 49.682887N, -126.599995W ",Attractive site. Work needed to remove danger trees from camping area.,Informal Site,49.68305,-126.59993,-14093040.109,6391565.549
Loquillilla Cove,Informal site primary,Provincial Recreation Reserve,7 - 10,"2 locations. Main beach: easy, on sand, gravel, cobble. SE aspect. E cove: easy, but some soft mud at low water. NW aspect.","Sheltered sites in trees in both areas. 1 or 2 possible sites on main beach. Better camping in cove 0.5 NM E of main beach with spacious, level upland sites. Short walk to view over Goletas Channel.","Water at seasonal creeks at SW, NE corners of main beach. Creek at SW hard to see but substantial. Creek on N side of E cove. Spring reported but location unknown.",Informal Site,50.86237,-127.75807,-14221963.72,6596985.288
Discovery Island,Campsite primary,Marine Provincial Park,10 - 14,Pebble beach. Vessel wash. Strong currents near island. Pull kayaks up out of the water a bit higher as passing ships can cause larger hitting waves on the beach.,"Camp only in designated large open field SW of Pandora Hill. Pit toilet. Picnic tables. Food caches. No fires or pets permitted. Camping fees apply year-round. Pre-pay via Internet, or use drop-box but no reservable sites. Fee $5.00 per person per night (2019) via <a href="https://camping.bcparks.ca/" target="_blank">BC Parks Backcountry Registration System</a>.",See: <a href="https://bcparks.ca/discovery-island-marine-park/" target="_blank" style="color:blue">Discovery Island</a>. ,Campsite,48.42411,-123.23192,-13718114.139,6177703.226
Medallion Beach,Dispersed site primary,Provincial Park,8,Some exposure to surf. E side of beach usually preferred. W end of beach has low dunes causing erratic waves on lower tides.,Random wilderness camping allowed. Camp on beach or on grassy upland. Many options. Composting toilet at W point of beach. Please use animal-proof steel food bin., See <a href="http://www.env.gov.bc.ca/bcparks/explore/parkpgs/vargas_is/" target="_blank" style="color:blue">Vargas Island Provincial Park</a>. See <a href="https://www.bcmarinetrails.org/paddling-within-the-ahousaht-hahoulthee/" target="_blank" style="color:blue">Vargas Island webpage</a> with information on Ahousaht access passes. Link to the Ahousaht map showing where camping and day use allowed. ,Dispersed Site,49.15069,-125.97969,-14023994.641,6300469.036
Cape Sutil,Campsite primary,Provincial Park,10 +,Easy to moderate landing on sand beach. E aspect. Protected from NW. N'erly of 2 beaches. Paddlers mostly land on S half of N beach.,"Beach sites on sand. Dispersed camping permitted. N Coast hiking trail campsite around headland to SE has pit toilet, food cache, ranger yurt. Awkward access over logs in forest in first surge channel. Camping fees apply 1 May to 30 September. Either pre-pay permit via Internet or at San Josef Bay trailhead, but no reservable sites.",Water at small seasonal creeks near N Coast hiking trail campsite. Attractive. Cape Sutil proper lies in I.R. so permission required to visit. See: <a href="https://bcparks.ca/cape-scott-park/" target="_blank" style="color:blue">Cape Scott Provincial Park</a>,Campsite,50.87206,-128.05425,-14254933.904,6598693.745
Brentwood Bay,Launch Site,Regional,n/a,"Concrete kayak, canoe launch at sheltered small sand, gravel and mud beach immediately S of Brentwood Bay ferry terminal, dock and marina. Well-designed concrete inclined pathway from vehicle loading area to beach. At low tide, the area next to the water can get very muddy. At high tide, the water can come up to the bottom of the steps leading to the beach.",No camping.,"Unloading area (15 min max.) and (1 hr) short term parking nearby. No parking on Verdier Rd. Some nearby street parking. Flush toilets, picnic table. Verdier Park, small District of Central Saanich neighbourhood park.",Launch Site,48.57760,-123.46570,-13744138.854,6203490.523
Bear Cove Kayak Launch,Launch Site,Municipal,n/a,"Concrete small hand launch ramp (for kayak etc.). Area protected by breakwater, floats.",No camping permitted.,"Easy access to dedicated kayak launch separate from main boat ramp. No user fee (2024). Approx 5 minute walk to ferry terminal for overnight parking ($50 per week 2024) - pay at terminal office during business hours. Toilets, water, electricity, picnic tables. District of Port Hardy. Sign shows BCMTN North Vancouver Island Circle Route, now called Cape Scott Marine Trail.",Launch Site,50.72276,-127.45686,-14188432.219,6572398.308
Cattle Point,Launch Site,Municipal,n/a,2 concrete boat ramps in small semi-protected bays with rock shores. Smaller E aspect. Larger S aspect.,No camping.,"Approach via Beach Drive, Scenic Drive. Plentiful day parking. Street parking with no posted restrictions. No fees (2017). Busy. Waterfront edge of 35 ha Uplands Park. District of Oak Bay.",Launch Site,48.43910,-123.29290,-13724902.846,6180218.81
Klaskino Inlet,Launch Site,Provincial Recreation Reserve,n/a,Gravel beach launch site with rocks off.  Small boats only. High water use preferred.,No known camping. Location uncertain. Provincial Recreation Reserve mapped as Recreation Site on Seasketch.,"Road condition unknown, might be closed. If open, rough beach is on short spur off main access road. If closed, use Side Bay instead. Access to N. Brooks area. Very small parking area.",Launch Site,50.30217,-127.73191,-14219050.623,6498771.403
Fair Harbour,Launch Site,Public harbour,n/a,"Concrete boat ramp between public dock, fuel float. Adjacent gravel ramp offers kayak launch area.",See nearby site Fair Harbour Marina and Campground www.fairharbourbc.com for details.,"Services include: campground, rental cabins, store, washrooms, showers, laundry, fuel dock, potable water, propane, paid supervised parking with video surveillance, community free parking area. Campsites range from $20 - $25/night. Daily, weekly and monthly parking rates Visit Fair Harbour website: https://fairharbourbc.com/",Launch Site,50.06079,-127.11643,-14150536.593,6456809.741
Little Espinosa Inlet west,Launch Site,Provincial Forest,n/a,"Easy on cobble, gravel beach (unpaved boat launch) on N side of  road bridge. Some mud. Gradient 3% to 5%. Strong tidal rapid flows under bridge at times.",No camping.,Parking for approx. 10 vehicles on nearby wide road margin W of bridge.,Launch Site,49.95997,-126.90710,-14127233.75,6439345.663
Zeballos,Launch Site,Municipal/Regional,n/a,Beach near near dock. Other beaches in village.,Cevallos developed campground in village.,"Small community. Accommodation, store, pub, restaurant. Overnight parking for fee.",Launch Site,49.97958,-126.84394,-14120202.488,6442740.969
Elk Bay launch,Launch Site,Provincial Recreation Site,n/a,"Easy, pebble but exposed to N.  Gravel boat ramp.",See Elk Bay campsite. Main camping area next to launch. Toilets.,"Busy boat launch and camping site. Rec Site REC5810. View. Road access from Campbell River. Head north on Highway 19. Turn right just N of Roberts Lake, on Elk Bay road at 33 km. Turn right at Stella Lake road 11.3 km from highway, Follow for 3.2 km. Turn right at split by log dump. Site is 0.7 km S, Smaller part of site lies 400 m S. ",Launch Site,50.27479,-125.42907,-13962700.136,6494001.629
San Josef Bay,Campsite primary,Provincial Park,20,2 broad low-gradient sand beaches. Some surf. N beach provides more protection.,"Beach camping. Pit toilets. Bear caches. Camping fees apply 1 May to 30 September. Either pre-pay permit via Internet or at San Josef Bay trailhead, but no reservable sites.","Water at river or waterfall on stream crossing N beach. Popular site with hikers. Hiking trail 2.5 km to parking lot. Longer trails to Lowrie Bay, Cape Scott etc. Sea caves, stacks. See: <a href="https://bcparks.ca/cape-scott-park/" target="_blank" style="color:blue">Cape Scott Provincial Park</a>",Campsite,50.67762,-128.29178,-14281375.99,6564464.756
Cape Palmerston,Informal site secondary,Provincial Recreation Reserve,7 - 10,"Gravel, rock beach. Watch for some rocks, reefs.  Easier landing than Cape Palmerston Recreation Site just to N or some of the Raft Cove options just to S. Some protection from NW.",Beach camping. User maintained cabin.,More protected in NW wind conditions than Raft Cove sites.,Informal Site,50.60170,-128.26536,-14278434.562,6551139.195
Topknot Point,Informal site primary,Provincial Recreation Reserve,5 - 7,"Sand, gravel beach. Light to moderate surf landing at N end, E of prominent creek.","Exposed sites on sand, gravel above landing beach. Beach topography varies annually. Some more protected sites alongside smaller creek at centre beach.","Attractive. Water at creeks. Visitor logbook at base of fir tree through salal underbrush at N50D 32.11M, W128D 12.681M.",Informal Site,50.54835,-128.21137,-14272424.467,6541787.296
Raft Cove,Campsite secondary,Provincial Park,20 +,Low gradient sand beach. Easier landing S of river mouth. Expect surf at low water or when swell  exceeds 1 m.,"Upland sites N of river mouth. Also beach camping. Spit at river mouth may be used as campsite. 5-6 toilets. 5 or 6 Food caches. Camping fees apply 1 May to 30 September. May pre-pay permit via Internet, but no reservable sites. Fee $5.00 per person per night (2018) via BC Parks Backcountry Registration System.",Attractive. Water at river upstream. Macjack River navigable for some distance. Hiking trail 2.5 km to industrial road. See: <a href="https://bcparks.ca/raft-cove-park/" target="_blank" style="color:blue">Raft Cove Provincial Park.</a>,Campsite,50.58396,-128.23082,-14274589.464,6548028.748
Quatsino Park west,Dispersed site secondary,Provincial Park,2 - 3,"Easy launch, landing at low water on long cobble beach, S aspect,",Beach camping depending on tide level. Little space. Too small for 4 tents.,May be noisy due to proximity to Koskimo industrial area. See <a href="https://bcparks.ca/quatsino-park/" target="_blank" style="color:blue">Quatsino Provincial Park</a> AKA Prideaux Point.,Dispersed Site,50.49018,-127.84198,-14231304.617,6531603.174
Shelter Bay,Informal site primary,Crown tenure - Section 17 designated use area,12,"Easy, white sand, mud beach in protected cove accessible at all tides but high water preferred to allow site access from N side of sand tombolo. Kelp.",Camp on sheltered white sand beach E of Wescott Pt at most tides or in approx. 6+ cleared sites in forested upland. Additional forest site at E end of beach.,"Water at creek in NE corner is likely year-round. Located at N50D 57.89M, W127D 24.70M (WGS84). Intertidal life. Some commercial use. Some lands are 'designated use area'. Anchorage. Trail E of creek to First Nations site accessed by climbing a rope.",Informal Site,50.97687,-127.46095,-14188887.56,6617204.002
Cape Palmerston Recreation Site,Dispersed site secondary,Provincial Recreation Site,variable,"Rocks, boulders at landing near river mouth. Gravel beach with high, unstable gravel berm above high water line.  Difficult to haul boats up.","Camp on gravel beach. Likely 6 or more tent sites, but beach conditions change from year to year.",RSTBC Recreation Site lies across river. Difficult haul with boats across creek. Toilet. Trail access to road.,Campsite,50.60445,-128.27413,-14279410.967,6551621.699
Guise Bay,Campsite primary,Provincial Park,unknown,"Difficult in SW wind. Surf, shallow sand beach.","Camping on beach, upland. Exposed to strong gap winds. Pit toilet on E side. Sheltered from NW but exposed otherwise. Camping fees apply 1 May to 30 September. Either pre-pay permit via Internet or at San Josef Bay trailhead or pay site host, but no reservable sites. Frequent use by hikers.",Water available seasonally. See: <a href="https://bcparks.ca/cape-scott-park/" target="_blank" style="color:blue">Cape Scott Provincial Park</a>,Campsite,50.77261,-128.41183,-14294739.817,6581169.731
Lowrie Bay,Dispersed site secondary,Provincial Park,10,"Broad sand beach. Expect surf. Difficult except in calm weather. SW portion by rocky outcrop usually easiest landing at high water, when poles at sand spit might be visible.","Beach camping. User maintained old cabin in good condition at last report 2014. Camping fees apply 1 May to 30 September. Either pre-pay permit via Internet or at San Josef Bay trailhead, but no reservable sites. Green throne toilet. Report of overgrown trails (2021).","Isolated. Attractive. Rough, muddy hiking trail to Sea Otter Cove, San Josef Bay. See: <a href="https://bcparks.ca/cape-scott-park/" target="_blank" style="color:blue">Cape Scott Provincial Park</a>",Dispersed Site,50.69418,-128.36580,-14289615.491,6567375.534
Helen Islands,Campsite primary,Provincial Park,5 - 7,"Sheltered, easy landing on pebble beach at mid to high water.  More difficult, large rocks, boulders, weed at lower water levels. W winds may bend to blow out of Sea Otter Cove. Landing on north beach is more sheltered and preferable.","Camp on beach. Sites likely need leveling. Sheltered. Random wilderness camping permitted. Camping fees apply 1 May to 30 September. Either pre-pay permit via Internet or at San Josef Bay trailhead, but no reservable sites.",Attractive. See: <a href="https://bcparks.ca/cape-scott-park/" target="_blank">Cape Scott Provincial Park</a>,Campsite,50.66827,-128.35475,-14288385.678,6562823.049
Lawn Point east,Dispersed site secondary,Provincial Park,nan,Pebble beach with easy to moderate landing depending on conditions. Surf possible.,"Beach camping. More sheltered from wind, more secluded than main Lawn Point site. Random wilderness camping permitted. No fees (2018).",Attractive. See <a href="https://bcparks.ca/lawn-point-park/" target="_blank" style="color:blue">Lawn Point Provincial Park</a>,Dispersed Site,50.32245,-127.95528,-14243916.981,6502306.907
Heater Point,Dispersed site primary,Provincial Recreation Site,2 - 4,"Easy landing on moderate gradient sand beach. NE aspect  Protected from W, SW. Landing on beaches on SW side of point subject to surf.",Beach sites on NE aspect beach. More space near point. Additional unlimited sites on other beaches but access more difficult due to surf.,"Possible water at creek, from small lake, crossing beach approx 200 m to E. Take rough trail across headland to beach on opposite side then head south across small 2nd headland to next beach, at the end of that beach is a very large cave work visiting. ",Campsite,50.29091,-127.85564,-14232824.495,6496809.606
Klaskino Anchorage,Informal site secondary,Provincial Recreation Reserve,10 +,"Protected from SE, SW. More protected in bad weather than Heater Point. ","Camp on gravel bench NE of creek. Roomy, protected site. ",Water at creek. Provincial Boat Haven. ,Informal Site,50.29583,-127.81649,-14228466.025,6497666.906
Rumble Beach Port Alice,Launch Site,Municipal,n/a,"Easy on protected pebble beach of moderate gradient. Some sand. Close to parking, road. Concrete ramp, float.","No camping permitted. Toilets, picnic shelter, picnic tables.","Marina, boat launch. Pay parking $10 per day $80 per yr annual fee residential only (2022). Laundry and showers available. Pay Wharfinger or at Village Office, 1061 Marine Dr. Port Alice. Details at 250 209 2665 or 250 284 3391. See <a href="https://portalice.ca/wp-content/uploads/2021/06/MAR-NO-005-Marina-Parking-Policies-Notice.pdf" target="_blank" style="color:blue">public notice</a>.",Launch Site,50.42356,-127.48454,-14191514.455,6519955.03
Winter Harbour,Launch Site,Municipal/Regional,n/a,Small launch ramp near general store. Fee for use.,No camping. Accommodation in community. See also Kwaksistah.,"Small community. Store, accommodation, post office. Very little overnight parking available.",Launch Site,50.51409,-128.03161,-14252413.163,6535787.149
Side Bay,Launch Site,Provincial Forest,unlimited,Gravel beach SW aspect. Some surf in SW wind. Protected from NW.,"Many camping options on both E and W beaches on gravel, grass bar. Grassed sites near road. Fire pit. Fewer campers by river away from road access. Wind protection from NW.","Sept 2020 Best to have road map showing logging road access. Road access on maintained industrial road. (Forest Service Road 7989 01). Road surface good from signed turn off to beach except in repaired section. Large sections of the road can wash out from heavy winter rains. Check prior to attempting last section from Side Bay turn off. Year round water at river near road, stream cuts deeply into beach.",Launch Site,50.33473,-127.91122,-14239011.51,6504448.833
Kwaksistah,Launch Site,Regional,8 - 12,Small boat launch.,"Small developed campground with vehicle access. RVs. Picnic tables. Fire pits. BBQ pits. Pit toilets. Park managers suggest site not suited to tents. No water, power or sewer.",Convenient launch site. Mt Waddington Regional District park. See <a href="https://vancouverislandnorth.ca/stakeholders/kwaksistah-regional-park-campsite/" target="_blank" style="color:blue"> Kwaksistah Regional Park</a>,Launch Site,50.52357,-128.02413,-14251581.328,6537446.985
Goldstream Boathouse Marina,Launch Site,Private,n/a,"Easy concrete boat ramp, sheltered. Busy shipyard, marina. Vessel traffic.",Camping available at nearby Goldstream Provincial Park.,"Launch, parking fees apply.",Launch Site,48.49748,-123.55365,-13753929.404,6190021.017
Red Point,Informal site primary,Provincial Forest,10 - 14,"Easy on steep exposed beach of cobble, pebble, sand, bedrock in cove N side Parson Bay. S aspect. At E end of beach. Dark slate outcrop nearby. Easier at mid to high water. Many rocks at low water.","Sheltered, attractive cleared tent sites. 3 tents on the lower level. A long and steep hike leads to many tent sites in the forest. Occasional commercial use reported.","Views, wildlife viewing. Geological features, fossils. Good view of Blackney Passage. Vessel traffic.",Informal Site,50.58607,-126.67817,-14101749.824,6548398.175
Turnour Island,Informal site primary,Provincial Forest,7 - 10,"Bay N of rocky islet. Shell beach at mid water levels. Rock shelf, muck, clam bed at very low water. A few boulders. Land on either side of rocky peninsula. S side preferred. ",Upland semi-developed level tent sites on duff in open second growth forest. Rustic furniture. Hammock opportunities. Additional level forest sites approx. 50 -100 m uphill.,"Large, well-established site. ",Informal Site,50.60462,-126.56613,-14089276.698,6551651.341
Flower Island,Closed Site,Crown Conservancy,n/a,"Site is currently closed. Closures may occur for a variety of reasons, including environmental protection, weather-related damage, safety concerns, or requests from First Nations. BC Marine Trails will update site status as new information emerges. We appreciate your understanding and cooperation in helping preserve these areas for future generations.",No comments.,"Consider using nearby Maggy Point, Rough Islets campsites with tent platforms and toilet.",Closed,50.60033,-126.70562,-14104804.732,6550899.497
Leg Cove,Campsite primary,Crown (Hanson Island Lease),5,"Sheltered sand, gravel, cobble beach in cove. NW aspect. Strong currents in Weynton Passage, Plumper Islands.",Semi-developed spacious site in forested upland. Rough kitchen.,Attractive. Whale watching. Aka Mossy Knoll. One of the few sites on Hanson I that is sanctioned by Yukusam Heritage Society for public use.,Campsite,50.57573,-126.77667,-14112713.982,6546586.228
Keith River,Informal site primary,Provincial Forest,4 - 6,"Easy landing protected by rocks, reef, on low gradient sand beach.",10-20 or more good all-tide beach sites.,Attractive. May walk on beach to Keith River Estuary on most tides.,Informal Site,50.33300,-127.87228,-14234677.386,6504146.639
Keith River Site 3,Informal site secondary,Provincial Forest,3,"Easy landing on protected sand, gravel beach. Drift logs.",Drift logs hinder beach camping but sites can be found.,Attractive.,Informal Site,50.33040,-127.86708,-14234098.602,6503693.142
Wy ash Island (Island 44),Dispersed site primary,Aboriginal Title Land,10 - 14,"Easy on sand, gravel beach. Sheltered on N, E sides. Gradient 3 to 5 percent. N aspect. Beaches on S shore, E point similar but more exposed to swell, wind.","Random camping allowed. No fees (2018). Most of tent sites on beach. Undeveloped sites on gravel bench at high water line on N side and in protected clearings in trees. 'Green Throne' toilets placed next to each other at NW corner of island. (July 2024: New Toilet Material has been delivered. 2 food cache bins. Some tent sites on S shore at undeveloped beach sites, also at SE point on gravel, pebble tombolo or in adjacent forest.",150 m hiking trail across to S beach. Gravel bar to Nuchatlitz Island IR to E dries on low tides. Sea otters. Aka Island 44. See: <a href="https://bcparks.ca/nuchatlitz-park/" target="_blank" style="color:blue">Nuchatlitz Provincial Park</a>.This site is located within the Nuchatlaht Nation's Aboriginal Title Lands. See map of the Title area <a href="https://www.bcmarinetrails.org/wp-content/uploads/2025/05/nuchatlaht_title.jpg" target="_blank" style="color:blue">here</a>. Look up term of <a href="https://www.bcmarinetrails.org/first-nations-guidelines/" target="_blank" style="color:blue"> Aboriginal Title lands</a> in our glossary.,Dispersed Site,49.80998,-126.98147,-14135512.592,6413433.338
Belmont Point,Campsite primary,Provincial Recreation Site,5,"Easy on broad sand, pebble beach. S aspect. Protected. Gradient 3-5%. Beach opposite near creek subject to surf.",Beach camping.,"Attractive. Water at creek at SE side of beach, via 500 m beach walk. Flowing July 2025, so might be year-round. Recreation Site REC6081.",Campsite,49.79330,-126.92343,-14129051.965,6410555.697
Cow Bay,Dispersed site primary,Provincial Park,20 +,"Exposed to surf, some submerged rocks. The SE and NW beaches offer more protection. Landing by the creek on south and slightly west end of Cow Bay is a protected area to land.","Random wilderness camping. Entire beach suitable for camping. Most popular places are SE end, NW beach or near information kiosk, tent pads, bear cache, pit toilets on SE beach. ","Attractive. Water at year-round stream crossing centre of W (Fourth) beach. Also seasonal creeks at other beaches e.g. near SE site. Avoid private residence at Fourth Beach - W'most beach, Camp instead on W side of stream or in another bay. Whale viewing. Wild Side hiking Trail to Ahousaht village has $25 trail use fee (2018) for area outside park. No camping fees (2018). See <a href="http://www.wildsidetrail.com" target="_blank" style="color:blue">Wildside Trail</a> for more info. See: <a href="https://bcparks.ca/flores-island-park/" target="_blank" style="color:blue">Flores Island Provincial Park</a>",Dispersed Site,49.26925,-126.13547,-14041336.536,6320670.805
Half Moon Beach Flores Island,Dispersed site primary,Provincial Park,10 +,"Easy to difficult landing on sand beach, depending on wind, swell. Exposed to SW. Rocks, boomers, some surf.",Lots of space on beach above high water.,Attractive. Spectacular views. Do not confuse with Half Moon Bay near Tofino in Pacific Rim Park. See: <a href="https://bcparks.ca/flores-island-park/" target="_blank" style="color:blue">Flores Island Provincial Park</a>,Dispersed Site,49.35579,-126.22964,-14051819.181,6335448.631
Experiment Bight,Campsite primary,Provincial Park,10,Moderate on sand beach in wide bay. N aspect. Exposed with surf likely. W side normally preferred.,"Exposed on sand. Pit toilet at Guise Bay. Camping fees apply 1 May to 30 September. Either pre-pay permit via Internet or at San Josef Bay trailhead or pay site host, but no reservable sites.",Less busy than other Cape Scott beaches. See: <a href="https://bcparks.ca/cape-scott-park/" target="_blank" style="color:blue">Cape Scott Provincial Park</a>,Campsite,50.77510,-128.41117,-14294665.689,6581607.522
Goodnuff Beach,Informal site secondary,Provincial Recreation Reserve,2,"Easy on protected pocket gravel beach at high water, large smooth rocks at low water. E aspect.",Small sloped beach margin sites. Dense vegetation in upland. Reported space for 1 hammock. Marginal due to small size.,Marginal site but suitable for emergency or transitory use.,Informal Site,50.77697,-127.53597,-14197238.871,6581936.136
Nels Bight,Campsite secondary,Provincial Park,20,"Some surf, long low gradient sand beach. Exposed but protected from S, NE","Beach or sheltered upland sites. Pit toilet. Food caches. Camping fees apply 1 May to 30 September. Either pre-pay permit via Internet or at San Josef Bay trailhead or pay site host, but no reservable sites. Ranger cabin (Park Facility Operator) at mid beach, reported to be open for public use Oct - May. Sleeps 6.",Water at creek or pipe. Most popular Cape Scott site with hikers. Can be very busy. See: <a href="https://bcparks.ca/cape-scott-park/" target="_blank" style="color:blue">Cape Scott Provincial Park</a>,Campsite,50.78225,-128.36768,-14289825.139,6582866.279
Newcastle Island Saysutshun,Campsite primary,Marine Provincial Park,15 +,"Generally easy, depending on water level. Land in channel between Newcastle, Protection Islands. Protected S or E aspect. Sand beach adjacent to boat shed. Mixed beaches of gravel, bedrock, sand, smaller rocks elsewhere. Oyster band at low water. Dinghy dock (fee charged), other options but hauling out boats officially restricted to developed S end of island. Vessel traffic.","Developed year round campground inland 300 m. from official landing beach. Picnic tables. Flush, vault toilets, hot showers. Dining shelters, food bins at some group sites. Pavilion. Food sold in summer. 5 large additional field sites for group camping nearer beach. Small boats may be wheeled or carried to campsites. Reservations available for half of sites. reservable mid-May to early-Sept. Fees apply year-round $18/night per party summer,$11 winter (2024). <a href="https://camping.bcparks.ca/" target="_blank">BC Parks</a>","Water at taps, extensive hiking trails, museum, history, wildlife. Frequent foot passenger ferry to Nanaimo. Anchorage, small vessel dock. See: <a href="https://bcparks.ca/saysutshun-newcastle-island-marine-park/" target="_blank" style="color:blue">Newcastle Island Marine Provincial Park</a>. Snuneymuxw First Nation manage site.",Campsite,49.18267,-123.92893,-13795705.749,6305913.14
Descanso Bay Regional Park,Campsite primary,Regional,30 +,Easy on protected rock shelf at high water or small gravel beach at low water.,"Developed year-round vehicle-accessible campground. Short walk from shore to camping area. Picnic tables, fire pits, flush, chemical toilets. Many sites have room for 2 tents. May reserve to be closer to water 250-247-8255. Resident attendant. Potable water.","595 Taylor Bay Road. Water at pumps. Kayak rentals avaiable. 1 km to ferry, village. Parking. Vehicle access by ferry from Nanaimo. 16 ha park run by Regional District of Nanaimo. Adjacent 50 ha Cox Community Park has hiking trails. See: <a href="https://www.rdn.bc.ca/descanso-bay-regional-park" target="_blank" style="color:blue">Descanso Bay Regional Park</a>.",Campsite,49.18250,-123.86167,-13788217.666,6305884.751
Coulter Bay,Launch Site,Regional,n/a,"Low gradient silt, sand, mud, beach in sheltered bay. Good protection from SE. Long carry at low water. Gravel boat ramp usable at high water. Some beach areas soft. Scattered cobble, oysters. High water gives easiest access. <br />",No camping permitted.,Strathcona Regional District public beach access. Gravel parking area for approx. 6 vehicles. No posted parking restrictions.,Launch Site,50.12748,-125.04285,-13919706.467,6468381.655
Kinsmen Beach Chemainus,Launch Site,Municipal,n/a,"Wide concrete boat ramp or adjacent low gradient pebble, sand, gravel beach with long carry at low water..","No camping. Picnic area, tables. Toilets, change rooms. Playground.","At N end of Maple St. Overnight parking at no charge (2013). Swimming. Kinsmen Beach (Chemainus), park run by Municipality of North Cowichan. Overnight parking is permitted.",Launch Site,48.92869,-123.71783,-13772206.328,6262769.518
Gorge Harbour,Launch Site,Public Harbour,n/a,Rough beach or float accessed from wharf. Sheltered bay. Boat ramp nearby. Beach adjacent to community dock reported to be best.,Commercial full service campground at Gorge Harbour Marina.,Approach via Robertson Road. Services. Restaurant at marina.,Launch Site,50.09985,-125.02042,-13917209.003,6463586.527
Ontario Place,Launch Site,Regional,n/a,Easy on gravel beach or adjacent boat ramp in well-protected Long Harbour. Moderate gradient. N aspect. Vehicle may be driven to water.,No camping permitted.,"By vehicle, from Long Harbour Road take Eagle Ridge Drive, Quebec Drive to Ontario Place. Limited roadside parking for few cars, competing for space with boat trailers.",Launch Site,48.85923,-123.46371,-13743917.741,6251009.016
Cherry Point,Launch Site,Regional,n/a,Easy on smooth low gradient beach at high water. Long carry at low water.  E aspect.,No camping.,"Parking, chemical toilet (April-Sept only), picnic area. Small park, stream. View. Nature viewing. Directions: E off Trans-Canada Highway onto Fisher Rd. Left onto Telegraph Rd, then right onto Cherry Point Rd, past vineyards then right onto Garnett Rd. Follow to end. Cherry Point Nature Park operated by Cowichan Valley Regional District park.",Launch Site,48.71003,-123.55644,-13754240.408,6225801.88
Little Bear Bay launch,Launch Site,Provincial Recreation Site,n/a,"Easy, gravel/pebble/cobble natural low gradient ramp, Partly exposed to winds from Johnstone Strait, vessel traffic, currents.. Land at river mouth between camp sites..",See Little Bear Bay campsite,"Attractive, convenient site Toilet. Approach from Hwy 19 via Rock Ck Road. Some active logging 2016. Road is rough in places. Rec site 0187.",Launch Site,50.33745,-125.51814,-13972615.074,6504922.795
Kelsey Bay,Launch Site,Municipal,n/a,Easy on sheltered concrete ramp or gravel beach near public wharf.,"Sayward village 4 km to S has a municipal campsite (K'husam Park) and commercial campgrounds. One small campground mostly used by RV users is adjacent to public wharf, ramp. 50D 23.841N 125D 57.710W.","3 concrete boat ramps, govt wharf. Parking. Water taxi. Provisions, services, accommodation.",Launch Site,50.39780,-125.96198,-14022023.84,6515454.949
Boundary Passage Drive,Day Use,"Municipal, public foreshore",n/a,"Small pebble, cobble beach, drift logs, occasional boulders. NE aspect. Easy road access except for steep stairs.",No camping permitted.,View. Beach access signs. Roadside parking. 75 m trail to road. Overlooked by residences.,Day Use,48.74780,-123.18206,-13712564.25,6232176.797
Hardy Bay northwest,Informal site secondary,Provincial Forest,2,Easy on sheltered beach of small stones in protected cove. E aspect.,"Camp on pea gravel below drift logs, 1 large level site, 1 more smaller site. Site floods in tides above 4.6m. Subject to occasional drift log movement. No upland sites seen but if brushed has low slope so likely would yield hammock & tent sites.",Attractive. Conveniently close to Pt Hardy.,Informal Site,50.76042,-127.49108,-14192242.106,6579023.712
Hole in the Wall,Day Use,Provincial Forest,1 - 2,"Cobble, boulders in coves facing E or W. Carry boats over boulders to limited upland. Very near tidal rapids to SW.","Undeveloped. Mostly very rough with boulders, drift logs. Marginal, exposed as a camp.",Staging for tidal rapids. View. Probably best used as staging or day use.,Day Use,50.30740,-125.19500,-13936643.65,6499683.287
Pig Ranch,Informal site primary,Crown Conservancy,3 - 4,Moderate gradient pebble beach in second bay from S. Beach floods at high water - logs awash. Boat run in mid beach section. W aspect. Exposed to NW wind.,Sheltered attractive tent sites in sloped forest. many more tent sites if brushed. Rustic kitchen area. Small trails between sites. Hammock opportunities. Composting toilet reported but not seen 2023.,Water at seasonal creek but not seen 2023. Former commercial site - Views. See <a href="https://bcparks.ca/qwiquallaaq-boat-bay-conservancy/" target="_blank" style="color:blue">Qwiquallaaq/Boat Bay Conservancy</a>.,Dispersed Site,50.52865,-126.60927,-14094079.099,6538337.101
Sargeant Bay,Launch Site,Provincial Park,n/a,"Low 5% slope, mostly sheltered, sand to small cobbles,  Many drift logs. SE aspect.",Day use park. Pit toilet. Parking for 10 vehicles,"Wetland bird habitat behind beach. Big rock at N end is private. Easy vehicle access. Overnight, long term parking unknown. See <a href="https://bcparks.ca/sargeant-bay-park/" target="_blank" style="color:blue">Sargeant Bay Provincial Park</a>",Launch Site,49.47564,-123.86299,-13788364.953,6355955.585
Pig Ranch South Point,Informal site secondary,Crown Conservancy,3 - 5,"Moderately steep beach with many boulders at low water, smoother pebble, cobble, scattered boulders above. W aspect. Exposed to NW. Another rougher beach across neck of point offers access from S.  ","Semi exposed attractive sites in open at forest edge. Old platforms in disrepair (2023). Rustic kitchen area, table, benches. Additional sites if cleared of brush, debris. Currently not used commercially.","Attractive. View. Trail nearby to Eagle Eye whale lookout, Boat Bay. See <a href="https://bcparks.ca/qwiquallaaq-boat-bay-conservancy/" target="_blank" style="color:blue">Qwiquallaaq/Boat Bay Conservancy</a>. See 2013 management plan.",Dispersed Site,50.52713,-126.61345,-14094545.116,6538071.455
Sophia Islands west,Informal site secondary,Crown Conservancy,2,"Easy, rock/pebble/cobble only at mid water levels. Most or all beaches flood at high water making landing difficult on angular bedrock. Boulders present at low water. Exposed E aspect. Larger W island of group. Another high water landing beach reported on S side but unverified, unlikely viable at Springs.","Exposed, attractive small tent sites in open just above shoreline requiring difficult access up steep rocks. Challenging place to load, unload stow boats. At least 2 parties have tried to camp here but have given up.","View, wild flowers. See <a href="https://bcparks.ca/qwiquallaaq-boat-bay-conservancy/" target="_blank" style="color:blue">Qwiquallaaq/Boat Bay Conservancy</a>.",Dispersed Site,50.53435,-126.63485,-14096927.464,6539335.319
Robson Bight north,Day Use,Provincial Forest,n/a,"Easy, pebble/shingle.",Camping not recommended.,Close to W boundary of Ecological Reserve - inside buffer zone (rubbing beach). View. aka Lunch Beach. May be used as rest stop for guided groups. See <a href="https://bcparks.ca/robson-bight-michael-bigg-ecological-reserve/" target="_blank" style="color:blue">Robson Bight (Michael Bigg) Ecological Reserve</a>.,Day Use,50.49661,-126.62921,-14096298.921,6532727.643
Francisco Island,Dispersed site primary,Provincial Recreation Site,6,"Easy on protected pebble, cobble low gradient beach in either of two bays. S bay rougher, long carry at low water with some outcrops, boulders. Bay to NW has easier shore access but further from tent sites. SW aspect. Tidal rapids nearby. Landing on E shore subject to strong currents.",3 sites brushed out at head of S bay. 2 sites brushed out at NW bay.,Attractive. View. Staging for local channels. Rough trail leads to W bay,Campsite,50.28835,-125.20798,-13938088.944,6496363.549
Surge Narrows north,Dispersed site secondary,Provincial Park,2 - 3,"Boat run through low gradient beach slightly to right of obvious grassy camp area viewed from water. Beach floods entirely. Strong currents nearby. Kelp. SE aspect, Beware of broken glass in beach silt.","Large open grass area between beach, forest. Sunny. Long grass can make summer tenting awkward.",Water at seasonal stream. View. Walking trail around point. See <a href="https://bcparks.ca/surge-narrows-park/" target="_blank" style="color:blue">Surge Narrows Park</a>.,Dispersed Site,50.23772,-125.14244,-13930793.154,6487546.577
Robertson Cove south,Dispersed site primary,Marine Provincial Park,4 - 6,"Easy on varied shingle, pebble, cobble beach. Exposed to W.",1 clear upland sloping forest site. 2-3 sites on pebbles at either end of beach. Hammock opportunities. Pit toilet. Potential for many additional tent sites. User maintained wilderness site.,"Attractive, view. Old road. Hiking trail from centre beach 260 m to Robertson Lake on S side of creek which is often dry. Hike 10 min up trail for year-round water. See <a href="https://bcparks.ca/hathayim-marine-park-aka-von-donop-marine-park/" target="_blank" style="color:blue">Ha'thayim (Von Donop) Marine Provincial Park</a>",Dispersed Site,50.19389,-124.97520,-13912175.626,6479922.13
White Cliff Islets,Dispersed site secondary,Marine Provincial Park,6 - 8,"Drying cove on SE of largest islet. Lifting boats from here is not easy. Alternative high water landing on exposed sloped rock shelf, slippery at low water. Feasible at low water when barnacles exposed. Visit only in settled weather, low swell, low wind. Little significant protection from wind, swell if conditions turn rough during or after landing. Waters to NE towards Owl I quickly turn rough when large ebb runs out of Knight Inlet.","Exposed, no shade. Grassy areas or level rock ledges offer some shelter from wind. Prone to overcrowding by large groups. Paddlers are known to have used NW islet as overflow site but not recommended. Essential to use sanitation method recommended in Code of Conduct.",Attractive. View. Wildlife viewing. See <a href="https://bcparks.ca/broughton-archipelago-park/" target="_blank" style="color:blue">Broughton Archipelago Provincial Park</a>.,Dispersed Site,50.65228,-126.72868,-14107372.494,6560015.623
Owl Island north,Campsite primary,Marine Provincial Park,10,"Pebble beach, small cobble, gravel in small cove at NW side of island. Mud at low water. N aspect. Boat run suited to tides to 0.1 m.","Open, spacious treed upland site. Mouldering toilet. Heavy use including by guided commercial groups. 2 rustic kitchen areas. Numerous hammock opportunities.",Attractive. Small trail leads across neck of land to boulder beach with W aspect for evening sun. See <a href="https://bcparks.ca/broughton-archipelago-park/" target="_blank" style="color:blue">Broughton Archipelago Provincial Park</a>,Campsite,50.64950,-126.69500,-14103622.886,6559526.957
Melville Island central,Day Use,Marine Provincial Park,n/a,"Moderately protected bay has boat run in boulder beach - use at high and mid water levels. For low water, gravel patch at E end is preferred..",Camping not permitted.,See <a href="https://bcparks.ca/desolation-sound-marine-park/" target="_blank" style="color:blue">Desolation Sound Marine Provincial Park</a>,Day Use,50.14153,-124.72175,-13883961.345,6470821.805
Prideaux Haven,Day Use,Marine Provincial Park,n/a,Rough beach with rock ledges at S end of William Islands. S aspect.,Camping not permitted. Site coordinates also reported as N50D 08.655M W124D 40.851M.,Busy anchorage. See <a href="https://bcparks.ca/desolation-sound-marine-park/" target="_blank" style="color:blue">Desolation Sound Marine Provincial Park</a>,Day Use,50.14533,-124.67983,-13879295.555,6471483.155
Diana Island east,Informal site primary,"Crown, Crown tenure - Section 17 designated use area",2 - 5,Pocket sand beach facing Helby Island. Low to moderate gradient. Protected NE aspect. Good for most water levels but little beach at high water. Floods at Springs. Some boulders at W end at high water.,Semi-cleared flat upland sites reported for 2 tents in the trees 10 m above beach. Potential for 4 more. Beach camping unreliable at Springs. Camp furniture. Basic toilet but not reported by most recent visitor. Hammock opportunities.,Attractive. Easy access.,Informal Site,48.84737,-125.18357,-13935371.19,6249003.084
Tatlow Road,Launch Site,Municipal,n/a,"Gravel beach. High tides flood beach, making launching difficult.",No camping.,"From Chalet Rd turn W on Tatlow Rd. 100 m pathway, approx 35 concrete steps down to beach. Parking between signs limited to 4-5 vehicles on Tatlow Road. Beach is also know as Chalet Beach with sign posted by North Saanich Municipality. ",Launch Site,48.68790,-123.47458,-13745126.915,6222069.086
Turn Bay Recreation Site,Informal site secondary,"Provincial Forest, Provincial Recreation Reserve",3,"Easy on low gradient sand, pebble, cobble beach in small bay. Beach mostly floods. W aspect but generally well protected.","Undeveloped. Camp on moderately level sites in open forest with easy shore access at creek mouth. Minor brushing, levelling likely needed. Numerous hammock opportunities.","Water at seasonal creek. Previously named East Thurlow Island west 1, Walkem Islands inside 1. Recreation Site (Reserve) named Turn Bay but it lies outside of Turn Bay proper. 8 Ha area.",Informal Site,50.36140,-125.49726,-13970290.712,6509101.097
Ramillies Channel ínaḵa Lhaxwm,Campsite primary,Provincial Recreation Site,5 - 7,"Wide 7% gradient sand, gravel, pebble beach in small bay. Scattered boulders. NE aspect. Beach may flood at Springs. Drift logs. Prominent sign visible from water. Similar beaches to N.",Small level upland forest sites along narrow grassy bench just behind beach. Other possible small sites on pebble berm between drift logs except at Springs. Further options nearby. Composting toilet along shore trail heading to N up bank. All upland at the S end of the beach is private property. Please do not go beyond centre beach or posted signs. 2 aluminum food bins. Picnic table. Visitor log book. Fire bucket.,View. Attractive. Year-round water available 1 NM N at Gambier Creek. Squamish (Coast Salish) name ínaḵa Lhaxwm. Please do not trespass on adjacent private property immediately to S. Site stewards: Sea Kayak Assn of BC.,Campsite,49.50088,-123.34182,-13730348.229,6360282.146
Bold Island,Informal site secondary,Provincial Recreation Reserve,1 - 2,"Moderate on steep cobble, boulder beach. SW aspect. Drift logs. Easier access at high water. Protected except from S.","Undeveloped. Camp on old road that flattens above beach to W or on E side of beach. Minor brushing, levelling likely needed. Hammock opportunities.",View. Secluded. Walking on old roads feasible. Beach fires are banned all year round.,Informal Site,50.16312,-125.16848,-13933691.824,6474572.849
Undercover Cove,Informal site secondary,Provincial Forest,4 +,Easy at all tides on steep beach of small cobbles. No large visible rocks at mid tide. SW aspect. Beach is not obvious at high water. BCMTN sign.,"Short trail rises to level upland area. 4 cleared tent sites in sparse undergrowth, trees.","Short hiking trail to lookout, further beach to E. Two small boat storage areas on upland above beach, beside sign or above beach centre. Cache location: 50.500366°N; 127.770371°W",Informal Site,50.50056,-127.77031,-14223326.193,6533418.734
Lewis Channel south,Informal site secondary,Provincial Forest,2 - 4,"Unmaintained boat run on sharp rough boulder beach over coarse gravel. Low gradient at low water, but steep at high water. Some protection. W aspect.","Undeveloped. Fire pit. Flat area on headland for large tent, more sloping area for smaller tent. 1 or 2 mmall sites on coarse gravel at beach top, also1 small grassy spot reported by beach. Some overgrowth.",Afternoon sun on bluff to N. Aka West Redonda.,Informal Site,50.15121,-124.86953,-13900412.44,6472503.179
Otter Bay ferry,Ferry Service,Private,n/a,"Walk on, paddle off.  See map for nearby launch option at Hyashi Cove. No feasible launch next to terminal.",n/a,"BC Ferries service to other Gulf Islands, Tsawwassen, Swartz Bay.",Ferry Terminal,48.80068,-123.31562,-13727432.248,6241108.554
Okisollo north entrance,Informal site secondary,Provincial Recreation Reserve,5,"Easy in sheltered, shallow bay. Mud, pebble, tidal grass. Bay dries at low water.",Sites in open forest or on narrow grassy bank. Damp grassy area near shore. Some reporters say it is gloomy.,Water at creek.,Informal Site,50.29010,-125.36748,-13955844.403,6496668.456
Qualicum Beach,Launch Site,Municipal,n/a,"Easy on long beach of sand, gravel, shingle. Moderate gradient. N aspect. Various similar locations",No camping permitted. No fires.,Toilets. Paved beachfront walking path. No overnight parking permitted.,Launch Site,49.35423,-124.45528,-13854298.452,6335182.129
Howcraft Bay,Informal site secondary,Provincial Forest,3 - 5,"Low gradient mixed beach in large semi-protected bay. Long carry at low water. Patches of sand at all tide levels. Scattered boulders, bedrock outcrops. SW aspect.",Camp among drift logs on sand beach at neaps or on beach grass by creek at higher water levels. Beach at N end reported dry at 3.9 m water level. Dense vegetation makes upland camping difficult but upland access feasible.,"Attractive. Water at seasonal creek crossing centre beach. Island at bay mouth 11 m high, not 1 m as charted on CHS 3547. CMTs.",Informal Site,50.84027,-127.07352,-14145759.35,6593088.175
Russell Island,Day Use,National Park Reserve,n/a,Shell beach landing on W side. Also small dock.,No camping.,Pit toilets. Picnic table. Hiking trails. Historic site with heritage home. Restored clam garden. Gulf Islands National Park Reserve. See <a href="https://gulfislandsnationalpark.com/gulf-island-parks/russell-island/" target="_blank" style="color:blue">Russell Island</a>,Day Use,48.74770,-123.41288,-13738259.326,6232159.29
Warren Islands north,Informal site secondary,Crown,2,"Land at NE point on bedrock ramp or on shell, boulder tiny beach. Protected from W.","Small bluff sites at NE tip. Fire ring, camp furniture. Easy carry.",Attractive. View.,Informal Site,50.58728,-126.17167,-14045365.745,6548611.167
Deep Harbour west,Day Use,Provincial Forest,unknown,"Clam bed beach with cobble, some boulders above. Land at creek mouth. Forest comes down to water level. E aspect.","Sites in open woods reported to E of creek, but no usable tent site found 2023. Steep creek banks. Potential sites could be brushed. Hammock opportunities.",Water at year-round creek but weak flow during drought in mid-July 2023. Other charted creek to NE might have greater flow with similar or better camping. Visible remains of old fish trap. ,Day Use,50.80316,-126.61900,-14095162.46,6586548.976
Deep Harbour Narrows,Informal site secondary,Provincial Forest,4,"Protected rough beach with broken rocks, some scattered boulders. Moderate gradient. NE aspect.","3 sites on grassy forest edge, subject to moderate tides. Could be damp in wet weather. 1 site on duff at forest margin. Adjacent inactive log dump to W has overgrown level sites in former clearings or roads, subject to brushing. Hammock opportunities.","Attractive. Water possible but unlikely at seasonal stream crossing landing. Inactive log dump (2004, 2014) to W. Seasketch shows no licence or tenure here so industrial tenure might be retired.",Informal Site,50.79811,-126.56400,-14089040.144,6585659.823
Call Inlet north entrance,Informal site secondary,Provincial Forest,1,Beach of angular cobble beach with gravel above. Land at creek mouth fan.,Site on bank of W creek in open woods. Hammock opportunities. Another site is 200 m to W in level forest at grassy beach top. Steep forest behind. Poor landing on boulders.,"Water at year-round creek, flowing during mid-July 2023 drought.",Informal Site,50.58405,-126.18447,-14046791.18,6548043.878
Cutter Cove,Day Use,Provincial Forest,3 - 4,"Very low gradient mixed clam bed beach of pebble with barnacles at high water, mud at low water. Some boulders. W aspect. Land at N end by smooth rock bluffs. Good protection. Cove head has extensive mud flats. Expect difficult access at mid, low water. ","E side bank behind cedars has grassy tent sites, needing minor brushing.","Water at seasonal stream, dry in July 2023. Possibly former village site. Local First Nation suggested day use only to avoid wildlife conflicts.",Day Use,50.62033,-126.24767,-14053825.971,6554407.881
Brooks Point,Day Use,Regional,n/a,2 pebble beaches each 75 m long between headlands. Rocky foreshore. Currents. S or E aspects.,No camping permitted. No fires. Vault toilet at Kloshe Road entrance.,"Attractive, view. Capital Regional District Brooks Point Regional Park. 4 ha conservation area bought in 2001. Walking trail or Kloshe Road leads to Gowlland Point Road shoulder parking area. Fruit trees. Feasible launch sites on either beach - approx 200 m from vehicle unloading area at entrance at end of Kloshe Road. Navigation marker on Gowlland Point.",Day Use,48.73445,-123.18725,-13713141.853,6229922.917
Cattle Islands north,Dispersed site secondary,Provincial Recreation Site,1,"Sand beach. Channel protected, suited for lining out boat.",N of sand tombolo. Quite long carry.,nan,Dispersed Site,50.71649,-127.40265,-14182397.589,6571297.255
Tod Inlet,Day Use,Provincial Park,n/a,"Beach, dinghy dock in protected inlet.",No camping permitted. Picnic area with tables. Pit toilets. No fires.,"Walking trail to Wallace Drive 15 min. Also leads to Benvenuto Avenue, Butchart Gardens. Extensive hiking trails, also horse and bike trails. Anchorage.",Day Use,48.56115,-123.46908,-13744515.003,6200722.814
Richardson Bay,Day Use,National Park Reserve,n/a,"Moderate gradient sand, gravel beach at end of long protected cove. Scattered boulders. Protected except from SE. SE aspect.",No camping permitted. No fires.,"Attractive natural area. Slightly difficult access up short bank to upland. Hiking trail to Portlock Point, lighthouse. Other unofficial hiking trails reported. Private areas nearby.",Day Use,48.82890,-123.35607,-13731934.81,6245878.811
China Cove,Day Use,Provincial Park,n/a,"Easy landingon gravel, shell beach in small protected cove. N aspect.  Rope suspended across entry high above water might be to deter larger boat anchoring.","Undeveloped. Access up bank or via rotten, overgrown boardwalk.","Old buildings, former hatchery. Orchard. Overgrown meadow. Gravel roadway from Cusheon Lake (private properties) access lane. Easy foot access to Ruckle hiking trails.",Day Use,48.79738,-123.40532,-13737417.05,6240550.556
Cy Hampson,Day Use,Municipal,n/a,"Sloped gravel path from parking lot. Cobble, boulders at high water. Sand at low water.","No camping permitted. Toilets. Picnic tables, benches.","Gravel parking lot. Roadside parking discouraged. 6.25 ha Cy Hampson District of North Saanich Park on Bazan Bay, part of CRD Lochside Regional Trail. W area across road is fenced off-leash dog area. Gravel, paved trails. Stairs, fencing, gates might make site unsuited to launching. Otherwise good beach access, viewpoint, Parking duration unknown.",Day Use,48.62082,-123.40489,-13737369.216,6210764.914
Estítkw Apodaca,Campsite primary,Provincial Park,4,Moderate gradient coarse gravel beach in small drying cove. Boulders with wide gaps at low water. S aspect. Sheltered from N outflow wind but exposed to S. Little or no beach area at Springs. Prone to accumulate drift logs. Ship wash from frequent passing ferries. Vessel traffic.,"4 tent platforms on level mossy benches high above beach. Access trail up steep bank near creek steers users away from sensitive bluffs. No fires. No overflow sites - to preserve vegetation. Composting green throne roofless toilet. Food cache bin, Canoe/kayak rack. Kiosk with signage","Attractive. View. Seasonal water at Optimist Creek. Waterfall, pool. Ecological values "unique rocky knoll vegetation." Higher elevations are Ecological Reserve. See <a href="https://bcparks.ca/apodaca-park/" target="_blank" style="color:blue">Apodaca Provincial Park</a> Squamish language name (Coast Salish) Estítkw. Pronunciation <a href="https://nrs.objectstore.gov.bc.ca/kuwyyf/estitkw_park_name_audio_ab43483a30.m4a/" target="_blank" style="color:blue">how to pronounce name</a>",Campsite,49.35346,-123.33931,-13730069.429,6335050.812
Islet View Lhemlhemḵwús,Campsite primary,Provincial Recreation Site,7,"Cleared boat run through boulder beach, 5-10% grade. Substrate pebble, sand, mud. S aspect. Protected by low treeless rock islet. Prominent sign visible from water.","2 small, 1 larger cleared sites along upland strip of level ground. 2 or more sites up trail with steps to composting toilet. 2 wooden tent platforms along shore to E. Steel food bin. Any fires must be on beach only. Visitor log book, shared picnic table. Some users have blocked use of some tent sites with table etc. Please share this small site, its table and beach fire ring with other users.","Attractive. View. Very small seasonal creek. Larger year round creek, waterfall 250 m to SW accessible by boat only. Avoid disturbing birds, seals on islet. Squamish (Coast Salish) name Lhemlhemḵwús. Site stewards: Sea Kayak Assn of BC.",Campsite,49.58232,-123.29774,-13725442.145,6374251.953
Von Donop entrance,Dispersed site secondary,Marine Provincial Park,2 - 4,"Easy on pebble, cobble beach. Drift logs. Protected by islet.",Level clearing in upland forest. Undeveloped user maintained dispersed camping. Might be partly overgrown.,View. See <a href="https://bcparks.ca/hathayim-marine-park-aka-von-donop-marine-park/" target="_blank" style="color:blue">Ha'thayim (Von Donop) Marine Provincial Park</a>. Hazard - please note there are many snags and danger trees on this site. Not recommended on any windy day. Exercise caution. ,Dispersed Site,50.18167,-124.98250,-13912988.258,6477796.958
Elk Bay,Campsite primary,Provincial Recreation Site,9,"Easy, on pebble beach but exposed to N.","Vehicle accessible site can also accommodate tents. 2 sites are S of creek, separate from main group. Toilets, picnic tables, fire rings. Maintained.",Water at creek. View. Boat launch. See:  Elk Bay Recreation Site,Campsite,50.27453,-125.42669,-13962435.463,6493956.882
Cinque Bay,Informal site secondary,"Provincial Forest, Provincial Recreation Reserve",2,"Two bays on Sonora Is 150 m apart separated by rocky promontory.  S bay has better beach of sand, pebblr, cobble, boulders. N bay landing rougher with sharp rocks, Beaches mostly flood at high water. W aspect. Ship wash.",Undeveloped marginal sites. Camp in trees. Some brushing needed. N site rougher than S but less damp..,"Water in N bay at stream from lake, so may be year-round. Aka Cinque Islands inside.",Informal Site,50.30205,-125.39983,-13959445.589,6498750.838
Loggers Bay,Informal site secondary,Provincial Recreation Reserve,6,"Easy, pebble beach, exposed. Rougher with boulders on N side at low water. Currents, vessel traffic.",Exposed to W. Large site. Camp either side of creek on grass in alders or on grassy small headland on N side of bay.,View. Water at small seasonal creek. View. Aka 'South of Point 45'. John Kimantas gives position as 50 12.75N 125 21.39W. Believed to be former log dump. Beach fires are banned all year round.,Informal Site,50.21239,-125.35539,-13954498.016,6483140.402
Arm Islands,Informal site secondary,Crown tenure - Section 17 designated use area,1 - 2,"Pocket gravel beach among boulders on E side at NE tip of main, longest island. Protected from all directions.",Small lumpy upland forest margin sites above landing. Might flood at Springs. Hammock opportunities. ,"Water at seasonal creek 150 m to E on mainland shore. Passage to N reported navigable by small craft at all water levels to N of small islet. Seasketch shows as Provincial Forest or Crown rather than Sec 17 Reserve, so land tenure unclear.",Informal Site,50.99325,-127.51424,-14194819.709,6620100.343
Deep Harbour south,Informal site secondary,Provincial Forest,1,"Small shell, pebble beach. N end of beach between rock points.","Usable tent site seen. Access to forest up steep bank. Several potential sites if brushed or deadfall moved. Lumpy site, steeper behind. Marginal as camp. ",Year-round water reported approx 50 m up from creek mouth but not viewed July 2023. Might be former village site along E bank of main creek. Musgamakw Dzawada’enuxw traditional territory sign.,Informal Site,50.79505,-126.56981,-14089686.354,6585120.376
Millar Group Islands,Day Use,Crown Conservancy,n/a,"Well-protected central cove on N shore of largest island has beaches of mud, sand, scattered boulders. Enter from navigable channel in a SE direction.<br />","Suited to day use. For emergency use only, numerous suitable bivi sites will be obvious.","Attractive. Wildlife viewing. Planning shows entire group for wildlife conservation with no intended recreational use. Sea lion, bird colonies mostly on lesser islands.",Day Use,50.91813,-127.44846,-14187497.625,6606824.342
Sangster Island,Emergency Pullout,"Private upland, public foreshore",n/a,"Long sand, pebble beach.Drift logs. SE aspect. Smaller beach on opposite side of peninsula has NW aspect, so one or other should be sheltered.",Entire island is private. Foreshore suited to short-term bivouac or emergency camp.,Situated close to crossing from Winchelseas to Lasqueti.,Emergency Pullout,49.42554,-124.19572,-13825404.131,6347378.14
Peel Island west,Campsite secondary,Provincial Recreation Site,4 - 6,"2 small beaches of white shell at high water, boulders, weed at low water. SW aspect. Easier access from S.","At one time, semi-developed camp with covered picnic shelter. Subsequently returned to more natural state, so might need minor brushing. Open to NW wind. ",Windows and garbage collected on site March 2025. View of Fort Rupert and Seven Hills Peninsula.,Campsite,50.72662,-127.40527,-14182690.204,6573078.009
Tsartlip Brentwood Bay,Launch Site,First Nation,n/a,Boat ramp.,No camping.,Launch fee applies. Tsartlip First Nations.,Launch Site,48.58210,-123.46800,-13744394.889,6204247.712
Arbutus Road,Launch Site,Road end right of way,n/a,"Small gravel, pebble pools lie between bedrock ribs. Extensive shore at most water levels. NW aspect. Easy shore access.",No camping permitted. ,Parking on roadside for several vehicles.,Launch Site,48.94234,-123.59724,-13758781.264,6265083.695
Matthews Point,Day Use,Regional,n/a,"Easy on sand beach 400 m long at most water levels. Scattered boulders at W end. Likely little beach at Springs. S aspect. Currents, heavy vessel traffic. ",No camping permitted. Vault toilet at road near park entrance parking.,"Attractive. View. 500 m developed trail to Bluff Road, steep near water with rope handrail. Parking. Wildlife, nature viewing. Other trails or planned e.g. to Mary Ann Point Road. 33.6 ha Capital Regional District Park, See: <a href="http://www.crd.bc.ca/parks-recreation-culture/parks-trails/find-park-trail/matthews-point" target="_blank" style="color:blue">Matthews Point</a>",Day Use,48.86222,-123.32115,-13728048.067,6251515.095
Thornbrough Channel txwnaḿ Chá7elkwnech,Campsite primary,Provincial Recreation Site,9,"Cleared boat run on small cobbles, pebble, through gaps in boulders, 5-10% grade.  Exposed S aspect. Several options at low water but limited pocket beach only at high water. Prone to blockage by drift logs. Alternate beach 30 m to W at creek mouth has smaller more rounded stones, but access to tent sites more awkward. Reasonable portable boat stowage at beach top at candelabra cedars. Prominent sign visible from water.","2 very small level cleared sites in steep forested upland near landing. 4 large wooden tent platforms, several other small sites on open mossy rock bluffs to SW accessed by bridge across creek then up steep, rough trail. 200 m carry to upper sites. Composting toilet on trail high above landing. Aluminum food bin near landing below trail, lower tent sites. Second bin higher. Visitor log book. 2 picnic tables intended for sharing near platforms. Fire bucket at landing. No fires in upland.","Water at seasonal creek. Sunny beach, bluff, view. Keep to cleared trails on bluffs to prevent damage to mosses, vegetation. Squamish (Coast Salish) name txwnaḿ Chá7elkwnech. Aka Thornbrough Point. Site stewards: Sea Kayak Assn of BC.",Campsite,49.55583,-123.36268,-13732670.754,6369706.008
China Beach,Day Use,Provincial Park,n/a,"Difficult landing in high surf. Mixed sand pebble, cobble. SW aspect.","Very long hike to developed main campground with 30 tent sites with vehicle, RV access. Beach camping not permitted. Fees charged.",Consider locking up paddlecraft if using main campground. See: <a href="https://bcparks.ca/juan-de-fuca-park/" target="_blank" style="color:blue">Juan de Fuca Provincial Park</a>.,Day Use,48.43365,-124.09295,-13813964.005,6179304.363
Mount Dick east,Day Use,Provincial Park,n/a,"Small beach of steep gravel, cobble, some rubble. Pebble at top. SSW aspect. Shelter from NW. 2 beaches split by large rock outcrop. Either beach offers landings. Little beach remains at high water.",Recommended only for day use. 3 beach sites on pebble at Neaps but upper beach likely floods at Springs. Steep cliffs behind hinder any upland retreat if beach floods.,See <a href="https://bcparks.ca/south-texada-island-park/" target="_blank" style="color:blue">South Texada Island Provincial Park</a>,Day Use,49.50017,-124.16072,-13821507.76,6360159.314
Rathtrevor,Campsite secondary,Provincial Park,100 +,Low gradient sand beach in Craig Bay. Exposed. From E very long (900 m) carry at low water. From N or NE approx 200 m carry to cobble spit at Brandt Point. Advisable to avoid low water due to tidally-dependent access.,"Large developed campground, Walk-in tent camping in separate pleasant field with picnic tables. Full facilities including water, parking, washrooms, showers, picnic tables, shelters. Playground. Nature house. Group sites. Reservations <a href="https://camping.bcparks.ca/" target="_blank">BC Parks</a>","3 km S of Parksville on Highway 19A, Take exit 51 off Inland Island Highway (Highway 19) and follow signs. Water at taps, Wildlife viewing. Attractive. See: <a href="https://bcparks.ca/rathtrevor-beach-park/" target="_blank">Rathtrevor Beach Park</a> Fees apply year-round. ",Campsite,49.32105,-124.26378,-13832981.025,6329514.01
Coles Bay,Day Use,Regional,n/a,"Protected low gradient beach of gravel, mud. SW aspect. At low tide, long run out to the water. In the summer the water heats up from the beach rocks and gravel, nice place to swim. ","No camping permitted. Pit toilets, picnic tables. Open only in daylight hours.","Coles Bay Regional Park, 3.6 ha managed by Capital Regional District. 9324 Inverness Rd. Access from Ardmore Drive, W Saanich Road, Large gravel parking lot. Swimming. Walking trails. Birding, nature viewing. Potential launch site - but carry distance 245 m. See: <a href="https://www.crd.bc.ca/parks-recreation-culture/parks-trails/find-park-trail/coles-bay" target="_blank" style="color:blue">&lt;Coles Bay Regional Park</a>.",Day Use,48.63086,-123.46686,-13744268.052,6212457.021
Ella Bay Roesland,Day Use,National Park Reserve,n/a,"Gravel, sand beaches, W aspect in Ella Bay via grassy slope or adjacent Otter Bay N aspect via a few stone, concrete steps. Both moderately protected.","No camping permitted. Picnic tables, flush toilets","View, walking trails, museum, old orchard, park offices, ranger station, park dock. No drinking water available. Road access from South Otter Bay Road. 200 m gravel road allows only authorized vehicles, so walk in from parking lot to beaches. Gulf Islands National Park Reserve. See <a href="https://gulfislandsnationalpark.com/gulf-island-parks//roesland-north-pender-island/" target="_blank" style="color:blue">Roesland</a>",Day Use,48.79413,-123.30952,-13726752.91,6240001.331
Robbers Passage,Day Use,unknown,n/a,Tombolo,No known camping. Small site might yield something at Neaps. Land status not yet checked.,No comments.,Day Use,48.89358,-125.10979,-13927157.749,6256822.994
Christie Passage,Dispersed site secondary,Marine Provincial Park,unknown,Not visible from main passage. Protected beach in sheltered bay approx. 500 m SW of God's Pocket resort.,"Up steep bank 4 M high on obvious midden. A nice sand/rock beach that is accessible both low and high tides. 4 - 5 tent sites are available in the grass area as well the forest. . No facilities. Random wilderness camping. No fees charged. Obvious midden location, so avoid all fires except on beach. 50° 50.278'N 127° 35.618'W",Entrance to the campsite area is very steep. Alternate entrance under trees to the left of main entrance is not as steep. See: <a href="https://bcparks.ca/gods-pocket-marine-park/" target="_blank" style="color:blue">God's Pocket Marine Provincial Park</a>,Dispersed Site,50.83799,-127.59361,-14203656.017,6592685.733
Walkem Bay central 2,Informal site secondary,Provincial Forest,4,Easy landing on cobble beach. Sw aspect.,Easy upland access. Mossy forest with some level areas. Minor brushing likely needed.,Site lies on border with Turn Bay Recreation Site immediately to N. ,Informal Site,50.36030,-125.49882,-13970464.548,6508909.431
Walkem Bay central 1,Informal site secondary,Provincial Forest,4,"Small rough beach of cobble, boulders. SW aspect.",Access at creek mouth through dense salal forest fringe to open dark forest with some level areas.,Water at seasonal creek.,Informal Site,50.35790,-125.49659,-13970216.128,6508489.209
Beachcomber Regional Park,Day Use,Regional,n/a,"Two sand, pebble, bedrock beaches at peninsula neck",No camping permitted.,"Take Northwest Bay Rd (off either Hwy19 or Hwy 19A), Claudet Rd and Marina Way. See: <a href="https://www.rdn.bc.ca/beachcomber-regional-park" target="_blank" style="color:blue">Beachcomber Regional Park</a> Managed by Regional District of Nanaimo. Area 1 ha. Tide pools.",Day Use,49.31304,-124.21396,-13827435.266,6328145.947
Bush Islets inside,Day Use,Provincial Forest,unknown,"Low gradient broad sand, gravel beach. SE aspect. Drift logs. Exposed to SE.",No sites found in low slope forested upland but access awkward over drift logs. Likely to yield sites if brushed.,Water at stream crossing centre beach. Flowing July 2023.,Day Use,50.52050,-126.41461,-14072409.48,6536910.471
Bear Beach,Campsite secondary,Provincial Park,10 - 14,"Difficult on exposed rocky beach of cobble, some boulders at high water. Sand at low water. Potential for high surf, particularly in Fall, Winter, Spring. Swell normal. Watch for a back eddy at the point that gives protection from surf.","10 platforms added 2023/24. 2 food bins. Pit toilet. Access to camping area via hiking trail reportedly requires 3 m or lower tide height, but unclear if this is maximum tide level to access site from landing beach. Approximate location only. Fire pits. Camping fees apply year-round. May pre-pay permit via Internet, but no reservable sites. Fee $10.00 per adult per night (2018) via BC Parks Backcountry Registration System.",Hiker use. Old growth forest. On Juan De Fuca hiking trail. See: <a href="https://bcparks.ca/juan-de-fuca-park/" target="_blank" style="color:blue">Juan de Fuca Provincial Park</a>.,Campsite,48.45225,-124.17361,-13822942.723,6182426.036
Meade Bay south,Informal site secondary,Provincial Forest,3,Rock ledges at point W of islet or rough beach adjacent to smooth rocks.,At moderate tides camp on flat bedrock shelf rock at shore. ,Attractive. View. ,Informal Site,50.70383,-126.59333,-14092305.401,6569071.528
Bassett Bay,Dispersed site primary,Provincial Recreation Site,8,"Easy on protected beach of gravel, large pebbles, small cobble. Larger rocks at low water. E aspect.","Camp on possibly damp road end. 3 or 4 above beach, others to N of creek in upland. Some local access evident. Benches for hikers at trail end. Fallen tree blocks one site (2017). Potential for additional sites.","Water at seasonal creek at N end of beach by campsites. Recreation Site or Reserve. Mainly intended for Eagle Lake where setup is for day use. Well-marked trail or rough road connects on S branch to Eagle Lake, Big Bay (3 km), on N branch to airstrip (1 km) . Bassett Bay is local name; not charted. Anchorage. Another possible site lies 450 m NE but has poorer landing.",Campsite,50.40934,-125.12026,-13928323.865,6517469.901
Meade Bay northeast,Informal site secondary,Provincial Forest,4,"Creek mouth in cove at NE side of bay. Protected clam bed beach with cobble, some boulders at top. W aspect. ",Large level site in second growth forest on N side of estuary above a small flat. ,Water at year-round creek.,Informal Site,50.70716,-126.58256,-14091106,6569656.754
Kains Beach,Informal site secondary,Provincial Forest,10 +,Rocky approach. Seek the clear entry route through from Pinnacle Island to prominent sea stack near shore.,"Roomy sand, pebble beach. Some protection from SW, NW. Might be little room at Springs.",Attractive. View.,Informal Site,50.45541,-128.03420,-14252701.681,6525522.011
Hope Bay,Launch Site,Public harbour,n/a,"Floats at public dock. Small well protected beach, easy launch on small gravel. ",No camping permitted.,"Amenities, commercial services. Road access. Historic settlement, store. Floats managed by Capital Regional District as a Small Craft Harbour.",Launch Site,48.80324,-123.27610,-13723032.523,6241541.739
Favada Point south,Informal site secondary,Provincial Forest,2 - 3,"Moderate landing on slightly steep cobble beach in small cove. Pebble, drift logs at top. Floods at Springs. 3 other possible landings in coves to NW.","Camp on beach or forest margin except during Springs when 1 or 2 small sites high on mossy bluffs may be used, Hammock opportunities. Brushing, levelling could yield more tent sites.","Water at seasonal stream. Flagged trail leads up bluffs to unknown destination, possibly residence.",Informal Site,49.72831,-124.62305,-13872974.578,6399355.678
Limekiln Bay,Day Use,"Public Foreshore, unknown",n/a,"Easy on large beach of rounded cobbles, boulders. W aspect. Exposed to many wind directions. 2 or 3 other landing areas to the S are also feasible.","Report received of "Better camping than Crescent to S" - ref 'Seakayak Des Snd & Sunshine Coast' but none seen 2022. Potential sites subject to brushing, levelling. Possibility of better sites art landing in S of bay.",Tourism map of Texada I shows public beach access roughly at centre bay. Beach has public access from road that runs behind beach.,Day Use,49.79248,-124.62969,-13873713.495,6410413.727
Raven Bay Texada Island,Day Use,"Crown, Public foreshore, private upland",20,"Moderate, low gradient, semi-protected cobble beach. Good protection from W. If lining out boat be aware of some boulders. However public land lies outside bay proper, so landing is more exposed.","Undeveloped. Possible camping sites on both sides of creek but all parts private inside bay. N side has road access, so busier. Beyond E entrance a few sites along shore margin. Beach floods to tree line. Many locals camp at site in summer, leaving much garbage but these sites are on not on public land. Approx 4 sites on public land at outer S bay edge.","Water at seasonal creek. Rough road access, so car camping likely, frequent.",Day Use,49.73641,-124.49345,-13858547.906,6400750.876
Texada Island north,Emergency Pullout,"Private upland, Public Foreshore",n/a,"200 mm boulders low tide, 75 mm cobble at high tide.",Pocket beach may flood at Springs. Upland awkward to access but at least 1 party camped here.,Marginal site but potentially useful in a pinch.,Emergency Pullout,49.79738,-124.60019,-13870429.347,6411259.67
Grilse Point,Informal site primary,Government of Canada,8,"Easy to moderate om steep cobble, pebble, gravel beach at all tides, 15% slope. Vessel traffic. Optional cove landing on E shore with possibility of more protection but longer more awkward carry.","Undeveloped, Occasionally also used for camping. Attractive flat gravel berm area just above beach but not visible from water level. Some shelter. Sites on grass roadway also feasible, ","View. Large quarries nearby. Ferry service to Powell R from Blubber Bay, 0.7 NM to SW. Land tenure relates to navigation, communications aids on shore.",Informal Site,49.80248,-124.60618,-13871096.875,6412139.435
Fegen Islets west,Dispersed site primary,Marine Provincial Park,8,Steep wide gravel beach at SE corner of islet. High water access easier. NE aspect.,Roomy beach camping on gravel. Exposed.,Attractive. View. See <a href="https://bcparks.ca/sabine-channel-marine-park/" target="_blank" style="color:blue">Sabine Channel Marine Provincial Park</a>,Dispersed Site,49.52105,-124.38491,-13846464.955,6363740.306
Sturt Bay,Launch Site,Road end right of way,n/a,"Launch, visitors dock. 2 concrete boat ramps.",No camping.,"Van Anda township. Short walk for food, pay showers at Texada Island Inn. Overnight pay parking at Boat Club. Provisions, fuel, accommodation. Sturt Bay Regional Park also located nearby near Marble Bay Road at head of Caesar Cove in S portion of Sturt Bay. Unknown cartop launch characteristics.",Launch Site,49.76081,-124.56319,-13866310.749,6404954.138
Powerline east,Informal site primary,Crown,6 - 8,"Sheltered landing near creek mouth, large boulder, on beach of rounded cobble. NE aspect.",Grassy sites among trees. Camp furniture. upland fire ring. Close to creek bank.,"Water at creek with near year-round flow. Trail, BC Hydro access road nearby leading to primary island roads. AKA Long Beach.",Informal Site,49.62964,-124.28230,-13835042.573,6382381.36
Powerline west,Informal site primary,UREP  Provincial Recreation Reserve,4,"Low to moderate gradient smooth beach of gravel, pebble, sand. Drift logs. S aspect. Larger E beach preferred over SW aspect beach under lines. Protected from several directions by rocky islet.",Grass areas under trees. Possible beach top sites. Hammock opportunities. Sites further from lines likely to be found 300 m to SE along beach. Another suitable potential camping beach lies 0.5 NM to SE.,Water at large seasonal creek 300 m to SE. RD Official Community Plan notes as UREP with high recreational potential. Mapping shows BC Hydro right of way for transmission line. Some land near shore Crown lease. West Texada Island Cable Terminal. Road might be private (gated) until it joins FSR Davie Bay/Shingle Beach Roads 400 m from Terminal.,Informal Site,49.58960,-124.35758,-13843422.705,6375502.83
Cockburn Roberts Homesite,Dispersed site primary,Regional,10 +,"Pea gravel, 15% slope at low water. S aspect.","Semi-developed. 10 or more tent sites on several grassy level areas, some on old roadbed. Unenclosed pit toilet (Green Throne) presumably installed by Regional District. Several 'No Fires' signs on this and adjacent BC Hydro site. Camping neither officially sanctioned nor prohibited by Regional District but known to occur ,evidently tolerated. ","Beach locally known as Harry's Beach (after Harry Roberts). Old home nearby at W end on adjacent leased property owned by BC Hydro is historic Roberts homestead Sunray. Boundary not marked between private land held by BC Hydro, SCRD Regional Park. Respectful camping without fire use also permitted there. Avoid entering sensitive wetlands behind beach area.",Dispersed Site,49.67319,-124.18817,-13824564.092,6389869.128
Willow Point Campbell River,Launch Site,Municipal,n/a,"Easy, on boat ramp or cobble, pebble beach. Hazardous currents, rips in area. Vessel traffic,",No camping permitted.,"Flush toilets, picnic area, water at tap. Parking (might be insecure). Subject to winter closure due to tidal debris. Located in Ken Forde Park 2501 S. Island Hwy. Parking appears to be unrestricted (2019).",Launch Site,49.96500,-125.20805,-13938096.369,6440216.663
Heriot Bay,Launch Site,Public Harbour,n/a,Easy on sheltered concrete ramp or adjacent beach.,Commercial camping nearby at Heriot Bay Inn has convenient direct access from water and beach or landing floats.,"Water at tap, flush toilets. Restaurant, accommodation, provisions, fuel. Long term parking available for fee. Launch fee $4 cash (2025) payable to Heriot Bay Harbour Authority, Antler Road. Wharf, floating dock. Upland behind foreshore to W of wharf is Esplanade Regional Park of the Strathcona Regional District. Beach fires are banned all year round.",Launch Site,50.10212,-125.21301,-13938648.803,6463980.305
Squirrel Cove,Launch Site,"IR adjacent, Public Harbour",n/a,"Gravel beach adjacent to wharf, floats in protected cove.  Also concrete boat ramp. Do not drive onto beach.",No camping permitted. ,"View. Vehicle access by Whaletown Road to Squirrel Cove Road. No known toilets (2020). Earlier report of toilets, showers, laundry at nearby Squirrel Cove Store. Pay parking at store. Launch fee for paddlecraft. Harbour Authority of Cortes Island. Provisions. Water at tap. Restaurant.",Launch Site,50.11804,-124.91203,-13905143.34,6466743.667
Moulds Bay,Launch Site,Provincial Forest,n/a,"Moderate on rough beach. Low gradient. Many angular, stable boulders, cobble. Open to SE. Short but rough access from vehicles. Drift logs. Preferable to avoid low water.  Launch at cable right of way.",No camping permitted.,At end of Valdez Road off Village Bay Road. Park along Valdez Road but posted no overnight parking hence for day use only. Overnight parking by users reported at side of Valdez Road (2020). Small hiking trail leads NE to next bay. Beach fires are banned all year round.,Launch Site,50.13542,-125.19384,-13936514.252,6469760.636
Hoskyn Channel,Day Use,Regional,n/a,"Easy, on partly protected cobble/pebble beach. For brief visits, landing may also be made at float to S of beach with ramp link to shore.",No camping permitted.,"Hoskyn Channel Landing Park of Strathcona Regional District. Dock (float). Water at year-round creek running through beach. Boat ramp use discouraged for trailers. Final roadway suitable for 4x4 vehicles only. Congested roadside parking up steep hill. Hiking trail to Surge Narrows viewpoint maintained by Quadra I Rec Soc. Paddlers requested to minimize loading time, parking use. Regional District committee requested no paddlecraft launching to minimize possible inconvenience to residents of outer islands. Beach fires are banned all year round.",Day Use,50.21322,-125.14812,-13931424.725,6483284.488
Granite Bay,Launch Site,Regional,n/a,Easy at protected boat ramp of crushed gravel or adjacent beach. Long float.,No camping permitted.,"Launch or parking fee, portable toilet, 2 picnic tables. Granite Bay Park built, operated by Strathcona Regional District. Small boat docks, long float, ramp. Beach fires are banned all year round.",Launch Site,50.23748,-125.30662,-13949069.41,6487504.476
Port McNeill,Launch Site,"Public Harbour, Public Harbour",none,Easy on gravel beach near public wharf or on concrete ramp.,No camping.,"Restaurant, accommodation, flush toilets, water at tap, provisions, fuel. Water taxi. Parking available.",Launch Site,50.59077,-127.08899,-14147481.63,6549222.647
Tulista Park,Launch Site,Municipal,n/a,Narrow gravel beach. Tall concrete sea wall.  Easiest access through breaks for 2 wide paved boat ramps,No camping. ,"Toilets, picnic shelter, tables. Parking for 3 vehicles carrying roof top boats with pass up to 24 hours. Other short term stalls. Reported Oct 2024, temporary notice, parking in the park limited to 3 hours only because of construction ongoing across the street. Approach via Lochside Drive. Fees charged for ramp use. Long stay pay parking for fee at corner of Bevan Avenue, Second Street. Town of Sidney-by-the-Sea park. See <a href="https://www.sidney.ca/discover-sidney/recreation/tulista-boat-launch-information/" target="_blank" style="color:blue">Tulista Boat Launch Information</a>",Launch Site,48.64285,-123.39823,-13736628.496,6214476.367
Cape Keppel northwest,Day Use,Provincial Recreation Site,7,Easy 10% grade. Gravel beach up to 25mm. Some exposure to S. Some fallen trees obstruct landing (2022).,"Some beach sites, others with easy access on flats on upland grassy bank. Rustic camp furniture, table, chairs. Pit toilet. Reported to need cleanup, brushing (2022).",View. Has been used for overnight visits.,Day Use,48.72618,-123.51268,-13749368.6,6228526.234
Buccaneer Bay,Campsite primary,Provincial Park,5,"Easy on moderate gradient sand beach in large semi-enclosed bay, protected from waves from most directions. E aspect. Landing also easy but more exposed on outer W aspect sand beach.","Camp in designated sites only in sandy flats. 2 pit toilets. 5 Fire rings. 5 Picnic tables. Metal food cache. No reservable sites, no user fees (2023). Park operator reported to not tolerate overflow camping if designated sites already occupied. Paddlers, boaters have been required to move at short notice. Site has no wind or sun protection except for pole structures that could be enclosed with a tarp.","View, trail to N Thormanby boat dock. Aka Grassy Point. Frequent use by power boaters. See <a href="https://bcparks.ca/buccaneer-bay-park/" target="_blank" style="color:blue">Buccaneer Bay Provincial Park</a>",Campsite,49.49500,-123.99058,-13802568.596,6359273.753
Broken Islands Lodge,Commercial,Private,n/a,Paddlers can launch from beach in front of the lodge or possibly from the dock.,n/a; Broken Islands Lodge houses paddlers.,"The Broken Islands Lodge provides round trip water taxi transportation from Bamfield or Toquart Bay (soon to open again) for $90, including the kayak. Find the rates <a href="https://www.brokenislandslodge.com/water-taxi-rates" target="_blank" style="color:blue">here</a>. The MV Frances Barkley also arrives and unloads kayaks or canoes at the dock in front of Broken Islands Lodge but is cancelled for 2021.",Private or Commercial,48.95658,-125.25600,-13943434.139,6267497.646
Bamfield Ferry,Ferry Service,Private,n/a,"Walk on, paddle off.  Dock with float adjacent to ferry. ",n/a,"Lady Rose Marine service between Port Alberni, Sechart Lodge, Bamfield, Ucluelet. Offers transport for small paddlecraft on 200 passenger ferry.",Ferry Terminal,48.83581,-125.13919,-13930431.354,6247046.892
Port Washington,Launch Site,"Public Harbour, Regional",n/a,Public wharf with two sets of floats.  Ladder to aid access to small boats. ,n/a,"Parking within walking distance. Operated by Capital Regional District. Wharfinger Rod MacLean 250.629.6111. Closest facilities, shops, restaurant at Hope Bay 3 km.",Launch Site,48.81293,-123.32032,-13727955.227,6243178.934
Raynor Islands south,Informal site primary,Provincial Forest,4 - 6,"Moderate gradient sand beach at low water, cobble above. Scattered boulders. N aspect. Beach wraps around W side of island, also to NE side. Exposed to NW but in lee of other islands. Protected from SE. One side or other should be protected in most conditions.","Access upland at hung float. 4+ open forest clear tent sites. Hammock opportunities. Beach sites reported, but none seen that has tidal clearance. ",None.,Informal Site,50.87837,-127.21437,-14161439.113,6599806.919
Okeover Arm Tuxwnech,Campsite primary,Provincial Park,20,"Easy access on shallow steps from parking area, walk-in sites to rough low gradient beach with scattered boulders. E aspect. Close to Okeover public harbour.","14 vehicle access sites, 2 double sites, 4 walk-in sites open seasonally. 4 smaller walk-in sites open all year. Light forest.",Water at tap. Swimming. 4 ha park. Overnight pay parking nearby if leaving campsite. See: <a href="https://bcparks.ca/okeover-arm-park/" target="_blank" style="color:blue">Okeover Arm Provincial Park</a>,Campsite,49.99191,-124.71508,-13883219.311,6444874.913
Donkersly Road,Launch Site,"Public Foreshore, municipal beach access",n/a,"Broad low gradient beach. Patches of sand, areas of cobble, scattered boulders. Drift logs have cleared access route. Concrete pedestrian ramp from parking to shore. Exposed SE aspect. ",No camping permitted.,Access off Highway 101 on Donkersly Road to end. Small parking area. No posted restrictions. Short path to shore.,Launch Site,49.77156,-124.38643,-13846634.161,6406808.163
Thunder Bay,Launch Site,"Public Foreshore, Municipal public access",n/a,"Low gradient rough beach of various sizes of rock. SE aspect. Jumbled drift logs, debris at beach top. Likely exposed to outflow Jervis Inlet wind. Gravel pathway leads to beach with moderate to steep gradient.",No camping permitted. Bench.,Off Highway 101 follow Roberts Road then turn left on Thunder Bay Road. Beach Access sign posted at junction. Gravel parking area with no posted restrictions except for no camping.,Launch Site,49.77460,-124.27965,-13834747.688,6407331.307
Chop Bay west,Informal site secondary,Provincial Forest,3 - 4,"Low gradient clam bed beach with pebble, scattered boulders in protected bay. Expect long carry at low water. SE aspect.",Tent sites in second growth forest.,Attractive.,Informal Site,50.65284,-126.51624,-14083723.414,6560113.367
Henrietta Island,Informal site secondary,Crown Conservancy,4 - 6,"Protected beach clam bed beach, moderate gradient, with pebble, cobble, scattered boulders. Rougher at top. ",Tent sites subject to brushing on small plateau where slope behind beach flattens. Little undergrowth. Hammock opportunities.,No comments.,Dispersed Site,50.66362,-126.62789,-14096152.124,6562005.436
Baronet Passage east,Informal site secondary,Provincial Forest,4 - 6,Rough beach of gravel at high water but boulders at lower water levels. Clam bed below.,"Tent sites in level, open forest with minor brushing. Beach top tent sites on gravel feasible at most tides.",No comments.,Informal Site,50.55633,-126.54411,-14086825.554,6543185.892
Baronet Passage north,Informal site primary,Provincial Forest,6 - 8,"Large protected bay with broad clam bed beach. Moderate to low gradient. Cobble, some boulders. Long carry at low water, so use at high water suggested. S aspect.","Beach top tent sites on gravel will be dry at most tides. Level second growth forest could take 2-4 additional tents with brushing, clearing of minor branches. Hammock opportunities.",Spacious. Stream mapped at centre bay but not seen 2023.,Informal Site,50.55384,-126.63029,-14096419.736,6542749.961
Grassy Island Plumper Islands,Dispersed site secondary,Marine Provincial Park,3,Land on exposed rock ledges. NW shore preferred. Strong currents.,Exposed sites on rock lacking shade. ,Attractive. View. See <a href="https://bcparks.ca/cormorant-channel-marine-park/" target="_blank" style="color:blue">Cormorant Channel Marine Park</a>. ,Dispersed Site,50.59311,-126.78979,-14114174.638,6549632.056
Plumper Islands,Day Use,Marine Provincial Park,4,"Pebble, cobble , small boulder beach in cove on N side of largest island in Park. N aspect. Few drift logs. ",Easy upland access to tent sites in gently sloping forest. Hammock opportunities.,See <a href="https://bcparks.ca/cormorant-channel-marine-park/" target="_blank" style="color:blue">Cormorant Channel Marine Park</a>. ,Day Use,50.58679,-126.78384,-14113511.953,6548525.114
Pearse Islands south,Day Use,Marine Provincial Park,n/a,"Pebble, gravel beach at high water. Low water landing unknown, but appears to be cobble, some boulders. Many drift logs. SE aspect. Similar but narrower beach 250 m to SW.","Easy level entry to gently sloped forest with ferns beyond drift logs, salal. No tent sites seen but potential sites likely subject to brushing. Hammock opportunities.",See <a href="https://bcparks.ca/cormorant-channel-marine-park/" target="_blank" style="color:blue">Cormorant Channel Marine Park</a>. ,Day Use,50.57643,-126.86100,-14122101.588,6546708.353
Bughouse Bay,Day Use,Provincial Recreation Site,unknown,Choice of rough beaches. Eastern beach is small clam bed with occasional boulders. Easy access to forest from beach. Beach floods.,"Damp, marshy flat areas of second growth forest along stream bank. No development of Recreation site seen. No tent sites found. Hammock opportunities.",Area 92.6 Ha. Year-round water at lake exit not seen. Water at seasonal stream. ,Day Use,50.90120,-126.98002,-14135350.611,6603835.19
Collinson Bay,Day Use,Provincial Recreation Site,none,"Boulder, rocky beach in protected cove within larger bay.  ",No tent sites found in second growth upland forest.,"Water at small creek, possibly year-round with flow during drought of mid-July 2023. Recreation Site area 149 Ha.",Day Use,50.92055,-127.08096,-14146587.979,6607251.246
Claydon Bay,Dispersed site primary,Provincial Recreation Site,4 - 6,"Protected beach of cobble, rubble, scattered boulders. Few drift logs. At low water likely low gradient clam bed, 200 m long carry. SE aspect.",Tent sites on grass banks or in jumbled second growth forest. Many additional sites if brushed or deadfall removed. Hammock opportunities. Some areas damp where tributaries enter main stream.,Water at year-round stream. Remains of large wharf. Large 142 Ha. Provincial Recreation Site. Anchorage.,Dispersed Site,50.93060,-126.90216,-14126684.054,6609026.129
Edsall Islets,Day Use,Crown,1 - 2,"Narrow, rough beach at NE corner (N facing) of main islet or on gently sloping rock shelves. Currents.",1 possible tent site on grassy area. Open ground too lumpy. Forest not checked.,Staging for Greene Point Rapids Northbound transit. ,Day Use,50.43271,-125.49972,-13970564.369,6521553.932
Martin Cove,Day Use,Road end right of way,n/a,Semi-protected cove with high banks. SW aspect. Beach of angular rocks to cobble size. Boat run at centre beach on smoother gravel. Drift logs.,Likely not permitted but possibly feasible on steep back bank if platform levelled or built.,"Trail to beach from Francis Peninsula Road. Significant area of steep wooded public land at bay head. Parking limited due to mail boxes, fire hydrant. Private residences nearby with only minor overlook. ",Day Use,49.62254,-124.06048,-13810349.461,6381161.916
West Ballenas Island south,Day Use,"Private upland, public foreshore",n/a,"Easy on well-protected pebble, gravel beach in cove 50 m wide between bedrock walls. S aspect. Moderate gradient. Derelict concrete boat ramp at centre beach. Drift logs. Low water landing mud, barnacles but good above 2m tides..","At this time, only BC Marine Trails Coastal Caretakers, who are looking after the island, may camp at this site. ","Attractive, view. Old overgrown trail flagged from SW beach N to lighthouse through woods to avoid trampling fragile vegetation on the dry bluffs. Possible haven for small craft but shoal. Tide pools, nature viewing, swimming. Relative to Gerald Island there is limited presence of invasive species (based on bushwhacking from Site 3 campsite along north and south shorelines). Exception the decommissioned Light area, which is over-run with Himalayan blackberry. Could this be a containment project to prevent spread to remainder of Island?",Day Use,49.34284,-124.15796,-13821200.885,6333235.657
East Point,Day Use,National Park Reserve,n/a,"Small beach 75 m wide of shell, mixed rocks. NE aspect. Currents, turbulence off point..Tumbo Channel currents run always to E.",No camping permitted. Pit toilets. picnic tables.,"View, walking trails, wildlife viewing, museum. Gulf Islands National Park Reserve. Parking for about 12 vehicles but no overnight parking permitted. Otherwise well-suited as launch site - 150 m carry on graded path. See <a href="https://gulfislandsnationalpark.com/gulf-island-parks/east-point-saturna-island/" target="_blank" style="color:blue">East Point</a>",Day Use,48.78438,-123.04625,-13697445.683,6238354.713
Rebecca Spit,Launch Site,Marine Provincial Park,n/a,Paved boat ramp in sheltered harbour or adjacent sandy beaches. W aspect. Many drift logs on E aspect shores.,No camping permitted. See adjacent We Wai Kai campground.,177 ha. Pit toilets. Picnic area. Swimming. Hiking trails on both sides of 2 km spit. Potable water not available. Anchorage. Day parking only. Overnight pay parking at We Wai Kai by arrangement. See <a href="https://bcparks.ca/rebecca-spit-marine-park/" target="_blank" style="color:blue">Rebecca Spit Marine Park</a>. Beach fires are banned all year round.,Launch Site,50.09592,-125.18491,-13935519.924,6462903.871
Bowden Road Sidney,Launch Site,Municipal,n/a,"Steep stairs to very protected small beach. SSE aspect. Gravel near tree line, mud lower beach, making a long muddy carry at low water.",No camping.,"S end Bowden Road. Small day parking lot. Town of Sidney 24 hr parking limit, but reported to be rarely enforced (complaint-driven) in residential neighborhoods. Part of Roberts Bay Bird Sanctuary.",Launch Site,48.66574,-123.40261,-13737115.185,6218333.517
Walker Hook,Launch Site,Public Foreshore,n/a,"Road ends at beach in very protected lagoon. Low gradient mudflat, some sand. Long carry at low water. Rough boat ramp at road end.",No camping.,"At end of Grantville Street off Walker's Hook Road. Attractive. Grassy sand tombolo to rocky peninsula has unknown land status, no easy public land access .",Launch Site,48.89276,-123.50286,-13748275.464,6256684.713
Annex Road,Day Use,Municipal,n/a,Rough protected beach.,No camping.,"Steep trail to/from beach with stairs, boardwalk 250 m to road aka Cardiac Hill. Limited parking at Belle Road or Annex Road. Entry off Highway 101 at Redrooffs Road. View. District of Sechelt beach access park at road-end right of way. Secluded. Swimming. Adjacent property undeveloped (2017).",Day Use,49.47538,-123.84536,-13786402.924,6355912.567
Parksville Community Park,Launch Site,Municipal,n/a,"Easy access to low gradient firm sand beach. Long carry at low water. Wheels useful. Exposed to NW, N, NE.",No camping permitted. Toilets.,"Access via Corfield Street N, Beachside Drive. Water at tap. Playground, picnic shelters. Many other facilities. Day parking. No known overnight parking.",Launch Site,49.32710,-124.30822,-13837927.462,6330546.693
Lochside Drive,Day Use,Municipal,n/a,Exposed gravel beach SE aspect.,"No camping. Benches, picnic tables.","Various locations. Walking path runs along Lochside Drive, Town of Sidney. 4 hr parking in small lots with 24 hr max parking off Lochside Drive regulation reported to be rarely enforced (complaint-driven) in residential neighbourhoods. See &lt;a href="http://www.sidney.ca/Things_To_Do/Parks__Walkways___Trails/Parks_at_a_Glance/Lochside_Waterfront_Park.htm" target="_blank" style="color:blue"Lochside Waterfront Park",Day Use,48.63794,-123.40319,-13737180.128,6213649.737
Fifth Street Sidney,Launch Site,Municipal,n/a,"Low gradient gravel, mud beach. NE aspect. No stairs, flat terrain. At low water could involve a long, muddy carry..",No camping.,N end Fifth Street. Vehicle turnaround. Very limited day parking. 24 hr parking stay limit in Town of Sidney. Part of Roberts Bay Bird Sanctuary.,Launch Site,48.66035,-123.40068,-13736900.806,6217424.47
Fort Rodd Hill,Launch Site,National Historic Site,5,Gravel beach N of Fisgard Lighthouse. Long carry from vehicles.,"Permanent large oTENTik tents (cabins) for rent. Wood floors, bunks, each sleeps 6. Rented May 15 to September 30. Fee approx $130 per night. Walk up hill from beach to tents. http://www.pc.gc.ca/eng/lhn-nhs/bc/fortroddhill/activ/activ6.aspx. Toilets.","Take Ocean Boulevard off Highway 1A to Fort Rodd Hill with adjacent Fisgard Lighthouse National Historic Sites, managed by Parks Canada. Free parking. Fees charged. Also suited to day use. Daily access hours 10 am to 4:30 pm winter, to 5:30 pm summer. Next to the Victoria Waterway Loop at: https://vicwaterloop.ca/",Launch Site,48.43274,-123.44864,-13742239.265,6179152.054
Victoria Canoe and Kayak Club,Launch Site,Municipal,n/a,Paved ramp,No camping.,"VCKC Clubhouse, adjacent areas are leased from the Municipality of Saanich for the use of Club members. Dock privately owned by VCKC. Adjacent paved deck, drives and launch area are included in Gorge Waterway Park and are open to public. Launch site for Victoria Waterway Loop Trail, a 8.4 NM paddling route with a 950 m portage. Loop is in 4 sections with multiple launch points. May be completed in a day. See: <a href="https://vicwaterloop.ca/" target="_blank" style="color:blue">Loop</a>. Gorge is tranquil, sheltered. Paddling here passes sensitive wildlife habitat and Tillicum Narrows tidal rapids at Tillicum bridge.",Launch Site,48.44799,-123.40358,-13737223.688,6181709.905
Ogden Point Breakwater west,Launch Site,Public Harbour,n/a,"Protected gravel, cobble, rip rap beach inside breakwater, often fouled with drift logs and/or flotsam/jetsam.  Short awkward carry from parking.",No camping.Toilets.,Vehicle access on Montreal Street. Day parking on street. Overnight parking in lot nearby. Close to Victoria Waterway Loop but not part of.it.,Launch Site,48.41496,-123.38545,-13735205.154,6176168.554
Selkirk Beach,Launch Site,Municipal,n/a,"Low gradient beach of gravel, light mud. Easy access on gravelled trail with moderate gradient.",No camping.,"Cecelia Cove Park, City of Victoria at 335 Waterfront Crescent off Jutland Road. Limited parking 2hr (9 am - 5 pm) parking but less restricted at weekends, evenings.. Adjacent to Galloping Goose bike, walking tail. Part of Victoria Waterways Loop - a regional paddling route covering a 8.4 NM with one 950 m portage. Loop has four sections with launch points allowing paddles in any section. See: <a href="https://vicwaterloop.ca//" target="_blank" style="color:blue">Loop</a>.",Launch Site,48.44106,-123.38051,-13734655.091,6180548.136
Craigflower Kosapsom Park,Launch Site,Municipal,n/a,Easy access to gravel beach.,"No camping. Playground, picnic table, toilets.",District of Saanich municipal park on Gorge waterway. Site of former Kosapsom village. Historic Craigflower Schoolhouse. Parking for vehicles off Gorge Road W. Part of Victoria Waterways Loop - a regional paddling route covering a 8.4 NM with one 950 m portage. Loop has four sections with launch points allowing paddles in any section. See: <a href="Craigflower Kosapsom Park" target="_blank" style="color:blue"> Victoria Waterway Loop</a>.,Launch Site,48.45289,-123.42033,-13739088.389,6182533.136
Stewart Avenue,Launch Site,Municipal,n/a,Gravel beach in protected cove with steep stairs to street. Boat ramp built into stairs. Limited parking.,No camping.,At foot of Stewart Avenue. View Royal municipal beach access. Part of Victoria Waterways Loop - a regional paddling route covering 8.4 NM with one 950 m portage. Loop has four sections with launch points allowing paddles in any section. See: <a href="https://vicwaterloop.ca/" target="_blank" style="color:blue"> Victoria Waterway Loop</a>.,Launch Site,48.45188,-123.44279,-13741588.124,6182363.096
Ogden Point Breakwater east,Launch Site,Public Foreshore,n/a,Gravel beach with drift logs. Exposed to swell. SSE aspect.,No camping. Toilets.,Vehicle access from Dallas Road or Montreal Street. Parking close by in lot. No street parking. Close to Victoria Waterways Loop https://www.vicwaterloop.ca/.,Launch Site,48.41499,-123.38439,-13735086.91,6176174.642
El Verano Boat Launch,Launch Site,"Regional, Road end right of way",n/a,Sand beach. Strong currents immediately in front of launch in tidal narrows. Currents run at 50% rate of Dodd Narrows. Rock reefs divide channel.,No camping.,"AKA False Narrows ramp. Part way along El Verano Drive off South Road. Many dinghies on shore used for access to Mudge Island by residents. Parking space for many vehicles, but often busy.",Launch Site,49.13511,-123.78033,-13779163.851,6297818.247
Stalker Road,Launch Site,Provincial Park,n/a,"Sand, pebble beach reported as approx 1000 m long. Sandsone shelf reefs at low water.SE aspect. Moderately protected. Strong tidal currents in nearby Gabriola Passage. Vessel traffic. 10 -15 m path  to shore.","No camping permitted. Picnic area, pit toilets.","Follow South Road, turn S on Stalker Road, follow to end. Drumbeg Provincial Park Large parking lot. Overnight parking unknown. 2 km of hiking trails. Wildlife viewing. Used by SCUBA divers. See: <a href="https://bcparks.ca/drumbeg-park/" target="_blank" style="color:blue">Drumbeg Provincial Park</a>",Launch Site,49.13172,-123.69973,-13770191.166,6297241.675
Drumbeg,Launch Site,Provincial Park,n/a,"Protected sand, pebble beach reported as approx 1000 m long. Scattered boulders at low water. Drift logs. Strong tidal currents in nearby Gabriola Passage. Vessel traffic.","No camping permitted. Picnic tables, pit toilets. No fires.","Follow South Road, turn S on Stalker Road, follow to junction in park then turn left. Drumbeg Provincial Park Parking lot. Overnight parking is available. 2 km of hiking trails. Wildlife viewing. Used also by SCUBA divers. See: <a href="https://bcparks.ca/drumbeg-park/" target="_blank" style="color:blue">Drumbeg Provincial Park</a>",Launch Site,49.13357,-123.69561,-13769732.697,6297555.111
Saxe Point,Launch Site,Municipal,n/a,"Pocket gravel beach. May flood at high water. W aspect. Trail, steps in rock seawall lead to beach. Moderately difficult for carrying boats, gear.",No camping.,"Saxe Point Park at end of Fraser Street, with footpaths off of Munro, Bewdley Streets. Township of Esquimalt park. Part of Victoria Waterways Loop - regional paddling route covering 8.4 NM with one 950 m portage. Loop has four sections with launch points allowing paddles in any section. See: <a href="https://www.vicwaterloop.ca/" target="_blank" style="color:blue">Victoria Waterway Loop</a>.",Launch Site,48.42341,-123.41837,-13738869.569,6177586.843
Neck Point Park,Launch Site,Municipal,n/a,"Relatively protected pebble beach, drift logs. SE aspect. Approx. 50 m from parking. Beach gradient at top under 5%. Outer beaches also gravel various aspects. Further from road.",No camping. Toilet in parking lot.,"1055 Morningside Drive off Hammond Bay Road. Hiking trails. Wildlife viewing. Picnic tables. Popular with SCUBA divers, local walkers. Unrestricted day parking for many vehicles with overflow parking at nearby school. No overnight parking. Gated access closed 9pm November 1 to March 31, 11pm April 1 to October 31. No access to parking when gate closed. Adjacent to Morningside Beach Access park, City of Nanaimo park.",Launch Site,49.23298,-123.96443,-13799657.202,6314486.782
Cypress Street,Launch Site,Road end right of way,n/a,Protected small gravel beach approx 20 m wide or concrete ramp approx 10 m to S of road end. Easy at mid tide or higher.  Mud at low water. Busy harbour channel.,No camping.,Cypress Street off Stewart Avenue. Limited parking on Cypress Street. Stewart Avenue parking limited to 4 hours. Other private parking nearby.,Launch Site,49.17997,-123.94446,-13797434.252,6305453.075
Brickyard Point Nanoose Bay,Day Use,Regional,n/a,Protected pebble beach. SE aspect.,No camping.,Trails 150 m or longer lead out to either Amberwood Lane or Andover Road. Brickyard Community Park of Regional District of Nanaimo. 2 ha.,Day Use,49.27469,-124.11842,-13816799.836,6321600.405
Little Beach,Launch Site,unknown,n/a,"Easy on coarse sand, pebble beach  W aspect. Well protected.",No camping.,"Parking lot at end of Beach Street (2 hour limitations) with short 50 m carry from vehicle. Longer street parking available on nearby Peninsula Road. Portable toilet, picnic table.",Launch Site,48.93365,-125.54068,-13975124.939,6263610.677
Pipers Lagoon Park,Launch Site,Municipal,n/a,"Exposed gravel beach. Moderately steep 15% slope. Drift logs. E aspect also open to NW. Approx. 30 m level carry to beach. Alternate is low gradient beach that dries far in muddy protected lagoon, NW aspect. Feasible only at high water.",No camping.,"3600 Place Road. From Hammond Bay Road go NE on Lagoon Road then SE on Place Road to end. Parking. Picnic tables, toilets, hiking trails, wildlife viewing. City of Nanaimo park. 8 ha area. Gate closes 9pm November 1 to March 31, 11pm April 1 to October 31. No parking access when gate closed. No overnight parking. Unrestricted day parking.",Launch Site,49.22314,-123.94704,-13797721.634,6312808.663
Gorge Portage,Launch Site,Municipal,n/a,Short gravel path from street. Mud at low tides,No camping,End of portage trail from Esquimalt Harbour. Launch site for Victoria Waterway Loop Trail - a 8.4 NM paddling route through the Capital Region with one 950 m portage. Loop is in 4 sections with multiple launch points. May be completed in a day. See: <a href="https://www.vicwaterloop.ca/" target="_blank" style="color:blue">Victoria Waterways Loop</a>.,Launch Site,48.45432,-123.42612,-13739732.406,6182773.004
Wheatcroft Park,Launch Site,Public Foreshore,n/a,"Pebble, cobble beach at entrance to Pipers Lagoon. NE aspect.",No camping.,"3710 Lagoon Rd, off Hammond Bay Road. Parking for 3 vehicles.",Launch Site,49.22696,-123.95220,-13798295.508,6313459.051
King Edward Bay,Day Use,Municipal,n/a,"Wide beach in significant bay, moderate 12% slope.  Sand, gravel to 50 mm, drift logs. SW aspect. Well sheltered from other directions.",No camping.,Minimal overlook from adjacent properties. Bowen Island municipal park. Stream at S side of beach. Very limited parking on road above.,Day Use,49.37056,-123.42746,-13739881.997,6337973.9
Keats Landing,Day Use,Regional,n/a,"Beach of pebble, sand S of public dock, floats. Adjacent concrete boat ramp. Prone to flotsam, drift logs.",No camping.,"Some services including foot passenger ferry or water taxi to Gibsons. Dock owned, managed by Sunshine Coast Regional District. Displayed as Keats Landing name unofficial. Second dock owned by Keats Camp (Baptist Church). Small marina. Launch site for Keats residents. Road, trail connects to Plumper Cove.",Day Use,49.39404,-123.48365,-13746136.694,6341988.29
Tunstall Bay,Launch Site,Municipal,n/a,"Sand, pebble beach in wide bay. Moderate gradient. W aspect.",No camping permitted. Pit toilet.,Road ends at beach. Parking for about 10 vehicles. No posted restrictions.. Bowen Island municipal park. Popular small boating launch off beach..,Launch Site,49.35224,-123.41916,-13738958.19,6334841.604
Brighton Beach,Day Use,"Provincial Recreation Reserve, Provincial Recreation Site",n/a,"Small beach at high water of rounded 50 mm gravel. Moderate 15% grade. S aspect, protected from N, E, partly from W.  Some drift log obstacles likely. Landing at low-mid water more difficult due to boulders, bedrock. Tide heights of above 3 m or below 1 m give reasonable landings. Beware of ferry wash. ",Undeveloped.,View. Attractive. large - 60 Ha Prov. Recreation Reserve - joins to Hope Point with numerous private (prime) pockets excluded. 2 Ha. adjacent Prov Recreation Site.,Day Use,49.43139,-123.36255,-13732655.737,6348379.302
Little Flower Islet,Informal site secondary,Provincial Recreation Reserve,3,"Protected tiny coves of gravel, bedrock, mussels, cobble on either side of isthmus between Hutt Island and islet. Low water landing easier. Challenging at high water on steep sloping bedrock. Exposed to wind, swell.","Fragile grassy, mossy upland areas in tiny arbutus grove. No fires. Picnic table (2017)",View. Attractive. Google names islet Hart Island (Formerly Passarini).,Informal Site,49.41088,-123.37815,-13734393.312,6344869.599
Bowen Bay,Launch Site,Municipal,n/a,"Pebble beach to 75 mm at low tide, smaller grain size at higher water, moderate gradient. SW aspect.",No camping permitted. Pit toilet.,"Road end at beach. 1 or 2 parking possibilities directly upland, some down paved road to S. Bowen Island municipal park. Community stored boats and Tunstall Bay Canoe Assoc. boathouse.",Launch Site,49.36460,-123.42323,-13739411.138,6336954.97
Cohoe Bay,Day Use,Provincial Forest,n/a,"Large v low gradient sand estuary area all floods, but long carry at LW.  Scattered boulders, cobble.<br />",Good upland access. Potential upland sites if brushed or potential hammock use. No dry beach sites seen.,Year-round stream flows though estuary but unknown how far upstream to go to collect non-brackish water.,Day Use,50.89942,-127.23687,-14163943.901,6603522.203
Olivia Islet,Informal site secondary,Crown,2 - 3,Land at boulder gully on steep NE shore of islet.,"Up gully to right are small flat spots in trees, tall salal. Brushing likely needed. Short carry. ",Better suited to lined out boat rather than canoe or kayak due to awkward land stowage for portable boats.,Informal Site,50.89150,-126.61333,-14094531.791,6602123.723
Brigade Bay Ho mahmk,Day Use,Crown,n/a,"Gentle 5% slope, varied rounded rocks 25 mm to 150 mm, more sand and less sloped to N.",No camping,"Large sign notes historic use as a First Nations gathering and camping area, privately marked upland in line with southern upland.",Day Use,49.48998,-123.33646,-13729752.146,6358412.997
Anvils Foot,Informal site secondary,Provincial Forest,unknown,"Difficult on gently sloping smooth bedrock shelf at high water in tiny cove, some exposure to winds, swells.  Shelf may carry stream drainage in wet weather. Unknown landing at low water. NE aspect.","Potential for several tents in upland light forest, salal on gentle slopes. Steeper slopes immediately behind lower area.",Unlikely haven on inhospitable shore. Water at seasonal creeks. Benches also exist to N & S where determined paddlers could land on bedrock ledges to possibly camp on a bluff.,Informal Site,49.53910,-123.29202,-13724805.119,6366834.618
Montagu Channel east,Informal site secondary,Crown,2 - 3,"Steep beach 15-20 % slope, sharp 75 mm gravel at all water levels in small cove. NW aspect.","2 undeveloped upland sites on grass among small trees, one additional site possibly on bluff.",Awkward 4 m climb to upland bluff. Trains run infrequently on track immediately above. No highway access.,Informal Site,49.53915,-123.25085,-13720222.296,6366844.602
Ramillies Channel north,Day Use,Provincial Recreation Site,3 - 4,"Easy on narrow long beach of 75 mm sharp gravel, 10 % slope. E aspect. Shelter from Anvil Island opposite.","Picnic sites or possibly 3 or 4 small tent sites at top of beach between drift logs, steep upland.",View. N part of Ramillies Channel marine recreation site,Day Use,49.50610,-123.34589,-13730801.366,6361176.316
Buccaneer Beach,Launch Site,Regional,n/a,"Low gradient sand beach. Rocks, barnacles at low water. Exposed NE aspect.",No camping.,"Buccaneer Beach Road off Maple Guard Drive, Jamieson Road. Parking for 2 or 3 cars. Please avoid blocking driveways. Public beach access managed by Regional District of Nanaimo.",Launch Site,49.44531,-124.68158,-13879489.518,6350762.482
Madrona Drive,Launch Site,Regional,n/a,"Pebble, rock beach, 100 m long. NE aspect with some protection from most winds. Enclosing rock shelf barrier at low water.",No camping.,"View. 20 m path to beach opposite house #1407. Small parking area. Regional District of Nanaimo beach access. Madrona Point Community Park is a good alternative, lying at the end of Madrona Drive 360 m to NW.",Launch Site,49.31087,-124.23750,-13830054.937,6327774.974
Deep Bay Marina,Launch Site,Private,n/a,Boat ramp (fee).  Launch without fee to right of sign on small pebble/mud beach.,Private campground next to ramp.,Launch fee at boat ramp $6 single $8 tandem (2013).,Launch Site,49.46395,-124.72669,-13884511.296,6353953.476
Blueback Community Park,Launch Site,Regional,n/a,Cobble beach in protected cove. N aspect.,"No camping. Toilets, changing room.","Blueback Community Park managed by Regional District of Nanaimo. Turn off Dolphin Drive onto Schooner Road then onto Blueback Drive. Park is at junction with Tyee Crescent - 3121 Tyee Crescent, Nanoose Bay, BC V9P 9H9. Two rough trails lead 50 m to Tyee Beach. E trail has wooden stairs, W trail slopes gently. Large rocks removed to make path from trail end to water. Area 0.2 ha. Roadside parking for 6 cars. Popular recreational dive site. Residential neighbourhood. Restricted overnight parking.",Launch Site,49.29008,-124.14113,-13819327.79,6324226.842
Sebastion Road,Launch Site,Municipal,n/a,"Choice of sandstone rock shelf or sand, pebble beach.  40 m - 100 m carry to water, depending on tide. High water preferred. Sandstone shelf can cause some surf. N or E aspect.",No camping.,At N end of Sebastion Road off Lantzville Road. Busy site. Parking may fill early. Space for several vehicles. No overnight parking permitted. District of Lantzville beach access.,Launch Site,49.25715,-124.08276,-13812829.782,6318607.339
Higginson Road,Launch Site,Regional,n/a,Pebble beach with NW aspect in long bay. Protected from S but open to NW. Approx 90 m on trail from road to beach.,No camping.,Small blue beach sign. Turn off Northwest Bay Road onto Higginson Road. Parking at roadside. Regional District of Nanaimo beach access.,Launch Site,49.29518,-124.19867,-13825732.657,6325096.119
Fillinger Crescent,Launch Site,Municipal,n/a,"Beach of pebble, cobble with rock shelf at low water. N aspect. Wooden stairs.40 m walk. Boat cart useful.",No camping.,Limited parking. Public access opposite 5040 Fillinger Crescent. City of Nanaimo beach access park - Fillinger Waterfront Park #1.,Launch Site,49.23952,-123.98937,-13802433.154,6315601.168
Elliots Beach,Launch Site,Regional,n/a,"Easy on mostly rocky beach of 50 mm to100 mm rounded rocks, cobbles, scattered boulders. Upper beach sandy in parts. S aspect. Sheltered by Coffin Pt to E.<br />Approx 70 m path from parking lot to beach with small concrete ramp. Little elevation change.","No camping. Picnic area, 2 tables. Toilet.","AKA Coffin Point Park. Approach from Trans Canada Highway. Head E onto Brenton-Page Rd, right onto Shell Beach Rd, right onto Elliot Way. 30 m from gate along wide pathway. Overnight parking. Swimming. Cowichan Valley Regional District community park. See: <a href="https://www.cvrd.ca/240/Elliots-Beach-Park" target="_blank" style="color:blue">Elliots Beach Park</a>",Launch Site,48.98795,-123.76165,-13777083.524,6272816.499
Jacks Road,Launch Site,Public Foreshore,n/a,Cobble beach. N aspect.,No camping.,Jacks Road off Dickinson Road ends at beach. Short walk across rough rip rap boulders to beach. Similar to to Lavender Road. Parking for 2 to 4 vehicles. No overnight parking. District of Lantzville.,Launch Site,49.25253,-124.07089,-13811508.809,6317819.808
Nile Road,Launch Site,Regional,n/a,"Low gradient cobble, sand, pebble beach. Avoid low tide. Loose sand.",No camping.,"Nile Road off Highway 19A. Parking at turn around or along Nile Road for about 15 vehicles. Public beach access managed by Regional District of Nanaimo. Additional launch site at Nile Creek, accessed from Crane Road 300 m SE of Nile Road.",Launch Site,49.42254,-124.64338,-13875237.37,6346864.444
Growler Cove Head,Day Use,Crown Conservancy,n/a,3 low gradient unattractive beaches at head of protected cove.,No camping permitted.,Not much to recommend this site for day use. Cove is Provincial Boat Haven but use as anchorage is being discouraged by BC Parks. See <a href="https://bcparks.ca/qwiquallaaq-boat-bay-conservancy/" target="_blank" style="color:blue">Qwiquallaaq/Boat Bay Conservancy</a>.,Day Use,50.54272,-126.61111,-14094284.839,6540801.271
Goose Spit,Launch Site,Crown,n/a,"Most paddlers launch on more sheltered inside water. Mostly sand shorelines, drift logs.",No camping.,"Parking nearby at 3 lots with additional roadside parking. Closes at 11 p.m. Views, Picnic tables, benches, fire rings. Portable toilets. Park steward April to October 250-334-6363. Hiking trails. Wildlife. Leased from Province, Goose Spit Park operated by Comox Valley Regional District. Aka Pelxqikw. Access via Hawkins Road from Hawkins and Torrence Roads.",Launch Site,49.66400,-124.90300,-13904138.359,6388288.624
Eagle Eye Trailhead west,Day Use,Crown Conservancy,n/a,"Moderate gradient beach of gravel, pebble. Some cobble, scattered boulders at low water. Bedrock outcrops. W aspect, open to NW wind. ",No camping permitted but no signage. ,"Steep trail to lookout, Warden Camp, Boat Bay. See <a href="https://bcparks.ca/qwiquallaaq-boat-bay-conservancy/" target="_blank" style="color:blue">Qwiquallaaq/Boat Bay Conservancy</a>. Aka Pig Ranch South.",Day Use,50.52770,-126.61183,-14094364.767,6538170.9
Maggy Point,Campsite primary,Crown Conservancy,5 - 7,"Easy in bay N of Rough Islets. SW aspect. Pebble, gravel beach, with cobbles, boulders at sides. Moderate gradient. Protected from N, E, SE. Currents to 3 kt in Swanson Passage.","Sites in forest. Pole shed kitchen shelter in need of minor roof repair 2023. Camp furniture. 5 tent platforms, new 2025. Food bin. Composting toilet. ",Former commercial site. Short trail to nearby Rough Islets site. Wildlife viewing. See <a href="https://bcparks.ca/broughton-archipelago-park/" target="_blank" style="color:blue">Broughton Archipelago Provincial Park</a>.,Campsite,50.60905,-126.67740,-14101663.919,6552429.179
Surfers Beach,Day Use,Provincial Ecological Reserve,n/a,Some surf but easy landing on sand beach except in SW wind.,Camping not permitted in Ecological Reserve. Beach is within Checleset Bay Ecological Reserve. However paddlers have camped on upland which is within Mquqwin Brooks Peninsula Provincial Park. See: <a href="https://bcparks.ca/muqqiwn-brooks-peninsula-park/" target="_blank" style="color:blue">Mquqwin Brooks Peninsula Provincial Park</a>.,Closest potential camping to S of Brooks Peninsula.,Day Use,50.13180,-127.70228,-14215753.15,6469132.644
Quatsino,Day Use,Municipal/Regional,n/a,"Public dock, can be busy.  Tie up at dock if space, or land on beach beside dock.",May be community camping here in future.,"Historic early settlement. Attractions include: oldest church in North Island, museum. cemetery. Hike through old growth forest to Colony Lake.",Day Use,50.53723,-127.62421,-14207062.226,6539839.202
Gabriola Sands,Launch Site,Provincial Park,n/a,"Easy low gradient sand beaches at sandy neck facing W, Taylor Bay - requires walk across field or E, Pilot Bay - short level path from parking. More drift logs in Pilot Bay. Long carry at low water on either side.","No camping permitted. Good day use site. Picnic tables, pit toilets.","Road access from Berry Point Road, Ricardo Road. Parking. See: <a href="https://bcparks.ca/gabriola-sands-park/" target="_blank" style="color:blue">Gabriola Sands Provincial Park</a>",Launch Site,49.19451,-123.85823,-13787834.682,6307930.946
Kirshaw Islets,Day Use,Provincial Recreation Site,n/a,Medium to low tides easy beach landing. Beach floods at high tides so boats must be hauled onto rocks.,Sensitive site. Camping not recommended other than for emergency.,Best suited as lunch stop between Saranac Is and Heelboom Bay because of soft grassy terrain sensitive to high impact.,Day Use,49.17478,-125.78387,-14002195.991,6304570.668
Matlset Narrows south,Day Use,Provincial Forest,2,"Easy but rocky at low tide. Tombolo to islet. Large pebble, rock beach might refer to site on north shore of narrows. ",Mostly covered at high water. Marginal camping on higher grass areas. Not recommended.,Attractive. Ebbing tides lead to exposed larger rocks before opening up to sand/pebble shoreline. Well protected from winds,Day Use,49.23375,-125.79077,-14002964.797,6314618.035
Lock Bay,Day Use,Provincial Park,n/a,"Easy on sand, gravel beach at low water 1 km long. Moderate on mainly boulders, drift logs at high water. ","No camping permitted. 2 pit toilets near shore. No fires. Picnic area, bench.","View. Long 1 km trail to parking lot, other trails, petroglyph, midden, wildlife, pond. See: <a href="https://bcparks.ca/sandwell-park/" target="_blank" style="color:blue">Sandwell Provincial Park</a>",Day Use,49.18667,-123.82035,-13783618.312,6306594.386
Wellbore Channel,Day Use,Crown,n/a,"Rubble, sand.","Camping might be possible on 2 rough, damp sites.",Better camping options nearby. Staging area for traveling N through rapids.,Day Use,50.43852,-125.74511,-13997882.06,6522569.753
Cordero Channel Islet inside,Day Use,Provincial Forest,unknown,"Moderate on rough beach of cobble, boulders at low water. S aspect. Currents.",Undeveloped. Some camping potential. Hammock opportunities.,Better landing than on islet. Avoids some sensitive ecological values of islet habitats.,Day Use,50.44970,-125.56253,-13977557.236,6524523.292
Gonzales Bay,Launch Site,Municipal,n/a,Semi-protected sand beach in bay. May flood at winter Springs. Access via long stair or ramp. Describes by City as official canoe/kayak launch.,No camping. Toilets.,"City of Victoria 8.1 ha park . Street parking with no posted restrictions. This park is one of the few parks, because of the restrooms, that the city is allowing homeless tents to be set up. As of March 2025, 5 tents were set up in the lower gras terraces and mostly out of site of the people using the park.",Launch Site,48.41091,-123.33018,-13729052.759,6175490.112
Brem Bay,Informal site secondary,Provincial Forest,8,"Low gradient beach of mud, 50 - 70 mm rocks leading to grassy estuary wetland. Might be island.","Clearing under trees for several tents at wetland margin. More sites feasible with brushing. Coordinates given as N50D 26.026M,W124D 40.408M","Water at river. Salmon Bay Indian Reserve lies immediately W. N Frazer suggests camping 150 m S near the breakwater by the log dump. It at W end of beach to E of breakwater. Comment that carry over mud is too far at this side and easier by jetty, on NE corner but in IR.",Informal Site,50.43375,-124.67354,-13878594.454,6521734.916
Sunray Cape Cockburn,Day Use,Private,8,Wide gravel beach SE aspect. Smaller gravel beach SW aspect. Rocky outcrop forms peninsula between beaches giving some protection.,"Many tent sites in upland forest clearings, lawn area. Pit toilet. Picnic table. Orchard. No fires permitted. Camping currently permitted by owner.","Attractive, View. Cottage is historic Roberts Homestead 'Sunray', leased by owner, BC Hydro, to non-resident renter/caretaker. Site located near to BC Hydro power cable terminus. Some of this entry refers to the other nearby Cape Cockburn sites also. Respectful visitors welcomed. Visitor log book at site.",Day Use,49.67215,-124.19298,-13825099.839,6389689.718
Deep Bay Jedediah Island,Campsite secondary,Marine Provincial Park,3 - 4,Steep shoreline at cove head. Small rough beach. Sheltered. Often used by boaters with tenders. Little boat stowage room ashore.,"Dispersed camping permitted. Nearest to bay, sloped sites under trees adjacent to pit toilet 50 m above landing. Camping fees apply 15 May to 15 September. May pre-pay permit via Internet, but no reservable sites. Fee $5.00 per person per night (2024) via BC Parks Backcountry Registration System. Better camping located at Log Boom Bay approx 400 m along trail but that location unsanctioned by BC Parks.",Popular anchorage with stern tie rings. Extensive hiking trails. See <a href="https://bcparks.ca/jedediah-island-marine-park/" target="_blank" style="color:blue">Jedediah Island Provincial Marine Park</a>,Dispersed Site,49.50482,-124.21235,-13827255.007,6360956.223
Lady Ellen Point,Informal site secondary,Crown,2 - 5,"Gravel, sand, pebble beach, moderately steep. A few drift logs. Exposed NW aspect.  ","Sites in level forest. Old tarp camp seen 2023 to W of point, possibly same long term squat seen in 2002, presumably using trail/road access. ","Mapped trail access on Lady Ellen Point Trail, branching from Ledge Point Main, likely de-activated industrial roads. From shore estimated 10 min walk to road.",Informal Site,50.61314,-127.12896,-14151930.647,6553146.042
Blubber Creek,Day Use,Public Foreshore,n/a,Broad low gradient beach of soft sand. Floods on moderate to large tides. Easy launch from road. Security fence near ferry makes launching awkward on NW side of bay. ,No formal camping but beach possibly sites dry at Neaps or use marginal upland sites near road. Hammock opportunities.,Seasonal or year-round stream enters beach. Some water flowed in Aug 2022. Road runs close to shore. Blubber Bay Ferry Terminal 1.7 km by road. Service to Powell River 35 min. Launching likely not permitted within BC Ferries fenced private area so laternativ elaunch here except for distance on road. Tourism map shows public beach access.,Day Use,49.79281,-124.61301,-13871857.042,6410471.373
Clover Point,Launch Site,Municipal,n/a,"Exposed shoreline with steep gravel, pebble beaches. SE or SW aspects. Usable in calm conditions. Small boat ramp.",No camping.,One of a number of Mile/km 0 points for the Trans Canada Trail terminus. Day parking on point. Street parking with no posted restrictions.,Launch Site,48.40389,-123.34985,-13731242.759,6174312.724
Sir Thomas Lipton,Campsite primary,Regional,7 - 10,"Low gradient beach of sand, silt, pebble, small rocks at head of sheltered West Bay. S aspect. Land near creek mouth, large sign visible from water.","Undeveloped sites along shore or in open forest. Some close to large painted sign facing seaward, others further E. Pit toilet adjacent to graded gravel access road leading to New Brighton. Rough connecting trails involve minor creek crossing. No fires permitted, but one fire pit remains. Deadfall reported on some potential tenting areas. Avoid camping under deciduous trees especially broadleaf maples.",Attractive. Year-round water at McDonald (or MacDonald) Creek or tributary 'Butcher Brook'. Small waterfall. Historic shipwreck. Sunshine Coast Regional District Park. Derelict dock washed up on beach. Road access no longer requires crossing gated private land (2022). Observe Rockfish Conservation Area in West Bay - no angling.,Campsite,49.47163,-123.40171,-13737015.142,6355269.696
McNair Creek Kik'elxn,Launch Site,Regional,n/a,"Beach of sand, gravel, low 2 -3% gradient. E aspect. Log booms may be moored off beach. Gravel boat launch.",No camping permitted. No fires. Garbage bin. Picnic table.,"390 Dunham Road off Port Mellon Highway, Narrow unpaved road leads to small parking area, beach. Additional parking along road. Take care to not block driveways. Launch small boats off beach. Squamish (Coast Salish) name Kwíl’aḵm. (ḴIḴ'ELXN) IR land to N between site, mill. McNair Creek Regional Park, Sunshine Coast Regional District. Trans Canada Trail sign on post.",Launch Site,49.51313,-123.49300,-13747178.043,6362380.768
Headlands Road,Launch Site,Municipal,n/a,"Firm, sheltered sand beach. Good in all weather, all tide levels. Inside protected harbour.",No camping.,"From centre of Gibsons follow Gower Point Road S around harbour, turn left (N) at Headlands Road to beach. Parking on nearby streets with no known restrictions.",Launch Site,49.39729,-123.50468,-13748477.71,6342544.844
Twin Lagoon Islet,Day Use,Provincial Forest,none,Tiny shell tombolo in protected cove at lagoon entrance. Tombolo regularly floods.,Steep upland. Dense salal. No tent sites seen 2023.,"Attractive, view.",Day Use,50.78855,-126.66194,-14099942.664,6583975.554
Logan Creek,Emergency Pullout,National Park Reserve,unknown,At water levels of 1.7 m or higher moderate but safe landing on rocky beach protected by reef. More difficult at lower water levels.,Established but unattractive campsite. Better suited for day use. Fees charged. Better alternative is Cullite Creek 1.3 NM to SW,"Water at creek. Used by hikers on West Coast Trail. Landing or camping on the West Coast Trail is not permitted and could result in fines, except in emergency situations.",Emergency Pullout,48.56976,-124.61751,-13872357.535,6202171.997
Poett Nook Campground,Commercial,Private,unknown,See adjacent launch site information,"Developed drive-in commercial campground. 130 sites. Showers, toilets. Camping $53.55 includes power (2021) for 4 people http://www.poettnook.com/welcome.html",Phone: (250) 720-9572 year round: (250) 758-4490,Private or Commercial,48.87815,-125.04403,-13919837.869,6254210.877
Rondeault Point,Dispersed site secondary,"Marine Provincial Park, Private upland",10 +,"Sand beach at low tide, pea gravel with sand in mid band, pea gravel and pebble at high water. Protected NW aspect.",Many tent sites on sand beach. Protected from S and partially from W. Reported June 2024 that a No Trespassing sign has been posted in upland. Park boundary is winter high water mark - above that is private land. ,Views. See: <a href="https://bcparks.ca/maquinna-marine-park/" target="_blank" style="color:blue">Maquinna Marine Provincial Park</a>.,Dispersed Site,49.45586,-126.41679,-14072652.991,6352568.362
Providence Cove,Day Use,Provincial Park,n/a,"Steep beach of shingle, cobble at head of protected cove. Swell does not penetrate deeply.",Undeveloped. No overnight sites currently (2019). Upper beach might flood at Springs. Steep cliffs at side banks. Upland at back of cove less steep.,"Water at seasonal creek, reported dry in Aug 2021. Path connects to the Juan de Fuca hiking trail. Some hikers visit cove. Site of former Pacheedaht First Nation village. See: <a href="https://bcparks.ca/juan-de-fuca-park/" target="_blank" style="color:blue">Juan de Fuca Provincial Park</a>. AKA Yao Creek or Youh Creek.",Day Use,48.52138,-124.40051,-13848201.895,6194037.192
Sandcut Beach,Day Use,Regional,n/a,"Sand, pebble, rock, steeply sloped beach. Offshore gravel bar reduces surf. Look for the approach to beach that is all sand to avoid boulders. Trailhead to road 400 m SE of landing.","Toilet near road, parking along access trail 400 m to SE. Camping not sanctioned, but beach camping on moderately steep cobble has occurred here.","Trailhead 3.6 km E of Campground. Trail gives access to highway. No highway noise. Nearby is similar site with copious waterfall into sea, reducing surf. See: <a href="https://www.crd.bc.ca/parks-recreation-culture/parks-trails/find-park-trail/jordan-river" target="_blank" style="color:blue">Jordan River Regional Park</a>.",Day Use,48.41710,-124.02560,-13806466.637,6176527.964
Camper Bay,Emergency Pullout,National Park Reserve,3 - 4,"Moderately steep pebble beach in cove. SW aspect. Swell hits main beach to give dumping wave in heavy swell conditions. NW beach has less or no swell due to protecting reef at cove entrance, depending on water level. Turn left or NW on entering cove if reef is blocking most swell.",Camp at top of NW beach but not at all tide levels. Cliff behind give no easy upland access. Park fees apply. Might be feasible to carry gear to West Coast hiking trail campsite across lagoon at back of main beach to avoid being flooded at Springs.,"Seasonal cabin normally staffed by local Pacheedaht trail guardians. AKA Camper Creek. Landing or camping on the West Coast Trail is not permitted and could result in fines, except in emergency situations.",Emergency Pullout,48.55671,-124.55251,-13865122.502,6199976.383
Cullite Creek,Emergency Pullout,National Park Reserve,6,"In low swell, easy on sloped sand, pebble beach, with S aspect, mostly protected from W, NW.  Some surf likely in high swell conditions. To avoid scattered rock outcrops or boulders, aim for E side about 10 -15 m from base of steep cliff. See image for route.",Tent sites under trees or on gravel creek bank. Food storage bin. Pit toilet. Fees charged.,Water at creek. Used by hikers on West Coast Trail.,Emergency Pullout,48.56516,-124.59856,-13870248.743,6201398.407
Billygoat Creek,Emergency Pullout,National Park Reserve,n/a,Steep shingle beach; right channel (S) is a funnel too narrow for access in any swell; far left (N) best landing in NW swell.,Possible camping.,"Pacific Rim National Park Reserve. Landing or camping on the West Coast Trail is not permitted and could result in fines, except in emergency situations.",Emergency Pullout,48.70960,-125.00960,-13916005.016,6225729.475
Tsuquanah Point northwest,Emergency Pullout,National Park Reserve,unknown,"Somewhat protected, fairly steep pocket beach. Surf may dump. Watch for rocks at NW end of beach. Beware of severe turbulence, standing waves, rips, breakers off Nitinat Bar especially when Nitinat Lake (tidal) drains seaward on ebb.",Camping not currently sanctioned by Parks Canada but might occur. Space for 5 or more tents on beach.,"Water at small stream. Secluded. In Pacific Rim National Park Reserve. Landing or camping on the West Coast Trail is not permitted and could result in fines, except in emergency situations.",Emergency Pullout,48.67058,-124.85760,-13899084.12,6219150.05
Meade Islets,Informal site secondary,Crown,3,"Easy on sand on W side of islet at high water only. Cobble, weed, long carry at mid, low water. Easier approach from E, on steep cobble beach.",3 or tide-dependent variable number of sites on sand tombolo between drift logs. Upland site reported at centre of islet but not found (2017). Dense upland vegetation. ,Attractive. No fires above high water. ,Informal Site,48.92522,-125.12094,-13928399.306,6262182.593
Cape Beale east,Day Use,National Park Reserve,4 +,"Small pocket sand, gravel beach.  Easy landing with little or no surf in NW conditions. In SW conditions, expect less surf than Keeha Bay. .",Camp on beach. May be subject to park use restrictions.,"Safer landing alternative to Keeha Bay. Quiet, secluded site. No hiking trail access. Small stream. Pacific Rim National Park Reserve.",Day Use,48.78484,-125.19201,-13936310.259,6238431.4
Robinson Island Barkley Sound,Informal site secondary,Crown,3,"Easy approach on low gradient sand beach at all water levels. N aspect. Protected by rock reefs to N, E from swell, wind.","3 upland sites on strip above beach. 2 further upland sites feasible with minor brushing, levelling. Island at back of bay looks flat, may have potential for group camping.",Water possible at seasonal creek 0.3 NM to N behind point. Site may be accessed at high water in any weather via narrow channel to Julia Passage.,Informal Site,48.95100,-125.20050,-13937255.907,6266551.205
Macktush Bill Motyka Recreation Site,Commercial,Private,unknown,"Easy on concrete boat ramp, gravel boat ramp and various beaches. 2 lagoons.","Developed site for vehicle based camping. Pit toilets, playground, hot showers, store. Fees charged. Reservations.","Large campsite, launch used by sports fishers. Site is 30 km drive from Port Alberni along Canal Main. which also goes by Arden Creek. Near confluence of Macktush Creek and Alberni Inlet. Water at taps. Campsite located on Mosaic Forest Management land, managed by Silvifor Resource Consultants Ltd.",Private or Commercial,49.10411,-124.83310,-13896357.059,6292545.844
Arden Creek,Campsite secondary,Provincial Recreation Site,6,Primitive boat launch.,"2 pleasant walk-in pads overlooking water up steep paths and 4 vehicle pads in trees or along shoreline. Picnic tables, toilets. ",Also launch site. Water at creek. Site 17.5 km along Canal Main. No fees charged (2014). Operated by Hupacasath First Nation.,Campsite,49.14130,-124.81370,-13894197.717,6298871.01
Homfray Creek,Informal site primary,Provincial Forest,6,"Mixed low gradient beach of gravel with some boulders at higher water levels, rougher at lower levels with an oyster band. W aspect. Protected from S but otherwise exposed."," Upland forest sites would need brushing, Alternative camp on old roadbed about 250 m N of main site with access from main creek, past large boulders. Area S of creek has grassy sections. Trail leads into upland. Report of difficult access to tenting area (July 2023) with no beach camping evident seems to refer to site to N of creek. 'Little to no boat storage at high water without difficult lift over large boulders. Our team used the floating dock for kayak storage and camped on old road bed.' Better camping area is S of creek.",Water at year-round creek. View. Active log dump at head of bay 350 m to N of site. Logged behind.,Informal Site,50.29133,-124.63312,-13874095.02,6496882.996
Lloyd Point,Informal site primary,"Crown tenure - Section 17 designated use area, Provincial Forest",3,Mixed low gradient beach of cobble with some boulders. SW aspect. Protected from N.,Upland sites require brushing in level open forest. Possible sites among rocks in grassy open area at top of beach. 180 m to S at small creek additional upland forest sites reported suited to large group.,View. Water at Lloyd Creek to N with uncertain access along shore. Logged behind. Seasonal creek 180 m to SE.,Informal Site,50.18795,-124.61319,-13871877.024,6478888.45
Teakerne Head,Informal site secondary,Provincial Forest,3 - 4,Easy on long beach of large pebble. W aspect. Moderately protected from most winds.,1 secluded site behind old machinery float immediately usable. 2 or 3 other level forested sires at shore margin usable with light brushing.,"Quiet. Log handling site nearby to N appears inactive. Old donkey engine float (2005), fruit trees. Swimming. Popular anchorage.",Informal Site,50.18275,-124.81603,-13894457.27,6477985.281
Wall Beach,Launch Site,Regional,n/a,"Low gradient pebble beach.  Easier at medium to high water to avoid long carry.  Protected in SE, S, SW winds.",No camping.,Limited parking along Wall Beach Road off Northwest Bay Road. Best for day trip access. Regional District of Nanaimo beach access. End of Seahaven Road gives scuba divers access to same beach farther to NE. Acacia Road also ends at a public right of way to Wall Beach. ,Launch Site,49.30024,-124.22270,-13828407.954,6325960.706
Schooner Cove Marina,Launch Site,Private,n/a,"Double-wide concrete boat ramp, float. Very small adjacent beach of mud. oysters,mixed rocks..","No camping. Access to through marina office to toilets, changing room, showers during business hours only.","Water at outside tap. Launch fee ($5 per canoe/kayak 2024) If launch fee paid, no fee for underground overnight parking. Fairwinds Marina 250-468-5364. Facilities, restaurant.",Launch Site,49.28570,-124.13665,-13818828.934,6323478.873
Isabella Point Road,Launch Site,Public Foreshore,n/a,"Easy on sand boat ramp on low gradient sand beach, mud flats. Long carry at low water. Protected from W, N,, partly from S.  E aspect.",No camping permitted.,Roadside parking for several vehicles. No posted parking restrictions. Aka Hamilton Beach.,Launch Site,48.75800,-123.44980,-13742368.874,6233898.371
Mount Pardoe,Day Use,Provincial Forest,none,Small mixed rough beach of gravel to boulders. SW aspect. Protected by point to N. Exposed to S winds.,No usable sites found. Beach camping on gravel feasible only at neaps. Upland camping feasible with heavy brushing.,"Logged behind. Active logging 2014, inactive approx 2021. Small seasonal creek.",Day Use,50.16613,-124.62878,-13873612.695,6475097.068
Jamieson Island central,Informal site secondary,Provincial Forest,1 - 2,"Clam bed beach of varying gradients in bay, well-protected from W.   Gravel upper beach. A few small boulders. SE aspect. ","Grassy gravel bench at beach top will be dry in most tides. Usable tent site if small drift log debris, small rocks were moved. Hammock opportunities. Dense vegetation in upland.",Attractive.,Informal Site,50.56258,-126.50598,-14082581.053,6544280.728
Zorro Bay Ts’itpsm,Campsite primary,Provincial Recreation Site,10 +,"Easy on wide gravel beach, sheltered except from N. Moderate gradient. NE aspect. Land to N of wharf, boathouse. Drift logs often on beach. Prominent sign visible from water. Alternate more exposed beach of small round stones usable during outflows with good shelter from N across neck of isthmus. Faces S. Possible to carry gear to site 110 m across neck of isthmus on good trail across gated private land for safer access.","Upland sites in mixed woods up trail behind centre beach. 1 site at beach top on pebble. 6 tent platforms, 2 accessed on N side of bay up wooden stair. Composting toilet. Steel food bin. Beach fire pit. Fire bucket. 2 Picnic tables, Visitor log book.","Water at stream with boat access only 200 m N. View. Swimming. Overlooked by derelict cabin on private peninsula. Boathouse, derelict wharf nearby. Please respect all private property. Squamish (Coast Salish) name Ts’itpsm. Site stewards Sea Kayak Assn of BC. Site is often used by visitors in powered vessels as well as in paddlecraft. Squamish Yacht Club mooring buoy in outer bay.",Campsite,49.60215,-123.25866,-13721091.79,6377658.325
Tantalus Landing Sxwan’shnm,Campsite primary,Provincial Recreation Site,6,"Semi-cleared boat run through rough boulder, bedrock shore 40 m W of creek mouth, or at high water, moderate landing at creek mouth on boulders, bedrock ledges. S aspect. 10% slope or greater, some portions gravel, varied 100 mm cobble. Prone to drift logs.  Prominent sign visible from water. Very limited portable boat stowage unless boats carried up bank.","Steps lead up bank across footbridge crossing creek to upland sites at 3 small level flats near shore or 3 wooden platforms built on steep slopes above. Composting toilet. Steel food bin near landing, large picnic table built on old industrial concrete footing to be shared by all site users. Visitor log book. Please restrict any fires to near-level open rock slab near NE shore in calm conditions.","Water at year-round stream, waterfall through centre of site. Attractive. View. Squamish (Coast Salish) name Sxwan’shnm. Site stewards: Sea Kayak Assn of BC.",Campsite,49.67652,-123.21988,-13716774.141,6390441.376
Booker Lagoon,Informal site secondary,Provincial Forest,2,"Islet 35 m long oriented SW to NE in sheltered lagoon. Approach at NW side, NE end. Rock shelf, no beach. Tidal rapid at lagoon entrance. Max current in rapid reported as 8 kn.","Grassy saddle in mid islet with firs at either end. This location or slightly to S at end of islet used by Paddlefanatics group May 2014, who also checked other locations. Well protected. N Frazer gives coordinates as lat N50D 47.50M,W126D 44.98M (WGS84) which seems to be the same general site. Adjacent islet in similar orientation but slightly to W is apparently not the site.",Swimming from landing ledges.,Informal Site,50.79119,-126.74985,-14109728.849,6584441.229
George Fraser Islands north,Informal site secondary,Crown,2 - 3,"Beach of pebble, boulders at low water, sand, gravel mid to high water.  Easier at higher water.  Protected from NW, but overall exposed location.",Beach camping,No comments.,Informal Site,48.90536,-125.51275,-13972015.062,6258818.874
Finnerty Islands central ,Dispersed site primary,Marine Provincial Park,3 - 4,"Easy on protected gravel, small rock beach. NE aspect. ","One site on gravel berm or tombolo at head of beach, 2 or 3 others upland in juniper, arbutus grove.",Attractive. View. Lagoons. Charted height 48 m on some CHS charts. See <a href="https://bcparks.ca/sabine-channel-marine-park/" target="_blank" style="color:blue">Sabine Channel Marine Provincial Park</a>,Dispersed Site,49.50213,-124.38793,-13846800.806,6360496.187
Philip Point west,Informal site secondary,Provincial Forest,3 - 4,"Protected creek mouth behind islet has clam bed moderate gradient beach of coarse sand, gravel with 50-70 mm cobble, occasional boulders. Beach grass on upper beach covers more cobble, rocks. Firm clam bed with some cobble st low water. Few drift logs. W aspect.",Upland tent sites on S bank in open second growth forest. Shaded in morning but open to afternoon sun. Berry bushes impede access to upland. Access would need brushing.,"Attractive. Water at creek, possibly year-round. Flowing in mid-July drought 2023. Attractive. View. Logging debris. Inactive log dump 0.6 NM to E (2023).",Informal Site,50.87236,-126.68375,-14102369.996,6598746.101
Hannant Peninsula,Informal site secondary,Provincial Forest,2,"Easy on protected smooth bedrock. Protected boulder cove to E dries, but likely suitable at high water.  ",Tent site on dry beach grass at point. Other sites nearby on rock shelves. Hammock opportunities.,"Attractive, view, sunny. Water across bay at Little McIntosh Creek. Anchorage in cove N of Hannant Point.",Informal Site,50.86049,-126.50899,-14082916.771,6596652.528
Nickless Islet,Day Use,Crown,1,"Small shell tombolo beach links to rock islet with lone spruce. Scattered boulders. SW aspect. NE side of tombolo mostly bedrock, boulders.",1 site at tombolo top at Neaps in calm weather - unreliable. Steep terrain elsewhere.,"Attractive, View.",Day Use,50.78198,-126.53600,-14085922.898,6582818.549
Creasy Bay,Day Use,Provincial Forest,none,"Small cobble, boulder beach. SE aspect.",Potential sites on grassy fringe between beach and forest but lumpy. Hammock opportunities. Littoral unlogged zone above shore. Moderately sloped forest. Small animal trails. ,Water at small stream flowing in drought of mid-July 2023. Large log handling site 250 M to N.,Day Use,50.95481,-127.08244,-14146752.821,6613303.459
Actaeon Sound,Day Use,Provincial Forest,none,"2 rocky landing beaches, one slightly E of creek with 2 high tide rocky points, second beach 200 m E.",Upland camp reported in mature second growth forest but no tent sites seen 2023. NO CAMPING,Westerly beach has small seasonal stream. ,Day Use,50.95286,-127.11103,-14149935.134,6612958.551
Boyle Point northwest,Dispersed site primary,Provincial Park,4,Easy on semi-protected pebble beach of moderate gradient 0.2 NM W of Boyle Point. Scattered boulders. S aspect.,Sunny beach sites or on grassy former homestead site. Large level upland bench slightly higher. Rest of upland steep. Mostly used by day visitors.,"Attractive. View. Seasonal stream. aka Betty's Beach, Diane's Beach. Rough steep trail leads in 1.5 km to main trail back to parking lot at end of East Road. Other extensive trails.",Dispersed Site,49.47628,-124.69131,-13880573.559,6356065.9
Atchison Islet,Informal site secondary,Crown,3 - 4,"Land in drying channel between island, islet or on various rock ledges, depending on water level. Suitable for lining out boat. Easier access at high water, many boulders at low water. Currents. Kelp. Vessel traffic.",Flat rock ledge facing S tip of Atchison Island or bluff sites on bedrock shelves at SW tip. Dense salal in centre.,Attractive. View.,Informal Site,50.58204,-126.21131,-14049778.873,6547690.929
Turner Cove,Informal site secondary,Provincial Forest,unknown,"W or E shore of protected cove. On W shore, moderately sloped clam bed mud beach with mixed rocks, gravel at high water. One area  next to a large rock outcrop on the beach free of low water boulders. Beach may flood at springs.","On W shore at N50D 55.683M,W126D 43.925M beach gives access to upland that appears fairly level but dense, mossy forest with old logging surface disturbance. On E shore, grassy point could be brushed but might be too steep for easy camping. Either area requires work.",Attractive.,Informal Site,50.92688,-126.72775,-14107268.599,6608370.402
Mackenzie Sound 1,Informal site secondary,Provincial Forest,unknown,Steep rock shore with patch of grass on top lies half way into creek mouth. Bay overall shallow clam beds with low gradient.,Upland forest camp on N shore of cove has old poles but not very level (1999). Not viewed on 2015 visit. Sunny.,Water at creek.,Informal Site,50.92963,-126.67742,-14101665.333,6608856.324
Stuart Narrows north,Informal site primary,Provincial Forest,6,"Clam bed beach, pebble gravel.","Tent sites in second growth forest with little underbrush if dead branches, tree debris moved. Hammock opportunities.",Water at year-round stream flowing during drought of mid-July2023. ,Informal Site,50.89979,-126.95022,-14132033.791,6603586.24
Helen Bay,Informal site secondary,Provincial Forest,3 - 4,"Small pebble, gravel, small rock beach in W bay. Moderate gradient. Protected. Forest comes to waterline.","Usable small tent sites in forest on moss, duff needing dead branches moved. Clearing in cedar trees above beach may require brushing, levelling. Hammock opportunities.","Water at seasonal stream, dry July 2023. Anchorage. Flagging evident 2023 could relate to stream or intended logging? Junk freezer in bush. Debris. Might be old logging camp.",Informal Site,50.90369,-126.93724,-14130588.652,6604274.454
Deep Harbour north,Informal site secondary,Provincial Forest,3 - 4,"Small moderate gradient pebble beach in bight. Scattered cobble, boulders. Forest comes down to waterline. No distinctive landmark. SW aspect.",Tent sites in second growth forest on flat area 2-3 m up bank behind beach. Upland steep at sides.,Attractive. Small anchorage.,Informal Site,50.80052,-126.57394,-14090146.103,6586084.291
Joe Cove,Informal site primary,Crown Conservancy,4 - 6,"Shell tombolo which joins to steep islet. 2 small very protected beaches with N, S aspects. Moderate gradient. Occasional boulders. "," Many well-used all-weather upland tent sites on duff, bare soil. Rustic furniture. ","Attractive. Water source reported at lake-fed stream in unnamed cove W of Joe Cove, assumed to be N 50 D 44.5818M, W126 D 41.6874 M. Commercial group use likely. Anchorage. Upland in Broughton Archipelago Conservancy. Waters, islets lie in Marine Provincial Park.",Dispersed Site,50.74594,-126.66189,-14099936.853,6576475.405
Furry Creek Spit,Day Use,Regional,n/a,"Just N of creek mouth, N and S aspect beaches of large rounded stones, boulders, some gravel. Many drift logs on N facing beach.","No camping. Open, park-like spit with trail, benches, viewing platform. No boat launching. No fires. No other facilities.","Trail to public day parking area. View. Viewpoint lies within private community, with public trail access. Managed by Squamish Lillooet Regional District. Popular river mouth fishing. Aka Olivers Landing.",Day Use,49.58368,-123.22706,-13717573.237,6374486.853
Watts Point,Day Use,Crown or railway owned,n/a,"Sloping bedrock ledges at either side of exposed point. Landing on S ledges sheltered from N, low rounded rock islet gives some protection from S.","Small picnic sites among low rocky bluffs, salal covered bench to NE. Some evidence of previous overnight use at up to 6 tent sites.",View. Squamish language name Xwelxwalitn,Day Use,49.64711,-123.22444,-13717281.513,6385384.5
Watts Point south,Day Use,Crown or railway owned,n/a,"Small cove of bedrock shelves, boulders. SW aspect. Moderately protected landing.",3 small protected upland picnic sites nestled under low cliffs. Evidence of previous overnight use.,Attractive. View. Trains run infrequently on railway above.,Day Use,49.64073,-123.21987,-13716773.329,6384287.51
Gambier Creek,Day Use,"Municipal, public beach",n/a,"Easy on protected beach, near creek mouth. Moderate gradient. Coarse gravel, pebble at high water. Rougher at low water with cobbles, boulders, larger rocks. NE aspect.","Small cleared grass flat field near Gambier Creek. Set up, maintained as recreation day use site. Large upland fire pit. Reports of regular use as campsite but protocol for seeking permission unknown, if needed. Additional small upland grassed area just N of dock above another smoother gravel beach, believed to be public land i.e. part of upland property setback reserve. ","Attractive. Water at year-round creek immediately to S. Prominent dock, road nearby. Extensive hiking trail network. Aka Douglas Bay. Community of Douglas Bay is a 53 lot bare land strata waterfront and non-waterfront subdivision developed 2004 to 2006. Average lot 3.7 acres. First 20 m from high water mark inland is a legal setback Crown reserve. Site mapped as Community Park. Toilet needed if site is to be used for longer than day use. ",Day Use,49.51805,-123.35710,-13732049.313,6363225.744
Transfer Beach,Launch Site,Municipal,n/a,"Easy on sand, gravel beach. Moderate gradient. SE aspect. Boat must be carried about 50 m.",No camping.,"Parking, Toilets, changing rooms. Picnic area. Spray park, playground, amphitheatre, swimming. Seasonal refreshments. Enter off Trans Canada Highway. Town of Ladysmith park.",Launch Site,48.99079,-123.80790,-13782232.54,6273298.336
Grice Bay,Launch Site,National Park Reserve,n/a,Concrete boat ramp in sheltered bay. N aspect. Cobble beach adjacent.,No camping.,"Parking. Picnic area no tables, pit toilets. View. Park use or parking pass required from Park office or Info Centre. Turn off Hwy #4 on Grice Bay Road and follow past airfield to end.",Launch Site,49.10972,-125.78487,-14002307.389,6293499.861
Bain Creek Smenmántm Ḵ’í ḵp’ikw,Campsite primary,Provincial Recreation Site,7 - 10,"2 small rocky beaches. S aspect. Moderate gradient curved cleared boat run of smaller rocks at N margin of creek mouth 50 m to E of prominent main sign facing water. Some boulders, bedrock.  Another narrower rough boat run through beach next to sign requires climbing on steps, hauling boats up bank. Frequent boulders elsewhere on main beaches. Limited area at high water. Alternate landing area 50 m to W of sign at W end of site on gravel with 100 mm rounded rocks at high water, but currently has poor upland access. Easiest boat stowage, best access on rack above E'most beach.",Large shaded site. Several tent sites just E of main landing in upland forest SW of stream. S aspect. - several other sites higher up slope to SW. Hammock opportunities. Composting toilet up trail via steps. Steel food bin. Picnic table. Boat rack. Visitor log book. Fire bucket. Sunny bluff for picnics. No fires in upland.,"Water at seasonal creek. Small waterfall. View. Attractive except Port Mellon mill visible, audible. Prominent sign visible from water. Squamish (Coast Salish) name Smenmántm Ḵ’í ḵp’ikw. Charted creek named Bain Ck is elsewhere. This creek is unnamed - maybe should be Bain Creek #2. Site stewards: Sea Kayak Assn of BC.",Campsite,49.54268,-123.42975,-13740137.097,6367450.224
Moses Point Road,Launch Site,Municipal,n/a,100 m level gravel path leads to several (3?) concrete steps onto beach of sloping bedrock with small sections of crushed shell. NW aspect.,No camping,"From Chalet Rd or Lands End Rd, turn W on Moses Point Rd. Day parking for 6 cars. Other parking may be possible nearby. Tide pools. View.",Launch Site,48.69063,-123.48452,-13746233.52,6222530.44
Cook Cove,Emergency Pullout,"Private upland, Public Foreshore",n/a,"Easy in either of 2 coves with beaches of pebble, cobble with aspects generally N (NE, N)  Protected from SE, NW. Mostly floods at high water. Some riprap banks. SE cove gives easier upland access.","Industrial site suited to emergency use only. Two semi-sandy tent sites at Neaps high water mark that likely will flood at tides above 3.3 m. One potential uneven upland site in forest. BC Hydro Transmission line nearby with grassed area, prominent cable sign. Hammock opportunities. ","Water at seasonal creek. Power transmission line right of way nearby. Road at nearby Jonathan Road, BC Hydro Utility Access Road leading to Porlier Pass Road.",Emergency Pullout,48.91880,-123.40637,-13737533.98,6261094.803
Twin Beaches,Dispersed site primary,Provincial Recreation Site,4 - 6,Beach of small cobbles. SE aspect. Optional landing on similar but smaller beach on opposite side of neck. W aspect.,"Camp on grassy ridge 15+ m elevation in open, level pine, fir forest. Steep obvious approach up open grass slope. Hammock opportunities. Undeveloped. 2 tent sites on grass, Additional sites to W may need light brushing of brambles, holly.",Attractive. View. ,Dispersed Site,49.54871,-124.27902,-13834676.666,6368484.616
Macktush,Launch Site,"Private, Provincial Recreation Site",n/a,"Concrete boat ramp, gravel  boat ramp and various gravel beaches in sheltered inlet.",Adjacent to large campground.,"If not camping, parking arrangements not known. 30 km by road from Port Alberni along Canal Main. which also goes by Arden Creek. Near confluence of Macktush Creek and Alberni Inlet. Water at taps.",Launch Site,49.10294,-124.83446,-13896508.743,6292346.447
Jamieson Island west,Informal site secondary,Provincial Forest,2 - 5,"Beaches on N, S  of dying channel between islets give access to small clear bank areas. Gravel, clam shell, cobble, bedrock beach. Rougher on N side. SE or N aspects. Some boulders. Small lagoon on N side.",3-4 tent sites on grassy patches at forest margin. I site on bluff. Hammock opportunities.,unknown,Informal Site,50.56023,-126.51349,-14083417.285,6543868.22
Foulger Creek north,Day Use,Provincial Forest,n/a,"In cove, on large, jagged rocks, 600 mm, bedrock. Steep shore. N aspect.","Picnic sites interspersed among trees, salal. Some level upland at 3 m elevation.","Water at creek to S. Attractive. Views to Woodfibre, Garibaldi and beyond.",Day Use,49.64803,-123.26043,-13721288.425,6385542.396
Yellow Rock,Day Use,Provincial Forest,n/a,"Boulders, some exposed bedrock. Prominent boulder, painted yellow on shore.",Damp picnic sites in alders.,Water at creek at N of beach. Inactive log dump. Small amount of residual logging debris.,Day Use,49.63770,-123.25935,-13721168.456,6383765.857
Esquimalt Harbour Portage,Launch Site,unknown,n/a,"Beach of mixed gravel, mud. Portage trail from Esquimalt Harbour to Gorge Waterway. Esquimalt Harbour is a naval base. Before entering, contact Queen’s Harbour Master (QHM) Operations on VHF Channel 10 or by telephone at 250-363-2160. Follow their procedures.",No camping.,No nearby parking. Launch site for Victoria Waterway Loop Trail - a 8.4 NM paddling route through the Capital Region with one 950 m portage. Loop is in 4 sections with multiple launch points.May be completed in a day. See: <a href="https://www.vicwaterloop.ca/" target="_blank" style="color:blue">Victoria Waterways Loop</a>.,Launch Site,48.45006,-123.43396,-13740605.451,6182058.489
George Fraser Islands,Informal site secondary,Crown,3,"Beach of pebble, boulders at low water, sand, gravel mid to high water.  Easier at higher water.  Protected from NW, but overall exposed location.",Beach camping.,No comments.,Informal Site,48.90410,-125.51406,-13972160.768,6258605.096
Fleming Island Lagoon,Informal site secondary,Crown,5,"Shallow lagoon, with reef/rocks. Sand, gravel beach. It's actually difficult to find. The lagoon itself and the entrance are not readily visible as the entrance is hidden behind the rock reef. On more exposed NW side of island. Access easy at high water but awkward due to extensive mud at low water.",Camp in upland - two locations. Stinging nettles at one of sites.,"Pleasant, protected site but avoid low water.",Informal Site,48.89668,-125.13170,-13929597.282,6257348.487
Frances Bay,Informal site secondary,Provincial Forest,3,"Moderate landing on beach of pebbles, large cobbles, some boulders. Exposed to S. Boat run. (not found at last site condition report) but likely nearby.","Undeveloped beach camping between drift logs. 2 brushed upland sites (2023). Large level ground in upland, room for a few tents. Brushing would help. Other former tent sites on old roadway overgrown, unusable. Hammock opportunities for about 3 people. Beware of hazard trees.",View. Old industrial roads. Inactive log dump.,Informal Site,50.34903,-125.03342,-13918656.279,6506943.123
Pachena Bay,Commercial,Treaty Settlement Land,nan,Large low gradient sand beach. SW aspect. Surf depends on swell direction.  Length of bay usually offers some shelter.,"Developed commercial campground. Set up mainly for RVs. Beachfront sites at forest edge. Hot showers, flush toilets, sani-dump. Open May-September. Limited off-season camping begins on March 1 for self-contained units only - main washroom/shower house remains closed until May. Reservations: (250) 728-1287 Email: Info@PachenaBayCampground.ca Web: https://pachenabaycampground.ca/beachfront-rv-and-tenting-sites/","Location next to Huu-ay-aht First Nation community of Anacla. Bamfield 5 km. West Coast hiking Trail trailhead nearby. Owned and operated by Huu-ay-aht First Nation. Attractive beach, river, wildlife viewing.",Private or Commercial,48.79527,-125.12169,-13928482.428,6240194.124
Big Tree Trailhead,Day Use,unknown,n/a,Small rocky beach. Look for end of boardwalk and signage.,No camping.,Hiking trail to Big Tree and ancient Hanging Garden Tree 1.2 km round trip.,Day Use,49.15698,-125.87477,-14012315.567,6301540.445
Bonner Islet east,Informal site secondary,Crown,unknown,"Protected, but surf possible on 2.5m or higher tides.",Some beach sites at most tide levels but uncertain if usable at Springs. More wind protection than at W beach site.,Water at creek. Trail to W beach for viewing sea state.,Informal Site,50.24617,-127.77880,-14224271.229,6489018.323
Cook Island east,Day Use,Provincial Forest,n/a,"Rocky tombolo beaches adjacent to islet at E end of island. Gravel at high water, rough cobble, clam bed at lower water levels. A few boulders. Varying gradients. S or NE aspects. NE facing beach rougher. ",1 marginal tent site on grass at forest margin. Dense salal. Hammock opportunities.,No comments.,Day Use,50.59335,-126.54520,-14086947.004,6549675.544
Stokes Road,Launch Site,Municipal,none,"Protected low gradient beach at S entrance to False Narrows. At low water extensive flat bedrock shelves, hard pack beach with avoidable bands of boulders. Easier landing closer to trail at mid to high water. SW aspect. ",No camping permitted,"Community park at junction of Stokes Road, South Road. Former first nation camp "tlucu" Small boat hand launch site. Large parking area with unpaved road to water giving easy beach access. ",Launch Site,49.13110,-123.76605,-13777573.664,6297135.668
Langdale ferry,Ferry Service,Private,n/a,"Walk on, paddle off. Good adjacent launch beach to N. Cart recommended for walk to bus stop then take short trail to beach. Some drift logs. See Langdale for details. Public dock access closer to ferry, but fencing obstacles appear impractical for most boats.","Toilets at terminal, trailhead.",BC Ferries service to Horseshoe Bay.,Ferry Terminal,49.43318,-123.47315,-13744968.63,6348685.182
Shingle Spit,Launch Site,Regional,n/a,"Protected pebble, gravel beach. Steep/slippery concrete boat ramp with exposed surfaces/rebar and drop off at end. W aspect. Various suitable launch locations, usable at all water levels.",No camping permitted.,"S of ferry, short road leads to public day parking area for trailers but no overnight parking permitted. Turn left just before entering ferry terminal, may have to bypass ferry lineup.",Launch Site,49.51162,-124.70316,-13881892.271,6362122.719
Surge Narrows,Day Use,Provincial Park,unknown,Nook in rocky shore with mixed rocks to boulder size. Enough room for several paddlecraft. Close to narrows so strong currents likely.,Unknown but has hammock use potential.,Staging for Surge Narrows. Beach fires are banned all year round. See <a href="https://bcparks.ca/surge-narrows-park/" target="_blank" style="color:blue">Surge Narrows Provincial Park</a>.,Day Use,50.22793,-125.15833,-13932561.898,6485843.796
Naka Creek hand launch,Launch Site,Provincial Recreation Site,15,"Easy on exposed beach of gravel, pebble. N aspect. Gravel boat launch reported suited to light trailer boats.",See Naka Creek,"Road access via Eve Main, Naka Main, may have rough sections. Parking. View. Former logging camp nearby. Caretaker seasonally. No fees charged but some boaters have been asked to pay.",Launch Site,50.47784,-126.42719,-14073810.302,6529444.1
Restless Mountain,Dispersed site secondary,Provincial Park,2 - 3,"Sand, gravel beach moderate gradient with steeper gravel sections. SE aspect. W side has more protection from surf. in lee of reefs,rock outcrops.  All sand to mid water, gravel at high water.  At centre beach heavy surf possible. Scattered rocks, boulders with clear sections.  ","Undeveloped. Beach sites near forest edge, .One established tent site. No cleared upland sites. Two other sites between creeks. Sand, gravel sites may need minor leveling.","Water at seasonal streams crossing beach, Attractive. See <a href="https://bcparks.ca/lawn-point-park/" target="_blank" style="color:blue">Lawn Point Provincial Park</a>",Dispersed Site,50.32573,-127.93098,-14241211.55,6502878.81
Britannia Beach,Launch Site,Regional,n/a,Concrete boat ramp. NW aspect. Some protection from nearby large floats.,No camping permitted.,2 hr parking at ramp top in unpaved lot or longer term parking across Highway 99. Community Dock. Some services nearby. Historic copper mine site. Managed by Squamish Lillooet Regional District.,Launch Site,49.62410,-123.20752,-13715398.054,6381429.642
Pace Road,Launch Site,"Public Foreshore, Road end Right of Way",n/a,Flat bedrock launch site. E aspect. Walk moderately narrow path approx 350 m to beach. Cart recommended. Sort stairs to beach might need 2 people to lift boats.,No camping permitted.,Possible alternative to Nelson Road Community launch. No restrictive parking. Park at roadside.,Launch Site,49.10100,-123.80100,-13781464.28,6292016.39
Dent Rapids north,Day Use,Provincial Forest,3 - 5,"3 adjacent small, rough beaches of gravel, bedrock, smaller broken rocks. Strong currents. Dent Rapids begin approx. 500 m SE during flood tides, closer on ebb tides. Vessel traffic. NE aspect.  Beaches within 300 m of each other. Centre beach appears to give best upland access.","Steep vegetated bank, currently with no access trail, leads in 70 m to near-level high bench. Other semi-level sites lie to NW on steep hillside. Hammock opportunities. All sites require work (brushing, minor levelling) before usable for camping.",View. ,Day Use,50.42361,-125.24476,-13942182.462,6519963.067
Sonora Island northeast,Day Use,Provincial Forest,2 - 3,"Easy on small gravel beach, bedrock outcrops, boulders. Strong currents. Another similar but longer beach lies 650 m to NW. Vessel traffic.","Gravel beach-top sites possible at Neaps. 2 potential sites with work (need brushing, minor levelling) in steep, heavily vegetated upland. Hammock opportunities.","Good landing between rapids suggests suitable for day use to await for slack during split transits. Possible water at stream entering channel between beaches, approx 300 m NW. Florence Lake Access Road runs above site within approx. 100 m.",Day Use,50.38696,-125.17504,-13934421.49,6513562.684
Denham Bay,Emergency Pullout,Private,n/a,Beach or float dock in semi-protected bay.,"No known camping - summer fishing resort has 4 rental cabins. Open approx May - September. Managers: Peter Geneau, Sarah Askwith. Peter: 250-703-6978 or Sarah: 250-218-8538 denhamdocks@gmail.com ","For emergency use only, unless pre-booked.",Emergency Pullout,50.43273,-125.22359,-13939826.608,6521557.252
Dent Island Lodge,Emergency Pullout,Private,n/a,"Rough beaches, float docks. Vessel traffic, strong currents. Drying rapid, rocky channel adjacent to Lodge. Access possible from NW or SE sides but SE side more protected.",Resort fishing lodge open June - September. Pre-booking required for all stays. Call 250-203-2553. ,"Listed for emergency use only. For emergency use only, unless pre-booked.",Emergency Pullout,50.40792,-125.18503,-13935533.572,6517222.584
Espinosa Inlet north,Informal site primary,Provincial Forest,2 - 3,"Easy on moderately steep pebble beach. Suited to all water levels, all-weather. NW aspect offering some protection from wind, swell.","Small upland tent sites along short trail, 3-4 hammocks hangs, at S corner of beach. Potential for 3 more upland sites with minor work, plus beach sites if pebbles levelled. May be harder to access at Springs, but will be dry. ",Inactive log dump with old roads behind. Better than Espinosa Inlet site to S.,Informal Site,49.88979,-126.91743,-14128383.235,6427210.378
Abrams middle beach,Dispersed site secondary,Provincial Park,2 - 4,"Well protected narrow rocky cove ends in low gradient sand, grit beach. Pebble above. Many drift logs. 2 all-tide channels, one channel navigable only at high water. S aspect. Boomers, kelp. Vessel traffic outside.",2 tent sites at a distance SE from high water landing. Additional sites if brushed. Scramble over rocks around headland. Hammock opportunities. Beach camping potential at Neaps. Deadfall hazards.,Might be former village site. See <a href="https://bcparks.ca/vargas-island-park/" target="_blank" style="color:blue">Vargas Island Provincial Park</a>. We have created a <a href="https://www.bcmarinetrails.org/paddling-within-the-ahousaht-hahoulthee" target="_blank" style="color:blue">Vargas Island webpage</a> with additional information.,Dispersed Site,49.15131,-125.97169,-14023103.829,6300574.302
Foster Island,Day Use,Crown,none,"Beaches in rocky coves with drift logs, boulders. Best landing beach on cobble at NE side in protected cove. E aspect. Wind direction influences choices.",No known or visible tent sites. Dense vegetation on all upland. Hammock opportunities in NE cove at forest margin. ,Isolated island. Seabird nesting sites. Avoid visiting in Spring nesting season. Wildlife viewing.,Day Use,50.70534,-126.84252,-14120044.403,6569336.188
Goletas Waterfall,Informal site secondary,Provincial Forest,2 - 3,"In cove with NE aspect. Easy on moderate gradient beach of angular cobble, rocks to 200 mm, scattered boulders. Watch for larger submerged rocks at low tide, uncovered rocks are very slippery. Pebble above. Protected from all directions except NE. Lesser gradient on lower beach makes for long carry at low water. ",All-tide beach camping on pebble. Summer Springs to 5.0 m leave small beach area. Upland sites also possible with brushing. Potential for hammock use. ,"Water at year-round creek, waterfall, pool. Attractive. View.",Informal Site,50.80129,-127.63181,-14207908.098,6586219.209
Mud Bay Vargas Island,Day Use,Provincial Forest,n/a,"Very low gradient broad mud beach. SE aspect. Exposed to S, SE. Beach mostly floods. Some drift logs.",No known camping. Ahousaht requested no camping here. Rocky bluffs impede upland access.,Attractive. Stream at head of bay but might be difficult to access. See <a href="https://bcparks.ca/vargas-island-park/" target="_blank" style="color:blue">Vargas Island Provincial Park</a>. See <a href="https://www.bcmarinetrails.org/paddling-within-the-ahousaht-hahoulthee/" target="_blank" style="color:blue">Vargas Island webpage</a> with information on Ahousaht access passes. Link to the Ahousaht map showing where camping or day use allowed. ,Day Use,49.18312,-125.95035,-14020729.161,6305989.829
Elbow Bank north bay,Day Use,Crown,n/a,"Easy on very low gradient protected sand, grit beach. Pebble above. A few drift logs. Beach floods. E aspect. Vessel traffic, currents at bay entrance.",No known camping. Ahousaht FN requested no camping here. Dense salal in upland.,Attractive. See <a href="https://bcparks.ca/vargas-island-park/" target="_blank" style="color:blue">Vargas Island Provincial Park</a>. See <a href="https://www.bcmarinetrails.org/paddling-within-the-ahousaht-hahoulthee/" target="_blank" style="color:blue">Vargas Island webpage</a> with information on Ahousaht access passes.,Day Use,49.20077,-125.95314,-14021039.409,6308996.778
Vargas Island northeast,Day Use,Crown,n/a,Easy on moderate gradient pebble beaches off protected channel on either side of S point of unnamed island. Channel dries at extreme tides only. Beach floods at Springs.,No known camping. Ahousaht requested no camping here. Dense salal at upland margin.,Attractive. See <a href="http://www.env.gov.bc.ca/bcparks/explore/parkpgs/vargas_is/" target="_blank" style="color:blue">Vargas Island Provincial Park</a>. See <a href="https://www.bcmarinetrails.org/paddling-within-the-ahousaht-hahoulthee/" target="_blank" style="color:blue">Vargas Island webpage</a> with information on Ahousaht access passes.,Day Use,49.20872,-125.96198,-14022023.473,6310351.304
Mels Beach Vargas Island,Dispersed site primary,Provincial Park,10,Broad low gradient exposed sand beach. NW aspect. Expect less surf & swell or none to W where island blocks wrapping.  <br /><br />,"Dispersed beach sites except at highest Springs. At Springs, favour nearby Dick and Jane Beach. Green throne toilet.","Attractive. Some private land, cabin at N end of bay with signage. See <a href="https://bcparks.ca/vargas-island-park/" target="_blank" style="color:blue">Vargas Island Provincial Park</a>. See <a href="https://www.bcmarinetrails.org/paddling-within-the-ahousaht-hahoulthee/" target="_blank" style="color:blue">Vargas Island webpage</a> with information on Ahousaht access passes.A short access trail to Dick and Jane's Beach and at low tides makes it possible to walk to Secret Beach on the sand. From Secret Beach there is a trail that takes one all the way to Surfers and Fingers beaches. The landing at the eastern end of Mel's Beach is protected by a tombolo at low tides.",Dispersed Site,49.20880,-126.02690,-14029250.668,6310364.084
Cable Bay Qw'xwulwis,Day Use,Provincial Recreation Site,n/a,"3 similar mostly protected beaches in small bay behind rock reef, ledge. Beaches of gravel, pebble, occasional boulders, rougher at bottom. Easy at moderate or lower water levels. At high water, beach mostly floods to drift logs, sloped sandstone bedrock shores. Moderate to good protection with choice of aspects, NW, N,SE. ","Upland camping not permitted. Possible beach top sites at Neaps. Might require minor log clearing. Pebble Beach Galiano Island might offer more tidal clearance. Moderately level upland, grassy at forest margin. ","Hiking trails to McCoskrie Road (1 km), Melissa Road, Pebble Beach. Managed by Nature Trust of BC for nature preservation, day recreation area. aka Pebble Beach Nature Reserve, Great Beaver Swamp, Cable Bay Conservation Area, also mapped as Pebble Beach Recreation Site, Pebble Beach District Lot 63. Reserve - Qw'xwulwis - Cable Bay #176 Secured 2022 Managed by The Nature Trust of BC for protection of riparian, mixed Coastal Douglas-fir forest, and rocky marine shoreline.Ha 26.52 NTBC Land Manager Thomas Reid: 250-739-8458",Day Use,48.94987,-123.48719,-13746530.999,6266359.828
Taylor Beach,Launch Site,"Public Foreshore, municipal beach access",n/a,"Exposed sand, gravel beach backed by low bluff. SE aspect. Drift logs at beach top stay dry in most tides. Short walk on trail down bluff to beach.<br />",No camping permitted.,"Foot of Taylor Road. Popular with beach walkers. Small parking area for 6-8 vehicles, Additional parking at roadside. Devonian Regional Park lies 0.3 NM SW along continuous beach.",Launch Site,48.36637,-123.53215,-13751536.035,6168023.624
Taylor Cove Galiano,Day Use,"Private or Crown lease, Public Foreshore, Road end Right of Way",n/a,Easy on protected beach of angular pebble to NW of prominent cable sign. Steep ramp at cove head for equipment access.,"No camping permitted, as far as known. Grassy headland accessible up ladders on NW cove bank or by cove head to public road. SE Bank near cable sign also grassy. Site gets some recreational use.",Sticks Allison Road runs by cove head. BC Hydro substation in upland.,Day Use,48.90677,-123.36183,-13732576.433,6259057.671
Oban Bay,Day Use,Marine Provincial Park,n/a,Open beach of angular broken rocks with bedrock at sides. Moderate gradient. W aspect with little or no protection. ,Site lies on border of Prov Park so exact placement might involve more detailed survey. Sloping vegetated bank above beach appears to have dispersed camping potential for several tents plus hammocks. ,Attractive. Water at seasonal stream running through beach. Connected to extensive hiking trail network. See <a href="https://bcparks.ca/simson-park/" target="_blank" style="color:blue">Simson Provincial Park</a>,Day Use,49.47519,-123.97785,-13801150.575,6355879.913
Camp Bay South Thormanby,Day Use,Marine Provincial Park,n/a,"Challenging on beach of broken rocks, cobble with boulders below. Many drift logs. S aspect.  More protected if approached from E side of rock island. Optimal tidal level approx. 3 m.","Potential tent sites on rough sloped upland require work or platforms, brushing. Small mossy level areas on rock island. Camping possibilities higher in upland forest. Hammock opportunities.",Attractive. Water at small seasonal stream. Hiking trail connects with extensive trail network. See <a href="https://bcparks.ca/simson-park/" target="_blank" style="color:blue">Simson Provincial Park</a>,Day Use,49.46962,-123.97124,-13800414.976,6354924.348
Bare Rock Bay,Day Use,Marine Provincial Park,n/a,"Moderate gradient beach of angular broken rock to cobble size, occasional boulders. S aspect. Protected from most directions except SW, S, SE. Many drift logs. Preferred landing beach lies on W side of rocky promontory in longer small cove known as Cliff Cove. Outer bay known as Sled Bay.","Potential sites for approx. 4 tents in sloping vegetated upland above Cliff Cove. Requires work, e.g. levelling or platforms. Hammock opportunities. Damp.","Small seasonal stream through site. Year-round water at large pond at about 1.5 km. Sled Bay, Cliff Cove portions joined by inland hiking trail that connects with Simson Park trail network but no beach connection on foot. Steel logging sled relic near E beach in trail. See <a href="https://bcparks.ca/simson-park/" target="_blank" style="color:blue">Simson Provincial Park</a> ",Day Use,49.46890,-123.96510,-13799731.808,6354801.698
Alder Bay Resort,Commercial,Private,20 +,"Easy on sand, gravel beach, float or concrete ramp. NNW aspect. Protected by breakwater.","Large oceanside RV park with tent sites. Full service RV park. Tents welcome. Water, flush toilets, showers, laundry, food truck restaurant. Phone: 1-250-956-4117 Email: stay@alderbay.com","From Hwy #19 turn right onto Beaver Cove Road. Entrance 6km on left. Alder Bay RV Park & Marina, PO Box 1090 Port McNeill, BC, V0N 2R0. Double concrete boat ramp. Floats. Vehicles may be parked for $5.00/day fee.",Private or Commercial,50.55941,-126.91215,-14127796.359,6543725.056
Cole Island,Day Use,National Historic Site,n/a,Dock on W side of island with low float. Esquimalt Harbour generally protected. Vessel traffic.  If arriving by kayak or other small craft please telephone 250-363-3160.<br />There is a 100 m security zone around all Department of National Defence ships and facilities where civilian vessels are not permitted. You must maintain a distance of 200 m from naval vessels underway.,No camping permitted.,"Cole Island in Esquimalt Harbour and past the Canadian Forces Base Esquimalt (CFB Esquimalt) naval base and home port to Maritime Forces Pacific and Joint Task Force Pacific Headquarters. The remaining buildings on the island have been restored. More than 150 years ago, the remote island was chosen to house ammo because of its distance from the naval hub, and was named after Edmond Picoti Cole, master of HMS Fisgard. Eventually, there were 16 solidly built brick and metal structures on the island including a jetty and a guard house. National Historic Site by the Historic Sites and Monuments Board of Canada. The Friends of Cole Island have worked hard to restore and preserve this piece of Canadian History. See: http://coleisland.ca/",Day Use,48.45380,-123.45095,-13742496.892,6182685.79
Silu,Day Use,"Municipal, public beach",n/a,"Exposed sandstone ledges with gap pocket beach of cobble, pebble. NE aspect. Feasible in calm conditions. Land on sloped sandstone ledge at high water. Large step up required at some water levels.",No camping permitted. No fires. Level grassed areas at forest margin. 2 picnic tables. Signage. Vault toilet at parking lot.,"Silu Community Park managed by Galiano Island Parks and Recreation Commission, an agency of the Capital Regional District. Trail approx 250 m connects to Bodega Beach Drive.",Day Use,48.98800,-123.54862,-13753368.91,6272824.981
Bodega,Day Use,Provincial Park,unknown,"Easy at mid or lower water levels on small mixed beach of sand, cobble, boulder. Floods to sandstone ledge at high water, so avoid high water landing.  Drift logs. NE aspect.",Potential for beach top or upland tent sites at forest edge. Steep forested upland slopes might offer hammock opportunities only.,"Bodega Beach Road approx 200 m inland. Bodega Ridge Provincial Park 397 ha. (321 hectares upland, 76 ha. foreshore). Most of the Park is on Galiano's W shore. See: <a href="https://bcparks.ca/bodega-ridge-park/" target="_blank">Bodega Ridge Provincial Park</a>",Day Use,48.96609,-123.51903,-13750075.523,6269110.043
Bodega north,Day Use,Private upland,n/a,"At mid or lower water levels, easy on cobble, pebble beach. High water landings more difficult due to drift logs, sandstone ledges. NE aspect. Reefs offer some protection.","Appears to offer marginal beach top sites at Neaps on public foreshore. Steep, dense forest behind could yield unsanctioned sites. Approx. 400 m to Bodega Beach Road, but no trail known. ",Lies NW of Bodega Provincial Park boundary. Otherwise preferred over Park site.,Day Use,48.96835,-123.52234,-13750443.99,6269491.909
Galiano east shore,Day Use,"Private upland, public foreshore",n/a,"Beach of pebble mixed with boulders at low water. Drift logs. Beach mostly floods at high water. Protected from NW, Some protection from SE. ","Relatively level forest above short, moderately steep bank. Potential upland unsanctioned tent sites.",Lies .25 NM NW of Cable Bay.,Day Use,48.95274,-123.49307,-13747185.558,6266845.993
Artlish River south,Launch Site,Crown Tenure,5,Rough gravel ramp or beach in moderately protected inlet. NW aspect. Drive to water's edge.,Possible camping in or at margins of adjacent large gravel parking area.,Water at seasonal stream at E end of gravel lot. Site is tenured inactive log sort or dump (2022) that will likely be re-activated in future. Road condition unknown but presumed to be passable in 2022.,Launch Site,50.10258,-127.09440,-14148084.113,6464059.185
Little Bunsby north,Day Use,Provincial Ecological Reserve,n/a,Easy on sand pebble beach in small cove. Beware of reefs at low water. NW aspect.,Overgrown former unofficial tent sites in mature open forest. Shaded. Camping not permitted in Checleset Bay Ecological Reserve.,150 m across peninsula neck is Little Bunsby Beach. No known trail.,Day Use,50.10832,-127.53125,-14196713.254,6465056.133
Lasqueti Ecological Reserve north,Day Use,Provincial Ecological Reserve,n/a,"Large low gradient cobble, gravel beach. SE aspect. Many drift logs. ",Camping not permitted. Non-extractive day recreational use permitted.,Attractive. View Wildlife viewing. ,Day Use,49.45768,-124.28256,-13835071.182,6352879.104
Favada Cobble Beach,Informal site secondary,Crown,2,"Cobble, boulder beach runs at angle behind rock outcrop. Little protection from swells. Close to cliffs on N. Beach floods at Springs.","2 small upland sites, if lightly brushed. Better sites than at Favada Point south.",Marginal site overall.,Informal Site,49.73133,-124.62876,-13873609.656,6399875.944
Favada Point Cove,Informal site secondary,Crown,5 - 7,"Angular cobbles, boulders with pebbles at top on beach of S aspect. Moderately steep. Drift logs. Protected except from S. Could be hazardous in strong S wind, swell.",Grassy upland sites on headland to W. Hammock opportunities. Ruined cabin. ,Attractive. More capacity than neighbouring sites. Flagging suggests trail leading to Crescent Bay Road or to stream entering Maple Bay to N.,Informal Site,49.73421,-124.63310,-13874093.339,6400371.613
Laura Creek,Emergency Pullout,Provincial Park,5 - 7,"Low gradient exposed sand beach. Bands of rocks at lower tides. Subject to NW swell, winds, surf lacking protection.","4 tent platforms, food cache, pit toilet approximately 200 m W of creek on N Coast hiking trail. 1 or more beach sites on sand.",Water at creek. On N Coast hiking trail. Landing here is potentially hazardous.,Emergency Pullout,50.80862,-128.23910,-14275510.978,6587509.853
Welcome Bay west,Day Use,Crown,none,"Rough, steep-backed cove. Beach of boulder, cobble with gravel, drift logs at top. Appears  to flood at Springs. SE aspect.","No obvious overnight sites. Steep backed but access possible up bank. Usable at Neaps, possibly even for overnight stay.", qRD OCP notes as un-managed recreation area. Does not appear usable at high water.,Day Use,49.71096,-124.58335,-13868555.195,6396368.348
Crescent Bay Road,Launch Site,"Public Foreshore, Road end right of way",n/a,"Gravel beach in bay moderate gradient, W aspect.",No known camping.,Cresent Bay Road appears to run to shoreline for easy launch. Couple of small boats parked on grass. Overlooked by residence. Road condition unknown.,Launch Site,49.74290,-124.63234,-13874008.403,6401869.304
Spotlight Cove,Launch Site,Public Foreshore,n/a,"Sheltered narrow cove within Spotlight Cove with mud, silt, pebble beach. NE aspect. Very short carry from Spotlight Drive. ",No camping permitted.,Parking on Spotlight Drive for a few vehicles. ,Launch Site,48.97861,-123.56739,-13755459.045,6271232.568
Chesterman Beach north,Day Use,"Municipal, public beach",n/a,"Broad exposed sand beach. W aspect. Large rock reef at centre. <br />Expect surf. Swell above 1.6 m from most directions gives dumping surf, more difficult at low water. Bay ends reduce surf, in particular S end. Vessel traffic. Beware of surfers closer to beach. ","No camping permitted. Toilets, water at N end by tsunami warning tower.","Combined N, S beaches 2.7 km long. Residences. Wickaninnish Inn.Parking at Chesterman Beach N & S, with a few spots at Middle Chesterman. Roadside parking permitted on beach side where indicated.",Day Use,49.11889,-125.89359,-14014409.999,6295059.469
Chesterman Beach south,Day Use,"Municipal, public beach",n/a,"Broad sand beach. SSW aspect. Often protected in summer from winds, swells. S swell makes infrequent big wave sets. W end landing usually easier. Reef, rock at E end amplifies waves. Rip near Frank Island. Vessel traffic. Beware of surfers near beach.",No camping permitted. Toilets near E end. ,Water at toilets,Day Use,49.11251,-125.88564,-14013525.677,6293974.257
Cox Bay,Commercial,"Public Foreshore, Municipal public access",unknown,"Exposed sweeping low gradient sand beach. W aspect. Heavier, more consistent surf than nearby beaches in swells except from S.  Headland at S end offers more protection. Landing not advised in winter or in swells over 1 m. Vessel traffic. Beware of surfers.","Bookable private commercial campsites e.g. Long Beach Lodge Resort, Cox Bay Beach Resort, Pacific Sands Beach Resort.",Tidepools. Parking at public lot accessed by entrance to Long Beach Lodge Resort. Also on Maltby Road.,Private or Commercial,49.10111,-125.87374,-14012201.053,6292035.67
Arakun Islands,Day Use,Crown,n/a,"Easy on small, moderately steep pebble beach. Difficult at very low water. Extensive mudflats to E. Vessel traffic including frequent float planes.",No known camping. Frequent use by guided day groups. ,Attractive S facing sunny site. Seasonal creeks on shore to E. ,Day Use,49.17375,-125.88854,-14013848.147,6304395.097
Sharp Creek,Informal site primary,Provincial Forest,7 - 10,"Very low gradient mud flat dries to sedge bank. Easiest at high water. At lower water, prefer  approach from N.  NW aspect. Winds funnel in Lemmens Inlet. Obvious opening in forest canopy at creek exit.","Upland sites in forest clearing behind sedge directly up from landing. Camping on sedge or grass feasible at neaps. Pay attention to good sanitation, food protection - practice the Marine Trails Code of Conduct.",Water at seasonal creek running through site.,Informal Site,49.18459,-125.86376,-14011089.127,6306240.659
Radar Beach north,Day Use,National Park Reserve,n/a,"Series of pocket sand beaches. SW aspect. Reefs, submerged rocks create boomers, rips. but nay also break swell to give landing routes. Main (N) beaches moderately steep with dumping surf. Select an approach based on swell angle. ",No camping permitted.,"Attractive. Water at seasonal creeks, more frequent to S.Hiking trail descends from Radar Hill lookout accessed via HWY 4. Day parking.",Day Use,49.07575,-125.84475,-14008973.489,6287723.522
Dixon Island Barkley Sound,Day Use,Treaty Settlement Land,unknown,"Sheltered N aspect bay on sand or E facing bay on sand across narrow neck. Site is located on Huu-ay-aht Treaty Settlement Lands. Day use with permit required, see: https://huuayaht.org/services/lands-permits/",No camping. Day use with permit for Huu-ay-aht Treaty Settlement Land. See: https://huuayaht.org/camping-permit-application/ ,No comments.,Day Use,48.85317,-125.11727,-13927990.341,6249984.208
Cohoe Bay Entrance,Day Use,Provincial Forest,n/a,Prominent small sand spit at bay entrance floods at high water. ,Undeveloped. Easy upland access. Possible hammock sites. No dry beach tent sites.,Potential water source at bay head unknown distance up Cohoe Creek.,Day Use,50.90019,-127.24805,-14165188.242,6603657.267
Raynor Islands central beach,Informal site secondary,Crown,2 - 3,"Large protected low gradient sand, clam bed beach. Rock islets. Scattered boulders, bedrock outcrops. Long carry at low water. N aspect. ","2 beach top sites on grass, rocks. 1 site on flat rock outcrop. Other potential sites lack tidal clearance. Relatively easy upland access makes additional sites feasible with brushing. Hammock opportunities.",No comments.,Informal Site,50.88379,-127.22957,-14163131.058,6600762.5
Popplewell Cove,Informal site primary,Provincial Forest,4 - 6,"Moderate gradient beach of boulders, cobble, sand in semi-protected cove. Grassy upland margin. SE aspect.",Protected tent sites in level second growth forest will need dead branches removed but no significant underbrush.,"Water at year-round stream crossing beach, flowing in drought mid-July 2023. ",Informal Site,50.84845,-126.95947,-14133063.886,6594529.938
Wehlis Bay,Informal site secondary,Provincial Forest,3 - 4,"Clam bed beach with boulders, cobble at most water levels. Some sand, grassy patches. Large open bay. Drift log accumulation. SE aspect. Open to wind.","Undeveloped. Tent sites in level second growth forest on N side of bay, if dead branches moved, but little underbrush. Various grass patches lumpy or boulder-strewn. Beach sites limited by drift log mass.",Water at 2 seasonal streams crossing beach at corners.,Informal Site,50.86724,-126.92778,-14129535.726,6597844.234
Tomlinson Point north,Day Use,Provincial Forest,none,"Protected low gradient clam bed beach with sand patches in small estuary mouth. Rock outcrops. Dries at LW, mostly floods at HW. N aspect. Feasible landing also S of point, depending on swell.<br /> <br />",Potential tent sites at beach top under trees but flood in tides over 4 m. 1 flattish rock dry at all tides. Low slope upland forest sites feasible if brushed.,Possible water at estuary creek but at unknown distance to not be brackish. ,Day Use,50.90399,-127.25576,-14166046.181,6604328.734
Radar Beach south,Day Use,National Park Reserve,n/a,"Low gradient sand beach. W aspect. Outer reefs break swell,  protecting landing. Main (N) beaches moderately steep with dumping surf. S beach often surf-free. Approach varies based on swell angle, height. ",No camping permitted.,"Secluded with few visitors., unlike Radar Beach north. Report of unmaintained overland access trail.",Day Use,49.06804,-125.82836,-14007148.517,6286414.594
Nanat Bay,Day Use,unknown,unknown,"Bay with beach of mixed rocks, gravel. NW aspect.",No known camping. Other opportunities along same shore to south.,No comments.,Day Use,48.88154,-125.07241,-13922997.327,6254785.739
Riley Cove,Day Use,Provincial Forest,6 - 8,"Easy on small moderately steep beach in protected cove. Small rocks in centre beach. Scattered boulders, small flat mudflat shelf at low water. Land at all tides, most weather. NE aspect. ",Site currently best suited to day use (2024). 2 or 3 beachtop tent sites at E end between stumps. Path to 5-6 additional potential tent sites requiring levelling. Hammock opportunities. Limited space at high water.,Year-round water at cove head from lake-fed Riley Creek. Attractive. Sunny. Former cannery location. Old growth forest. ,Day Use,49.38935,-126.22500,-14051302.614,6341186.203
Doyle Islands,Day Use,Crown,none,"Small boulder, cobble beach with shelf or reef at side. Moderate gradient, steeper at sides. Protected. from most directions. NE aspect. Drift logs may impede landing at higher tides.<br />,<br />  <br />",No known camping. Beach floods at most tides. Low slope forested upland behind beach suggests possible overnight use. ,Critical location for safety pullout. Away from aquaculture. Good shelter.,Day Use,50.80925,-127.46994,-14189889.146,6587620.66
Anacla,Launch Site,Treaty Settlement Land,n/a,Gravel boat ramp on Pachena River.,No camping permitted.,Parking available at campground further S along Emchiss Way. Site reported at this location not yet independently verified. Treat data with caution. Site Condition Reports welcomed. ,Launch Site,48.80074,-125.12210,-13928528.682,6241118.019
Fishboat Bay,Day Use,Regional,none,"Beach SE aspect. Mostly large boulders, rocks at high water. with small sand area at centre beach. Mostly rock-free sand at mid - low water levels, Partly protected, but surf possible. Stairway to parking lot.",No camping permitted,"Large parking area located at end of Fishboat Road off Hwy 14. 3 ha Capital Regional District Nature Park. Information kiosk, seasonal washroom, short trail,stairway to 88 m long natural sand beach. Reasonable launch site in good conditions, but stairway reduces accessibility. ",Day Use,48.39465,-123.97373,-13800692.829,6172763.305
Gordons Beach,Day Use,"Private upland, public foreshore",n/a,Open sloping beach with mostly 15 cm+ rocks. Exposed S aspect. Expect surf with almost any wind swell. High water reaches beach top drift logs.,No known camping.,Close to Highway 14.,Day Use,48.36859,-123.83382,-13785118.231,6168395.108
Iron Mine Bay,Day Use,Regional,n/a,Somewhat protected beach. S aspect. ,No upland camping permitted.,East Sooke Regional Park. Extensive walking trails. Toilet at parking lot 20 minutes up trail from beach. Busy in summer - W start/end of Coastal Trail.,Day Use,48.33973,-123.70491,-13770767.256,6163560.383
Wittys Lagoon,Day Use,Regional,n/a,"Low gradient beach of sand, gravel, silt. SE aspect. At low tide, there is a long sandy run out including off shore sand bars. Can be wave action when windy. Lagoon, marsh lies behind beach. The lagoon can be entered but only with a higher tide and can be paddled up to Sitting Lady Falls. ",No camping permitted. Toilets. Picnic tables. Shelters.,"Road access via Metchosin Road. Attractive. Parking. 5 km of walking trails. Wildlife viewing, birding. See: <a href="https://www.crd.bc.ca/parks-recreation-culture/parks-trails/find-park-trail/wittys-lagoon" target="_blank" style="color:blue">Witty's Lagoon Regional Park</a>. 58 ha area.",Day Use,48.38374,-123.51519,-13749648.056,6170934.766
Finnerty Cove,Day Use,"Municipal, public beach, Public foreshore",n/a,Accessible at all tides with exception of no beach at very high tide. North East facing exposed sand beach. Strong NE or E winds may create large waves. ,No camping.,"Day use site only. Nice beach in small cove. A few picnic tables on bench land just above the beach. This is Island Heath's Queen Alexandra Hospital buildings and grounds. Next door is the Variety Garden Park where there are bathrooms, picnic tables and walking trails. Fresh water might be obtained from QA Hospital or the Variety Garden Park bathrooms. Pay parking in lot near hospital.",Day Use,48.47310,-123.29755,-13725420.148,6185926.339
Douglas Creek,Day Use,Municipal,n/a,A few scattered large rounded boulders in the water near the beach are the only hazards. Gravel and sand beach accessible at all tide levels. NE open exposure. Possibility of large waves with strong winds out of the E or NE. Beach is long and shallow especially at low tide.,No camping. Toilets. Playground. Picnic tables.,Day use only. This is part of the large 188 acres Mount Douglas Park (aka PKOLS). Entire park gets heavy use in the summer especially weekends. Path and steps (50m) down to the beach. Large parking lot next to public bathrooms. Fresh water available at restrooms on bench off beach. Picnic tables are available on bench. ,Day Use,48.49767,-123.33538,-13729631.698,6190052.212
Cordova Bay Park,Day Use,Municipal,n/a,"This is a small park next to a neighborhood store. Long sand with pebble, rubble mix  beach with extensive shallow run out at low tide. Park beach is water covered at extreme high tide so unusable. Exposed East facing, waves probably with strong E or NE/NS winds. ","Day use only, no camping, with picnic tables and playground on bench above beach. Bathrooms off beach.",Roadway to beach 50m. District of Saanich park. The beach is protected by large concrete blocks to lessen the impact of winter waves on bathroom building. Small parking area off road or parking across the street available. Bathrooms open in the day from May thru Oct. May be fresh water available at the store or check bathroom. Some use by locals in the summer as this is a long beach lined with homes and a good place to go for walks. ,Day Use,48.51652,-123.36579,-13733016.813,6193218.764
Hook Beach,Day Use,Public Foreshore,n/a,"Sand, pebble beach. Drift logs. Exposed SE aspect.",No camping.,Convenient rest stop along shore with few landing opportunities.,Day Use,48.89105,-123.49374,-13747260.03,6256394.36
East Redonda southeast,Day Use,Provincial Ecological Reserve,n/a,Choice of small beaches. One in protected cove. others more exposed but larger. SE aspect.,Undeveloped. Camping not permitted in Ecological Reserve., Site adequate for emergency or lunch stop.,Day Use,50.17273,-124.69718,-13881226.024,6476242.851
Browning Islands,Informal site secondary,Crown,1 - 2,Moderate gradient cobble beach in small bay. Protected from NW but exposed to E. E aspect. Drift logs make beach access more awkward at high water.,"1 potential tent site. At least 2 easy hammock sites. Lumpy, rough terrain, beach. ",No comments.,Informal Site,50.89627,-127.32970,-14174277.589,6602964.851
Cook Island south,Informal site secondary,Crown,1 - 2,"Large clam bed lies behind rocks. Cobble, boulders. SE aspect. Alternative access from low gradient clam bed on other side of neck. NW aspect.",Small bluffs areas offer possible sites. Dense salal. Hammock opportunities.,No comments.,Informal Site,50.59162,-126.54799,-14087258.142,6549371.658
Sointula,Launch Site,"Municipal, public foreshore",n/a,Gravel beach. Short carry from road.,No known camping.,"at 1 St, 15 Ave. Parking unknown. Facilities, services, ferry service close by. Many other options in area.",Launch Site,50.62833,-127.01836,-14139618.934,6555810.197
Wells Passage west,Informal site secondary,Provincial Forest,1 - 2,"Clam bed at low water. Cobble, boulder at high water. Exposed to wind from several directions. SE aspect.",Beach top sites on cobble possible at Neaps. Dense upland vegetation. Possible hammock opportunities.,Water at seasonal stream.,Informal Site,50.85526,-126.93856,-14130735.973,6595730.718
OBrien Bay north,Informal site secondary,Provincial Forest,2 - 4,"Sheltered smooth rock ledges or adjacent small cove with cobble, boulders. NE aspect.",Tent sites on grass at most tides.,Attractive. View.,Informal Site,50.85030,-126.55105,-14087598.668,6594855.594
Daedalus Peninsula,Informal site secondary,"Provincial Forest, Provincial Recreation Reserve",1 - 2,"Relatively smooth cobble, boulder, beach in double bay with additional bay across rocky neck. Moderate gradient. E aspect. Protected except from NE.","Small beach-top site good for most tides. Marked trail with rope for assistance up bank, leading to rustic bench. I upland site off trail. Potential for more sites with brushing. Hammock opprtunities.","Attractive. View. Wildlife viewing. Tex Lyon hiking trail runs nearby. Water source at head of bay immediately to S i.e. Basket Eaters Bay. Some confusion in naming, identity of sites. Official name, if any, unknown.",Informal Site,50.73475,-127.41192,-14183429.944,6574508.039
Kutcous Point,Informal site secondary,"unknown, IR",25 +,"Low gradient sand beach, steeper at top. Spit to island reef creates heavier wave, surf than elsewhere. Avoid landing at main beach in heavy swell. Alternative landing in cove to E of main beach more protected but longer carry. ",25+ sites on beach camping except during winter storms. Some scattered upland forest sites. Toilet. Bear cache.,Attractive. View. Water at river at NW corner but go far upstream for fresh water. Part of Wild Side hiking trail. ,Informal Site,49.25120,-126.09040,-14036319.122,6317592.765
Fingers,Campsite primary,Provincial Park,10,"Coves between rock fingers protect sand beaches from dominant NW winds, surf. SE aspect.",Beach sites on sand. Composting toilet. Animal-resistant food cache. Hammock opportunities. Amazing site. Obviously popular so difficult to get a good site in peak summer,Also known as Little Baja. Short trail 300 m to large beach with W aspect known as Surfers' Beach. Water at creek at centre of main bay 1.5 km. Hiking trail across S Vargas I. See <a href="http://www.env.gov.bc.ca/bcparks/explore/parkpgs/vargas_is/" target="_blank" style="color:blue">Vargas Island Provincial Park</a>. See <a href="https://www.bcmarinetrails.org/paddling-within-the-ahousaht-hahoulthee/" target="_blank" style="color:blue">Vargas Island webpage</a> with information on Ahousaht access passes.,Campsite,49.18784,-126.02641,-14029195.788,6306794.223
Cow Bay west 2,Dispersed site primary,Marine Provincial Park,10,Broad sand beach of moderately low gradient. SE aspect.,Beach sites on sand among drift logs.,"Attractive. Water sources at Cow Bay west, approx 500 m to W.",Dispersed Site,49.27322,-126.16048,-14044120.615,6321348.058
Numas Islands Big Cove ,Day Use,Provincial Forest,none,"Cobble, boulder, drift log beach in protected large rocky cove. N aspect.",No visible tent sites. ,Seabird colonies. Avoid visits during Spring nesting season. Wildlife viewing.,Day Use,50.77146,-127.10540,-14149307.96,6580967.303
Popplewell Point north,Informal site secondary,Provincial Forest,1 - 3,"Clam bed beach at low water. Sand, silt or mud, pebble. Boulders at high water. Moderate gradient. Protected from S,W. E aspect.",Beach top site at Neaps. Grassy at forest margin. Brushing likely needed. Hammock opportunities.,Attractive. Water at seasonal stream but Popplewell Cove 0.3 NM to SW more reliable source.,Informal Site,50.84989,-126.95203,-14132235.001,6594784.009
Ahous Bay south,Campsite primary,Provincial Park,unlimited,"S end of overall large bay usually more protected, may be calm. Hook at S corner gives more shelter.",Entire expansive sand beach suited to camping. Random wilderness camping allowed. Please use animal-proof food bins at N and S ends of bay. New fully enclosed outhouse 2024. Kitchen pole structure for hanging a group tarp.,Water at creek in centre bay. Attractive long sandy beach. Hiking trail across S Vargas I. See <a href="https://bcparks.ca/vargas-island-park/" target="_blank" style="color:blue">Vargas Island Provincial Park</a>. See <a href="https://www.bcmarinetrails.org/paddling-within-the-ahousaht-hahoulthee/" target="_blank" style="color:blue">Vargas Island webpage</a> with information on Ahousaht access passes. Link to the Ahousaht map showing where camping or day use allowed. ,Campsite,49.16618,-126.01258,-14027655.905,6303105.167
Sansum Point West Closure,Closed Site,Regional,n/a,No landing,""This site is currently closed. Site closures may occur for a variety of reasons, including environmental protection, weather-related damage, safety concerns, or directives from First Nations. BC Marine Trails will update this site’s status as new information becomes available. We appreciate your understanding and cooperation in helping preserve these areas for future generations."",No authorized access to this culturally sensitive site. Cowichan Valley Regional District is engaged in a Management Plan process in collaboration with Cowichan Tribes for a management and access strategy for Stone Hill Regional Park.,Closed,48.78023,-123.56140,-13754791.896,6237652.591
Irvines Landing,Launch Site,"Municipal, public foreshore",n/a,Sheltered gravel beach accessible on short trail from road. Substantial public dock lacks floats.,No known camping.,Parking for 6 vehicles. No posted restrictions. Pender Harbour Ocean Discovery site adjacent with private dock.,Launch Site,49.63200,-124.05755,-13810023.184,6382786.448
Sydney Inlet Entrance,Day Use,Provincial Park,6 - 8,"2 moderate gradient sand beaches in cove with rock outcrop between. Protected from SW. Land on either side of rock. At high water, may land at lagoon entrance behind rock. W aspect.",Beach sites on sand for emergency camping. Designated camping at Halfmoon bay to the north.,Attractive. Lagoon. Used by outfitter at one time. Marine debris collected for future pickup on S shore.,Day Use,49.34341,-126.23226,-14052110.905,6333333.047
Dewinetz Trail,Day Use,Municipal public access,n/a,"Moderate gradient pocket pebble beach at low water. Sandstone bedrock sloped ledges at most water levels. SE aspect largely protected by extensive rock reefs to N, NE. Prominent signage.",No camping permitted.,Trail 450 m through open forest from parking area on Bodega Beach Drive. Space for 20 vehicles. Portable toilet at parking area. Galiano Shore Access #50. Private land on either side of trail.,Day Use,48.95875,-123.50747,-13748788.67,6267865.537
Georgeson Bay,Day Use,Municipal public access,n/a,"Sand, pebble beach moderate gradient. Floods at high water. E aspect. Strong currents, frequent large vessel traffic.",No camping permitted.,"Attractive. View. Wildlife viewing. 100 m public beach access trail from Active Pass Road. Steps, steep parts. Access to hiking trails at Mt Galiano & Collinson Parks.",Day Use,48.86550,-123.34996,-13731254.514,6252070.804
Bellhouse Bay,Day Use,Municipal public access,n/a,"Protected low gradient sand, pebble beach. SE aspect. Strong currents. Frequent large vessel traffic.",No camping permitted. ,Attractive. Municipal beach access trail 125 m to Farmhouse Road. Parking for 1 or 2 vehicles. Potential launch site on level trail. Steps at beach. Galiiano Shore Access #10 "Scorpion Point".,Day Use,48.87144,-123.31468,-13727327.83,6253075.2
Cain Beach,Launch Site,Municipal public access,n/a,"Sand beach with bedrock fingers, outcrops. Moderate protection except from E. Short near-level 20 m trail to road.",No camping permitted.,Attractive. View. Municipal beach access trail at Cain Road. Parking for approx. 6 vehicles.,Launch Site,48.88507,-123.32183,-13728122.763,6255382.461
Chetarpe,Commercial,IR,15 +,"Low gradient sand beach, usable at all water levels. Small surf possible. Point at S offers protection. Beach generally floods. Marine traffic hazards. Hazards off Chetarpe Point in S approach to beach.","Tent sites at 2 current (2024) clearings under willow trees. Some potential for hammocks, but most trees small. ",Attractive. Sunny. Water at seasonal stream.,Private or Commercial,49.24516,-126.00911,-14027270.406,6316563.102
Ross Passage,Day Use,Provincial Forest,n/a,"Low gradient protected clam bed, mixed rocks, some sand. Small boulders at low water. At tides above mid level, more W approach saves a carry. S aspect. Shelter from outer island. Safe for all weather, tides.","Currently beach tent sites at Neaps only. Potential for further 3-4 tent sites with brushing, levelling. Emergency camping location on the paddling route to Muxsia Hot Springs at Nismaakqin (Maquinna Park). ",Water at seasonal stream requiring boat access at higher tides. Aquaculture nearby. ,Day Use,49.33496,-126.04723,-14031513.014,6331889.231
Atleo River ,Informal site primary,Provincial Forest,4 - 6,"Easy on gravel beach. W aspect. Protected from S, open to N. Vessel traffic. Frequent high afternoon winds.",4-5 tent sites in W-facing open forest clearings. Rustic site requiring more site levelling work. 2-3 additional beach tent sites to N. MHSS Stewardship Fee (Ahousaht First Nation) required to camp.,Attractive. Year-round water at Atleo R approx. 600 m to S.. On paddling route to Mux̣šiƛa Hot Springs at Nism̓aakqin. Refer to FN Info box for payment of stewardship fee. ,Informal Site,49.37493,-126.06012,-14032948.702,6338720.628
Howcraft Point south,Day Use,Provincial Forest,n/a,"Mixed low gradient beach of sand at low water, with cobble, scattered boulders at mid water or above, with many drift logs at top. SE aspect. Sheltered from NW.","No beach tent sites appear dry at all tides. Low slope upland but access would not be easy. Some potential for upland sites, hammock use.",Marginal.,Day Use,50.84185,-127.08335,-14146853.699,6593365.824
Azure Road,Day Use,Municipal public access,n/a,"Small pebble, gravel beach. SW aspect. 80 m steep trail joins to Ganner Drive.",No camping permitted.,Attractive. Potential launch site. Stone steps to beach. Limited roadside parking at Ganner Drive. Public Galiano Shore Access #27. AKA Serenity Lane on some maps.,Day Use,48.92298,-123.45557,-13743011.522,6261802.293
Consiglio Trail,Day Use,Municipal public access,n/a,Sandstone bedrock sloped ledges with pocket beaches. Exposed NE aspect. Prominent signage.,No camping permitted.,Approx. 450 m trail to Bodega Beach Drive. Parking for several vehicles. Public Galiano Shore Access #49.,Day Use,48.97879,-123.53502,-13751855.521,6271263.267
Shaws Landing,Launch Site,Municipal public access,n/a,"Sheltered cove of pebbles, sand, bedrock ribs. Steps to beach.",No camping permitted.,Located opposite 19210 Porlier Pass Road. Short access trail. Parking for approx. 2 vehicles. Galiano Shore Access #34.,Launch Site,48.99080,-123.57960,-13756818.59,6273301
Clam Beach,Day Use,Crown,n/a,"Easy on beach of shell, small boulders, with low gradient at low water. Easier at N end. ",1 possible small tent site for emergency use (2024). Marginal site. Please pay voluntary stewardship fee to recreate in Ahousaht traditional territory. ,Water at seasonal stream. Part of paddling route to Mux̣šiƛa Hot Springs at Nism̓aakqin. ,Day Use,49.38382,-126.10230,-14037644.158,6340240.345
Deserters Islet,Informal site secondary,Crown Conservancy,1 - 2,"Protected beach of bedrock, small boulders in channel between islands. All-tide. S aspect.","Walk across rocks to small grass patch for 1-2 small tents. Sheltered except from S. Short carry. Small, easily used site.",Lift boats up rocks to store ashore. See <a href="https://bcparks.ca/mahpahkum-ahkwuna-deserters-walker-conservancy/" target="_blank" style="color:blue">Mahpahkum-Ahkwuna/Deserters-Walker Conservancy</a>.,Dispersed Site,50.88361,-127.48606,-14191683.282,6600731.445
Deserters Meadow,Dispersed site primary,Crown Conservancy,6 - 8,"In protected cove, low gradient sand, mud clam bed beach. Scattered boulders. Gravel at high water. NW aspect. Much rougher alternative landing on E (outer) shore.","5 or more tent sites in small meadow. Short trail up bank from beach via awkward step. Small gravel beach top sites for additional 3 tents, dry at 4.5 m tides but marginal at 4.8 m. Ensure to minimize your impact on sensitive wildflowers. ",View. See <a href="https://bcparks.ca/mahpahkum-ahkwuna-deserters-walker-conservancy/" target="_blank" style="color:blue">Mahpahkum-Ahkwuna/Deserters-Walker Conservancy</a>.,Dispersed Site,50.88464,-127.47533,-14190488.268,6600912.657
Tomlinson Point south,Informal site secondary,Provincial Forest,5 - 7,"Large low gradient sandy clam bed beach. Steeper at beach top. More rocky at sides. Exposed to SW but mostly protected from NW, SE. Some upper beach remains dry at Neaps, but Springs might flood it entirely. Long carry at low water.<br />",Up to 10 beach top sites under trees on sand appear to be dry most tides. Easy upland access to approx. 3 additional small tent sites requiring brushing. Hammock opportunities.,No comments.,Informal Site,50.90351,-127.25234,-14165665.802,6604242.768
Raynor North inside,Day Use,Provincial Forest,n/a,"Cobble, pebble beach in small rocky cove mostly floods. Moderate gradient. SW aspect but protected behind island.","Easy upland access. 1 dry site on grass but too lumpy to use unless some rocks moved, site levelled.",Possible stream but not verified.,Day Use,50.89275,-127.23100,-14163290.133,6602344.145
Triple Bay,Day Use,Provincial Forest,1,"E bay in group of 3 rough but protected bays. Beach of relatively smooth cobble, small boulders. Moderate gradient, steeper on 1 side. Drift logs. SW aspect.<br />",No obvious beach tent sites. 1 site possible atop rock. Level forest behind beach with reasonable access for possible upland tent or hammock sites if brushed.,Seasonal stream with good water flow July 2024. Upland of W'most bay of the 3 bays is private.,Day Use,50.87519,-127.16495,-14155937.369,6599245.726
Jeannette Islands,Day Use,Crown tenure - Section 17 designated use area,none,"Enter sheltered cleft in bedrock, Log-choked at head. Very small rocky beach. <br />","Steep rock slope, heather bank leads by scramble to exposed heather ridge. Stunted trees on top. Maybe could camp 2+ tents with brushing. ","View, Attractive,",Day Use,50.92130,-127.41263,-14183508.647,6607384.746
Staples Island northwest,Informal site secondary,Crown Conservancy,1 - 3,"Protected low gradient clam bed beach. Mud at low water, boulders, cobble at mid, higher water levels. Visible grass mostly floods. Long carry at low water. Old boat run visible at mid, high water. N aspect.<br />","1 tent site on gravel beach top clear of tidal challenges, 2 possible additional sites upland w much brushing of vegetation.",See <a href="https://bcparks.ca/mahpahkum-ahkwuna-deserters-walker-conservancy/" target="_blank" style="color:blue">Mahpahkum-Ahkwuna/Deserters-Walker Conservancy</a>.,Dispersed Site,50.89539,-127.52860,-14196418.368,6602810.597
Shelter Passage Islet,Informal site secondary,Crown Conservancy,1 - 2,Low gradient beaches in moderately protected bay. Bedrock outcrops. Few drift logs. NW aspect.<br />,Possible 1 tent site on flat rock with marginal tidal clearance. Upland access moderately easy. Additional 1 upland site with much brushing.,Short carry if flat rock is used.,Dispersed Site,50.87750,-127.49139,-14192276.393,6599652.724
Wishart Island west,Informal site secondary,Crown Conservancy,1 - 2,"Easy in sheltered cove on very low gradient large clam bed, gravel beaches with scattered boulders. Beaches mostly flood. Few drift logs. Long carry at low water.",1 site on grass under cedar. 1 potential gravel beach top site at Neaps. Upland potential. Easy upland access for additional tent or hammock use with brushing. ,Fish farm bunkhouse clearly visible. See <a href="https://bcparks.ca/mahpahkum-ahkwuna-deserters-walker-conservancy/" target="_blank" style="color:blue">Mahpahkum-Ahkwuna/Deserters-Walker Conservancy</a>.,Dispersed Site,50.87597,-127.48463,-14191524.207,6599384.213
Robertson inside,Day Use,Provincial Forest,none,"Cobble, boulder beach at head of bay facing island. Big stumps washed ashore. NW aspect. Partly but not completely protected from NW by island. ",No visible beach sites. Upland accessible so hammock use or brushing of tent sites feasible. ,Better sites exist in area.,Day Use,50.92712,-127.40269,-14182402.911,6608412.029
Marsh Bay Head,Day Use,Provincial Forest,none,"Moderate gradient beach of cobble, rounded boulders. Drift logs. Protected except from SE. SE aspect.<br />",No sites seen at beach top. Access to low slope upland feasible for possible hammock or tent sites with brushing.,Closer checking might yield better sites nearby.,Day Use,50.92834,-127.36592,-14178309.804,6608628.38
Petes Bay,Campsite secondary,Provincial Recreation Site,4 - 6,"Broad shingle, pebble beach of moderate gradient. SW aspect. Exposed to NW.","Grass areas adjacent to intact (2024) unoccupied furnished house. Much debris, materials near house. Adjacent grassy areas for tents.",House in Rec Site apparently used by locals.,Campsite,49.55508,-124.28497,-13835339.796,6369576.433
Furry Creek Beach,Day Use,Regional,n/a,"Easy on any of 3 moderate all-tide gradient gravel, sand beaches. Drift logs. W or SW aspects.",No camping permitted. 2 composting toilets. Extensive beach areas connected by trails. Not suited to launching boats from vehicles due to distance from trailhead.,"Signed public parking across railway tracks via bridge or near Olivers Landing. condominium complex. Walking trails. Regional Recreation Site adjacent to private golf course, private community, with public trail access. View. Popular for picnics, swimming. Managed by Squamish Lillooet Regional District.",Day Use,49.57980,-123.22778,-13717654.055,6373820.477
Pages Resort,Commercial,Private,8,Two options: 1. Kayak docking area on the south side of our marina with a lowered launching area and storage both on racks or on the docks.  2. There are campsites right on the water overlooking the bay.  Kayaks can be pulled right up on the shore at these sights.,Page's Resort has 8 sites within 100 metres and they also have wheelbarrows to make it easier for these and the other 8 sites that are a little farther away. ,"They are open year-round and have washrooms with showers, a BBQ area, and a grocery and liquor store on site. Book your camping spot on the <a href="https://www.pagesresort.com/campground" target="_blank" style="color:blue">Page's Resort.</a>. Or email the resort at info@pagesresort.com or phone 250-247-8931. Their address is: 3350 Coast Road, Gabriola Island ",Private or Commercial,49.14817,-123.69683,-13769868.462,6300039.732
Muchalaht Marina ,Launch Site,First Nation,n/a,Protected concrete double ramp. ,No camping.,Fees (2021) $10 kayak launch. Parking inside fence $15/day. Pay at small building near launch. ,Launch Site,49.68271,-126.11857,-14039454.992,6391507.052
Surfside Drive West Beach Access,Launch Site,unknown,n/a,Beach access.,No camping.,Parking to be checked out.,Launch Site,49.36751,-124.49161,-13858342.633,6337451.787
Bear Cove Ferry Terminal,Ferry Service,Private,n/a,No paddlecraft launch at site. See adjacent Bear Cove Kayak Launch site.,No camping.,"BC Ferries service to McLoughlin Bay, Klemtu, Prince Rupert. Overnight parking available. Can roll or carry boat onto ferry or to load and strap it onto their kayak trailer. Gear can be put into baggage carts for retrieval at destination. Be sure to check destination signage on carts! ",Ferry Terminal,50.72550,-127.45612,-14188350.377,6572880.738
Soames Road,Day Use,Municipal,n/a,"Smooth sand beach, some pebble, shingle. Floods to drift logs at high water. S aspect. Access to road via 100 m gravel path.",No camping permitted.,"Soames Road off Marine Drive. Parking for 10 vehicles, no posted restrictions. Sunshine Coast Regional District official beach access.",Day Use,49.41549,-123.48839,-13746664.694,6345657.683
Alder Park,Launch Site,Municipal,n/a,"All-tide, all weather sheltered 3 m wide ramp at end of 2m wide gravel path at N of small park. Low gradient gravel, small cobble substrate. Easily avoided boulders near ramp. Vessel traffic in harbour.<br /><br />4. Coordinates<br />48.93859, -125.53810<br />","No camping permitted. Grassed day use area. Bench, 2 picnic tables. Waste bin.",Attractive. View. Located at Alder St and Eber Road. Adjacent day parking for 5-6 vehicles. No overnight parking. Closest town hand launch to open ocean. District of Ucluelet municipal park. ,Launch Site,48.93879,-125.53833,-13974862.971,6264481.712
Porpoise Bay Wharf,Launch Site,Public Harbour,n/a,"Concrete ramp in sheltered inlet next to floats, large public wharf.  Posted ramp fee of $5 (2017) exempts paddlecraft. Alternate undeveloped landing just to W has high step.",No camping.,"Water at tap. View. Many amenities, accommodation, pub, restaurant, marina nearby. Float plane air service. Unlimited free day parking, $10 per night (2017) 3 day limit. Kayak, cabin rentals adjacent immediately to W. N terminus of 1 km portage route from Trail Bay.",Launch Site,49.48205,-123.75785,-13776661.3,6357055.384
