{
"type": "FeatureCollection",
"name": "BCMT Sites Filtered",
"crs": { "type": "name", "properties": { "name": "urn:ogc:def:crs:OGC:1.3:CRS84" } },
"features": [
{ "type": "Feature", "properties": { "Title": "Solitary Mountain", "Description": "Campsite primary", "Land Tenure": "Provincial Recreation Site", "Tent Sites": "8", "Landing Comments": "Easy, on low gradient beach of gravel, cobble, some boulders. NW aspect. Some weather protection. East bank of creek.", "Camp Comments": "Upland sheltered cleared sites in open forest. Potential for many tents. Hammock opportunities. Other options along same shore.", "Other Comments": "Water at year-round creek. View. Staging for tidal rapids.", "Layer Title": "Campsite", "Latitude": 50.42765, "Longitude": -125.6131, "x": -13983186.708000001, "y": 6520669.133 }, "geometry": { "type": "Point", "coordinates": [ -125.6131, 50.42765 ] } },
{ "type": "Feature", "properties": { "Title": "South Curme Island", "Description": "Campsite secondary", "Land Tenure": "Marine Provincial Park", "Tent Sites": "8", "Landing Comments": "Moderate on rock ledges or rough beaches in N or S coves which join at high water, splitting island.", "Camp Comments": "8 wooden tent platforms. Vault toilet. Picnic area. No fires permitted. Camping fees apply 1 June to 15 September. Either pre-pay permit via Internet or at Lund or Okeover launch sites, but no reservable sites. Camp only at designated sites. Numerous drought-killed trees reported 2023.", "Other Comments": "Views. In Spring avoid bird nesting area on SW end. See <a href=\"https://bcparks.ca/desolation-sound-marine-park/\" target=\"_blank\" style=\"color:blue\">Desolation Sound Marine Provincial Park</a>Park Operator: 1312768 BC Ltd email DesolationSound.Camping@outlook.com", "Layer Title": "Campsite", "Latitude": 50.114, "Longitude": -124.7425, "x": -13886271.825, "y": 6466041.517 }, "geometry": { "type": "Point", "coordinates": [ -124.7425, 50.114 ] } },
{ "type": "Feature", "properties": { "Title": "Raynor Islands Central Cove", "Description": "Informal site secondary", "Land Tenure": "Provincial Forest", "Tent Sites": "3 - 4", "Landing Comments": "High water landing awkward over stacked drift logs at head of protected narrow cove. E aspect.", "Camp Comments": "3-4 tent sites on damp lumpy grass. Easy upland access for further sites if brushed. Likely potential for 2 or more sites. Hammock opportunities.", "Other Comments": "Marginal site.", "Layer Title": "Informal Site", "Latitude": 50.88073, "Longitude": -127.22833, "x": -14162992.498, "y": 6600223.49 }, "geometry": { "type": "Point", "coordinates": [ -127.22833, 50.88073 ] } },
{ "type": "Feature", "properties": { "Title": "Cluxewe", "Description": "Commercial", "Land Tenure": "IR", "Tent Sites": "15 +", "Landing Comments": "Easy on exposed gravel beach. N aspect. Protected optional landing in estuary near boat launch might require mid or higher water levels.", "Camp Comments": "Developed commercial resort, RV site. Picnic tables. Toilets.", "Other Comments": "Water at tap. Boat launch in protected estuary. View. For details, see <a href=https://cluxeweresort.com/ target=_blank style=color:blue>Cluxewe Resort</a>.", "Layer Title": "Private or Commercial", "Latitude": 50.61382, "Longitude": -127.17647, "x": -14157219.514, "y": 6553264.581 }, "geometry": { "type": "Point", "coordinates": [ -127.17647, 50.61382 ] } },
{ "type": "Feature", "properties": { "Title": "Pig Ranch central", "Description": "Informal site secondary", "Land Tenure": "Crown Conservancy", "Tent Sites": "1 - 2", "Landing Comments": "Easy on cobble, pebble beach. Second bay from N. Drift logs.", "Camp Comments": "Tent sites in open sloped second growth forest. In 2023 only 1-2 tent sites seen. Possibly 6-8 sites if brushed lightly. Former commercial site, but platforms, structures decayed. Drift logs prevent beach camping,", "Other Comments": "Views. Log debris. See <a href=\"https://bcparks.ca/qwiquallaaq-boat-bay-conservancy/\" target=\"_blank\" style=\"color:blue\">Qwiquallaaq/Boat Bay Conservancy</a>.", "Layer Title": "Dispersed Site", "Latitude": 50.52973, "Longitude": -126.60867, "x": -14094012.307, "y": 6538526.805 }, "geometry": { "type": "Point", "coordinates": [ -126.60867, 50.52973 ] } },
{ "type": "Feature", "properties": { "Title": "Edith Point east", "Description": "Informal site primary", "Land Tenure": "Provincial Forest", "Tent Sites": "5 - 7", "Landing Comments": "Easy on low gradient beach of silt or firm mud, gravel, pebble, cobble, occasional boulders. Long but easy 50 m carry at low water. SE aspect. Protected from prevailing wind, swell. Currents.", "Camp Comments": "Undeveloped. Approx 50 m E of stream path leads into to forest clearing for 3 or more tents. Various other sites near centre bay among large conifers or alders without clearings. Another site lies by shore under large cedar just W of shoal projecting into bay. Inactive log dump nearby could yield additional sites.", "Other Comments": "Water at stream. Attractive. Staging area for Edith Pt.", "Layer Title": "Informal Site", "Latitude": 50.37503, "Longitude": -125.53462, "x": -13974449.641000001, "y": 6511480.068 }, "geometry": { "type": "Point", "coordinates": [ -125.53462, 50.37503 ] } },
{ "type": "Feature", "properties": { "Title": "Hardinge Island", "Description": "Informal site primary", "Land Tenure": "Crown Conservancy", "Tent Sites": "4", "Landing Comments": "Easy on pebble, gravel beach at high water, much cobble, some boulders at low water. SW side of island. Exposed W aspect.", "Camp Comments": "Undeveloped. Campsites in open forest behind the large rock at centre beach. Potential for several more sites. Hammock opportunities. ** Hazardous trees observed at here June 2020 - until situation has been remedied camping is recommended higher up slope where deadfall is less likely .**", "Other Comments": "Wild Coast Atlas shows site in incorrect location. Sheltered anchorages at various locations. Cetan Thurston Bay Conservancy. See: <a href=\"http://bcparks.ca/explore/cnsrvncy/cetan-thurston_bay/\" target=\"_blank\" style=\"color:blue\">Cetan Thurston Bay Conservancy</a>.", "Layer Title": "Dispersed Site", "Latitude": 50.35565, "Longitude": -125.35798, "x": -13954786.868000001, "y": 6508097.5 }, "geometry": { "type": "Point", "coordinates": [ -125.35798, 50.35565 ] } },
{ "type": "Feature", "properties": { "Title": "Walkem Bay south", "Description": "Informal site primary", "Land Tenure": "Provincial Forest", "Tent Sites": "8", "Landing Comments": "Easy on low gradient gravel, pebble beach. sand patches. Rougher at sides, top with cobbles, occasional boulders. Exposed to W but outer bay moderately protected.", "Camp Comments": "Easy access to dark open forest with several level areas. Undeveloped. Some brushing, levelling needed.", "Other Comments": "Water at seasonal creek. Aka East Thurlow Island south.", "Layer Title": "Informal Site", "Latitude": 50.35523, "Longitude": -125.48858, "x": -13969324.826, "y": 6508023.924 }, "geometry": { "type": "Point", "coordinates": [ -125.48858, 50.35523 ] } },
{ "type": "Feature", "properties": { "Title": "Greenway Sound", "Description": "Campsite primary", "Land Tenure": "Provincial Recreation Site", "Tent Sites": "4", "Landing Comments": "Moderately difficult on rough rock boulder beach with boat run for low, mid water levels. Well protected. Prominent sign. Float, dock in disrepair, hazardous but not close to camping area, so not recommended.", "Camp Comments": "Clear level grass areas upland. Pit toilet near dock. Picnic tables. Log book box needs repair, no book present 2023. Raised boardwalk hazardous due to rotting boards. Location also given as N50D 50.21M W126D 46.299M", "Other Comments": "Attractive. Water at year-round creek. Hiking trail leads to lake 45 min, further lake 30 min more.", "Layer Title": "Campsite", "Latitude": 50.83583, "Longitude": -126.77247, "x": -14112246.44, "y": 6592305.748 }, "geometry": { "type": "Point", "coordinates": [ -126.77247, 50.83583 ] } },
{ "type": "Feature", "properties": { "Title": "Care Island", "Description": "Informal site secondary", "Land Tenure": "Provincial Forest", "Tent Sites": "4", "Landing Comments": "Rough beaches to N and S of rocky promontory.  Boulders, moderate gradient at high water, clam bed lower gradient with occasional boulders. S side steeper.", "Camp Comments": "Undeveloped. Rough tent sites in second growth forest or possible bluff sites. Hammock opportunities.", "Other Comments": "No comments.", "Layer Title": "Informal Site", "Latitude": 50.58524, "Longitude": -126.51898, "x": -14084028.541, "y": 6548252.303 }, "geometry": { "type": "Point", "coordinates": [ -126.51898, 50.58524 ] } },
{ "type": "Feature", "properties": { "Title": "Fisherman Bay", "Description": "Dispersed site secondary", "Land Tenure": "Provincial Park", "Tent Sites": "unknown", "Landing Comments": "Relatively easy landing on smooth pebble beach in partly protected cove. N aspect. Approach via centre bay through kelp. At very low water, W part of beach dries to boulders. Mostly sand bottom in centre of cove.", "Camp Comments": "Large area of level berm with beach grass 40 m E of centre beach. Also upland site under deciduous tree W of small peninsula i.e further E. Dispersed camping permitted. Fire pit, camp furniture. Camping fees apply 1 May to 30 September. Either pre-pay permit via Internet or at San Josef Bay trailhead, but no reservable sites.", "Other Comments": "Rough hiking trail across peninsula to Nissen Bight. See: <a href=\"https://bcparks.ca/raft-cove-park/\" target=\"_blank\" style=\"color:blue\">Cape Scott Provincial Park</a>", "Layer Title": "Dispersed Site", "Latitude": 50.79442, "Longitude": -128.31214, "x": -14283642.177, "y": 6585008.387 }, "geometry": { "type": "Point", "coordinates": [ -128.31214, 50.79442 ] } },
{ "type": "Feature", "properties": { "Title": "Lemon Cove", "Description": "Informal site primary", "Land Tenure": "Provincial Forest", "Tent Sites": "4 - 6", "Landing Comments": "Easy on 20 m long mixed rock, gravel all-tide beach, cobbles below, scattered boulders in semi-protected cove, Open to W. W aspect. Moderately low gradient so dries far. Enter cove from W except at high water when passages between islands open. Beach mostly floods.", "Camp Comments": "Large site in open mossy woods for several tents 20 m along trail from beach on NW bank of creek. Hammock opportunities. Additional sites could be brushed.", "Other Comments": "Water at seasonal creek. Logging relics, remains of cord road.", "Layer Title": "Informal Site", "Latitude": 50.86248, "Longitude": -127.7754, "x": -14223891.907, "y": 6597003.983 }, "geometry": { "type": "Point", "coordinates": [ -127.7754, 50.86248 ] } },
{ "type": "Feature", "properties": { "Title": "Cranberry Islet", "Description": "Informal site secondary", "Land Tenure": "Crown", "Tent Sites": "1 - 2", "Landing Comments": "Islet between Hull, Mistake Islands. Rocky beach or rock shelves at E end of islet. Strong winds can make landing difficult on SW side. Boat lining easy at either end of islet.", "Camp Comments": "Pine covered islet has flat top covered with low salal. Very small flat area half way along SW side above steep shore.", "Other Comments": "Attractive. View.", "Layer Title": "Informal Site", "Latitude": 50.54417, "Longitude": -126.20617, "x": -14049206.212, "y": 6541054.76 }, "geometry": { "type": "Point", "coordinates": [ -126.20617, 50.54417 ] } },
{ "type": "Feature", "properties": { "Title": "Boughey Bay entrance", "Description": "Informal site secondary", "Land Tenure": "Provincial Forest", "Tent Sites": "1", "Landing Comments": "Steep angular cobble beach at bight on E shore N of entrance to bay. W aspect.", "Camp Comments": "Right (S) of highest rivulet of creek entering beach up behind grove of cedars is small open flat area with easy access.", "Other Comments": "Water at seasonal creek, flowing during mid-July 2023 drought. Industrial road behind site.", "Layer Title": "Informal Site", "Latitude": 50.54285, "Longitude": -126.1861, "x": -14046971.841, "y": 6540824.814 }, "geometry": { "type": "Point", "coordinates": [ -126.1861, 50.54285 ] } },
{ "type": "Feature", "properties": { "Title": "Patrician Cove", "Description": "Informal site secondary", "Land Tenure": "Provincial Forest", "Tent Sites": "1 - 3", "Landing Comments": "Rock reef split cove with tombolo joining ashore. Broad beach of pebble, sand on either side of tombolo. E aspect. Well-protected from N, W.", "Camp Comments": "Beach camping on gravel or take trails 40 m into forest leading to upland camp area that will require brushing.", "Other Comments": "Attractive. View. Water at seasonal creek at W end of cove. Rough Tex Lyon hiking trail runs by site. Anchorage. Site appears to be just outside S boundary of Hardy Bay Recreation Reserve.", "Layer Title": "Informal Site", "Latitude": 50.726, "Longitude": -127.41717, "x": -14184014.115, "y": 6572968.664 }, "geometry": { "type": "Point", "coordinates": [ -127.41717, 50.726 ] } },
{ "type": "Feature", "properties": { "Title": "Masterman Islands", "Description": "Informal site secondary", "Land Tenure": "Crown", "Tent Sites": "2 - 3", "Landing Comments": "Sand, pebble, shell beach with scattered boulders in protected cove on S side. Kelp. Landing easier at mid or high water. Landing at low water is difficult on seaweed-covered boulders. S aspect.", "Camp Comments": "White shell berm may be levelled for small beach top site. Small upland bare patch for 2 tents approx 3 m above high water. Dense vegetation.", "Other Comments": "Attractive but rugged. Nature viewing. Bird colonies. Best avoided in Spring nesting season.", "Layer Title": "Informal Site", "Latitude": 50.75755, "Longitude": -127.42554, "x": -14184945.692, "y": 6578518.468 }, "geometry": { "type": "Point", "coordinates": [ -127.42554, 50.75755 ] } },
{ "type": "Feature", "properties": { "Title": "Attwood Bay inner north", "Description": "Informal site secondary", "Land Tenure": "Provincial Forest", "Tent Sites": "1", "Landing Comments": "15% grade, 75 mm sharp rocks, gravel. Inner bay very sheltered. S aspect. Awkward boomsticks might be tethered on beach (2015). . Private float at shore (2022).", "Camp Comments": "One clear all-weather site. Several more potential sites at upland margin. Ground lumpy possibly due to logging debris. Because so sheltered, might be buggy, dark", "Other Comments": "No apparent foreshore tenure in this part of inner bay except private float likely related to saltwater recreational fishing commercial permit (2022). Anchorage.", "Layer Title": "Informal Site", "Latitude": 50.31745, "Longitude": -124.66737, "x": -13877907.78, "y": 6501435.18 }, "geometry": { "type": "Point", "coordinates": [ -124.66737, 50.31745 ] } },
{ "type": "Feature", "properties": { "Title": "Toba Inlet Entrance", "Description": "Informal site secondary", "Land Tenure": "Provincial Forest", "Tent Sites": "2", "Landing Comments": "15%-20% grade, pea gravel up to 50-70 mm round gravel. Sheltered from inflow winds.", "Camp Comments": "Sites at upland margin behind drift logs. Open forest might yield more sites with minor brushing. 2022 party unable to find upland sites so used marginal gravel beach sites with little high water clearance at Neaps. Beach sites likely flood at Springs.", "Other Comments": "Water at creek to N. Shaded after mid-afternoon.", "Layer Title": "Informal Site", "Latitude": 50.35133, "Longitude": -124.74652, "x": -13886719.341, "y": 6507343.552 }, "geometry": { "type": "Point", "coordinates": [ -124.74652, 50.35133 ] } },
{ "type": "Feature", "properties": { "Title": "Bend Island", "Description": "Informal site secondary", "Land Tenure": "Provincial Forest", "Tent Sites": "3 - 4", "Landing Comments": "Smooth firm clam bed mud beach with scattered cobble, boulders. Suited to all water levels.", "Camp Comments": "Sites in forest. Lumpy terrain. Hammock opportunities.", "Other Comments": "Attractive. View.", "Layer Title": "Informal Site", "Latitude": 50.5754, "Longitude": -126.43827, "x": -14075043.299000001, "y": 6546528.084 }, "geometry": { "type": "Point", "coordinates": [ -126.43827, 50.5754 ] } },
{ "type": "Feature", "properties": { "Title": "Tribune Bay Campground", "Description": "Commercial", "Land Tenure": "Private", "Tent Sites": "100 +", "Landing Comments": "Easy on expansive sand beach 450 m to SE. S aspect. Campsite on beach access road - wheels useful. Off-beach to trail approx 50 m. Trail approx 70 m. Shields Road approx 300 m.", "Camp Comments": "Developed often crowded vehicle-accessible site. Minimum 2 nights stay. Reservations recommended. Open mid-May to September. See: http://www.tribunebay.com/rates.html#map Email: info@tribunebay.com Tel: +1 250.335.2359", "Other Comments": "On Shields Road adjacent to Tribune Bay Provincial Park - camping not permitted there. Provisions, restaurants, services nearby.", "Layer Title": "Private or Commercial", "Latitude": 49.52413, "Longitude": -124.64481, "x": -13875396.323000001, "y": 6364268.053 }, "geometry": { "type": "Point", "coordinates": [ -124.64481, 49.52413 ] } },
{ "type": "Feature", "properties": { "Title": "Cevallos Campsite", "Description": "Campsite secondary", "Land Tenure": "Municipal", "Tent Sites": "10", "Landing Comments": "Land at village dock about 500m S or paddle up tidal river.", "Camp Comments": "Vehicle accessible campground with most services. Toilets, fire pits, picnic tables. Water at tap. Picnic shelter. Laundry facilities. Fee $10 per night (2023) Separate RV site has hookups at higher cost. Operated by Village of Zeballos, Reservations: (250) 761-4229 or e-mail adminzeb@recn.ca. Attractive riverside location.", "Other Comments": "No comments.", "Layer Title": "Campsite", "Latitude": 49.98474, "Longitude": -126.84826, "x": -14120683.5, "y": 6443633.757 }, "geometry": { "type": "Point", "coordinates": [ -126.84826, 49.98474 ] } },
{ "type": "Feature", "properties": { "Title": "Weld Island Tombolo", "Description": "Informal site secondary", "Land Tenure": "Crown", "Tent Sites": "2", "Landing Comments": "Easy on protected sand, gravel beach, rougher at high water. Approach from NE or SW.", "Camp Comments": "Small site at top of isthmus. Suited to Neaps only, floods at Springs. Sides are rock walls that will funnel wind.", "Other Comments": "Attractive, view.", "Layer Title": "Informal Site", "Latitude": 48.94645, "Longitude": -125.08789, "x": -13924720.464, "y": 6265779.688 }, "geometry": { "type": "Point", "coordinates": [ -125.08789, 48.94645 ] } },
{ "type": "Feature", "properties": { "Title": "Carrington Lagoon Entrance", "Description": "Campsite primary", "Land Tenure": "Regional", "Tent Sites": "15 +", "Landing Comments": "Easy on protected pebble beaches E or W of reversing falls. Drift logs on E shore. W side bank slopes more gently to upland.", "Camp Comments": "Main camping area to E of tidal channel on grass or in forest clearings. Additional sites on W shore near picnic shelter. Pit toilet reported unusable 2021. Fire pits. Camp furniture. Site shared with hiking access users. Annual use in early August for large noisy 3 day /night gathering of approx. 100 visitors, Threats to remove public access resulting from poor visitor behaviour.", "Other Comments": "Water location unknown but 2 creeks mapped NW of narrows. Footbridge across narrows. Easy short portage to lagoon. Extensive hiking trails. Carrington Bay Park, Strathcona Regional District. No fees (2021). See <a href=https://srd.ca/services/parks-and-facilities/cortes-island-parks/ target=_blank style=color:blue>Carrington Bay Park</a>.", "Layer Title": "Campsite", "Latitude": 50.13468, "Longitude": -125.00117, "x": -13915066.471000001, "y": 6469632.015 }, "geometry": { "type": "Point", "coordinates": [ -125.00117, 50.13468 ] } },
{ "type": "Feature", "properties": { "Title": "Carrington Bay east", "Description": "Dispersed site secondary", "Land Tenure": "Regional", "Tent Sites": "2 - 4", "Landing Comments": "Gravel, rubble beach, some boulders. Behind island in sheltered bay. <br />Float home reported 300m W.", "Camp Comments": "Camp on open grassy upland benches. Fire pit. Camp furniture. Room for more tents.", "Other Comments": "Water at seasonal creek nearby but dry in Aug 2023 drought. Carrington Bay Park, Strathcona Regional District. Web site says informal camping. Park approx 200 ha waterfront lot with sheltered lagoon. Varied forested area includes old growth, second growth. Some accumulation of beach garbage reported 2022. Please remove if you can, as some kind paddlers are steadily doing.", "Layer Title": "Dispersed Site", "Latitude": 50.14309, "Longitude": -125.00098, "x": -13915045.453, "y": 6471092.755 }, "geometry": { "type": "Point", "coordinates": [ -125.00098, 50.14309 ] } },
{ "type": "Feature", "properties": { "Title": "Secret Beach Campground", "Description": "Commercial", "Land Tenure": "Treaty Settlement Land", "Tent Sites": "65 +", "Landing Comments": "See adjacent launch site", "Camp Comments": "2 serviced campgrounds on either side of small creek. Gravel pads, fire pits, picnic tables. Drinking water not provided, no showers. Pit toilets. Open mid-May to mid-September. Gate locked at 11 pm nightly. Camping fee and launch fee - amount varies by season.To reserve email secretbeach@toquaht.ca or ph. 1-778-762-4433.", "Other Comments": "From Highway 4 turn onto gravel Toquaht Bay Road. Go straight 13 km. Campground on right. Marina, separate kayak launch nearby from same entry. Owned, operated by Toquaht Nation. See: <a href=https://www.secretbeachcampground.com/ target=_blank style=color:blue>Secret Beach</a> Campground is open May 20 to September 15, 2022. Check with Toquaht Nation to ensure openings/closing of campground.", "Layer Title": "Private or Commercial", "Latitude": 49.01115, "Longitude": -125.36394, "x": -13955449.842, "y": 6276753.477 }, "geometry": { "type": "Point", "coordinates": [ -125.36394, 49.01115 ] } },
{ "type": "Feature", "properties": { "Title": "Read Point east", "Description": "Dispersed site primary", "Land Tenure": "Provincial Park", "Tent Sites": "5 - 7", "Landing Comments": "Moderate gradient pebble, gravel, small cobble beach in protected bay. SW aspect. Drift logs. Between the low and high the beach becomes barnacle encrusted rocks to boulders.", "Camp Comments": "Undeveloped user-maintained dispersed camping. Beach sites feasible. 2 sites to W of beach. Trail leads to many more upland sites to N some needing minor brushing, levelling. Rustic furniture. Some damp or flooded areas seasonally.", "Other Comments": "Water at seasonal stream which runs through site. Former homestead site. Evidence of old house, buildings, fencing. See <a href=https://bcparks.ca/read-island-park/ target=_blank style=color:blue>Read Island Park</a>. Additional bay 300 m to E also reported to have camping options.", "Layer Title": "Dispersed Site", "Latitude": 50.13305, "Longitude": -125.13633, "x": -13930112.903000001, "y": 6469349.721 }, "geometry": { "type": "Point", "coordinates": [ -125.13633, 50.13305 ] } },
{ "type": "Feature", "properties": { "Title": "Doctor Bay islet", "Description": "Informal site secondary", "Land Tenure": "Crown", "Tent Sites": "3", "Landing Comments": "20% grade, rocks to 200mm, some bedrock at foreshore, upland margin.", "Camp Comments": "1 site on S summit, 2 sites on N summit which is in view of residence and industrial dock, work area. Paddlers have camped on islet and on point(s) on E side of Doctor Bay. Potential camp on W side of Bay beside islet.", "Other Comments": "Aquaculture, docks in bay. Bay, mainland to N under Crown tenure. Pictograph.", "Layer Title": "Informal Site", "Latitude": 50.2503, "Longitude": -124.82169, "x": -13895086.704, "y": 6489736.014 }, "geometry": { "type": "Point", "coordinates": [ -124.82169, 50.2503 ] } },
{ "type": "Feature", "properties": { "Title": "Chatham Channel east", "Description": "Informal site primary", "Land Tenure": "Provincial Forest", "Tent Sites": "4", "Landing Comments": "Low gradient firm clam bed with moderately steep beach of pebble, small cobble above creek mouth. S aspect. Kelp.", "Camp Comments": "Path up midden bank near creek mouth to E. Camp in woods on top.", "Other Comments": "Water at creek, likely year-round. Flowing in drought mid-July 2023. Attractive, sunny.", "Layer Title": "Informal Site", "Latitude": 50.58698, "Longitude": -126.22784, "x": -14051619.207, "y": 6548558.672 }, "geometry": { "type": "Point", "coordinates": [ -126.22784, 50.58698 ] } },
{ "type": "Feature", "properties": { "Title": "Bunsen Beach", "Description": "Informal site secondary", "Land Tenure": "Provincial Forest", "Tent Sites": "2", "Landing Comments": "20% slope, rough, rocks to 300 mm. Boulders at lower water levels. Oyster band at low water, Currents.", "Camp Comments": "Undeveloped. Would yield 2 further upland campsites with brushing of dense vegetation. Hammock opportunities.", "Other Comments": "View. Small trails through site.", "Layer Title": "Informal Site", "Latitude": 50.27453, "Longitude": -124.78634, "x": -13891151.849, "y": 6493956.499 }, "geometry": { "type": "Point", "coordinates": [ -124.78634, 50.27453 ] } },
{ "type": "Feature", "properties": { "Title": "Cooper Point", "Description": "Informal site secondary", "Land Tenure": "Provincial Forest", "Tent Sites": "3 - 5", "Landing Comments": "Easy at low water on protected clam bed beach at cove head to SW of Point. Rougher band with cobble, rubble, boulders at mid, high water levels. Near centre of Upper Okisollo Rapids so be aware of very strong currents.", "Camp Comments": "Treeless islet with cobble tombolo joins to Quadra Island. Camping or day use on W side of islet at grassy point. Cove head immediately W also has sites in protected forest clearing or at Neaps on upper beach, likely preferable to tombolo. Possible former cabin location.", "Other Comments": "Stream shown on topo map entering beach but not reported. Some private land to S. Beach fires are banned all year round.", "Layer Title": "Informal Site", "Latitude": 50.30515, "Longitude": -125.24178, "x": -13941851.51, "y": 6499291.123 }, "geometry": { "type": "Point", "coordinates": [ -125.24178, 50.30515 ] } },
{ "type": "Feature", "properties": { "Title": "Waddington Bay", "Description": "Dispersed site secondary", "Land Tenure": "Crown Conservancy", "Tent Sites": "4 - 6", "Landing Comments": "Moderate gradient smooth shell beach in protected bay. SE aspect.", "Camp Comments": "Large accessible but rough upland area. High bench just inside trees. Small tent sites in open forest, mostly uneven. Small trails link some sites. Many blowdowns. Some reporters used landing, sites approx. 100 m to NW. Hammock opportunities. Many additional tent sites with brushing.", "Other Comments": "Some parts used for cedar bark harvest. Anchorage, Provincial Boat Haven. Broughton Archipelago Conservancy.", "Layer Title": "Dispersed Site", "Latitude": 50.71739, "Longitude": -126.62048, "x": -14095326.868000001, "y": 6571455.034 }, "geometry": { "type": "Point", "coordinates": [ -126.62048, 50.71739 ] } },
{ "type": "Feature", "properties": { "Title": "Retreat Passage south", "Description": "Informal site secondary", "Land Tenure": "Provincial Forest", "Tent Sites": "4", "Landing Comments": "Clam bed in protected bay with NW aspect dries to smooth firm mud with scattered boulders. Beach smoother in centre.", "Camp Comments": "Old stump on beach has salal growing on top. Half way along beach SW of stump path leads 15 m to spacious flat site in old second growth forest. Other small tent sites. Hammock opportunities.", "Other Comments": "Water at small seasonal creek at head of bay, dry in drought of mid-July 2023.", "Layer Title": "Informal Site", "Latitude": 50.67017, "Longitude": -126.60467, "x": -14093567.029, "y": 6563156.114 }, "geometry": { "type": "Point", "coordinates": [ -126.60467, 50.67017 ] } },
{ "type": "Feature", "properties": { "Title": "Tiber Bay Islet", "Description": "Informal site secondary", "Land Tenure": "Crown", "Tent Sites": "1 - 3", "Landing Comments": "Rock shelf or boulder landing on small rocky promontory on E shore of N islet. SE aspect. Better landing on W side of islet at notch.", "Camp Comments": "Exposed mossy rock flat lacks trees. Potential treed or mossy rock bluff sites elsewhere on islet.", "Other Comments": "View. Sign nearby on S islet says Klahoose Oyster Lease. Islet dries on S shore.", "Layer Title": "Informal Site", "Latitude": 50.06675, "Longitude": -124.87808, "x": -13901364.622, "y": 6457844.286 }, "geometry": { "type": "Point", "coordinates": [ -124.87808, 50.06675 ] } },
{ "type": "Feature", "properties": { "Title": "Wharf Avenue Portage", "Description": "Portage", "Land Tenure": "Municipal", "Tent Sites": "n/a", "Landing Comments": "From beach at Trail Bay S node of portage, short 15% slope concrete ramp, slight slope down, and then 1.4 km level paved sidewalk to moderate gradient paved launch at Porpoise Bay Wharf on Sechelt, Inlet N node of portage.", "Camp Comments": "No camping.", "Other Comments": "Follow Wharf Avenue directly N, keeping to sidewalk except at first parking lot. Be aware of pedestrians, controlled highway crossing in the 2nd block through town. Remainder is level sidewalk. Simple, minimal physical exertion required compared to many other portages or ferry walk-offs. Enables extensive circle tour of Sechelt peninsula.", "Layer Title": "Launch Site", "Latitude": 49.47407, "Longitude": -123.75454, "x": -13776292.198000001, "y": 6355686.976 }, "geometry": { "type": "Point", "coordinates": [ -123.75454, 49.47407 ] } },
{ "type": "Feature", "properties": { "Title": "tsukwum UREP", "Description": "Emergency Pullout", "Land Tenure": "UREP  Provincial Recreation Reserve", "Tent Sites": "3", "Landing Comments": "From seaward enter narrow breakwater gap into small protected estuary or creek mouth,  S aspect. Dries to mud so might not be usable at low water. Likely easier access directly off the Strait on moderately steep beach of pebble, cobble with some drift logs. Beach lies adjacent to creek mouth  to E of gap. SE aspect. Exposed. Beach 10% gradient, sand, gravel, round smooth cobbles to 100 mm.", "Camp Comments": "Level upland with scrubby vegetation that would require minor brushing. Several small tent sites possible for emergency use or to break this long section of Salish Sea Marine Trail. No facilities. No fires.", "Other Comments": "New marina, multi-tenant housing and other land nearby owned by shíshálh First Nation who do not want recreational use here but cite environmental reasons relating to creek and estuary habitat. Site has water access only. Overlooked by residences. Sufficient privacy for sanitation purposes might be an issue. UREP 931505 (2021) site - emergency use only. Former name Wilson Creek UREP", "Layer Title": "Emergency Pullout", "Latitude": 49.43721, "Longitude": -123.70999, "x": -13771333.071, "y": 6349374.591 }, "geometry": { "type": "Point", "coordinates": [ -123.70999, 49.43721 ] } },
{ "type": "Feature", "properties": { "Title": "Walkem Bay north", "Description": "Informal site secondary", "Land Tenure": "Provincial Forest", "Tent Sites": "unknown", "Landing Comments": "Easy on moderate gradient pebble, sand beach. Currents. W aspect. Bay is generally protected.", "Camp Comments": "Sites in sloped open cedar forest may require minor brushing, levelling. Access through dense salal vegetation band at beach top. No feasible beach camping at most tide levels.", "Other Comments": "Previously named East Thurlow Island west 2, Walkem Islands inside 2", "Layer Title": "Informal Site", "Latitude": 50.3641, "Longitude": -125.50112, "x": -13970720.405, "y": 6509571.958 }, "geometry": { "type": "Point", "coordinates": [ -125.50112, 50.3641 ] } },
{ "type": "Feature", "properties": { "Title": "Little Espinosa Inlet east", "Description": "Campsite secondary", "Land Tenure": "Provincial Recreation Site", "Tent Sites": "2 - 4", "Landing Comments": "Gravel boat ramp in sheltered inlet. Exit from W end best timed for slack water to avoid strong rapids flowing under road bridge at mid-tides.", "Camp Comments": "Small site along short level gravel road, suited to drive-in camping or RVs. 2 fire pits. Additional sites for tents subject to brushing, mowing grass. Pit toilet.", "Other Comments": "Attractive. 9 km SW of Zeballos on gravel road. Past viewpoint overlooking Zeballos, Zeballos Inlet, road veers sharply right. Access road at sign on right.", "Layer Title": "Campsite", "Latitude": 49.95775, "Longitude": -126.86763, "x": -14122840.137, "y": 6438962.08 }, "geometry": { "type": "Point", "coordinates": [ -126.86763, 49.95775 ] } },
{ "type": "Feature", "properties": { "Title": "Hanna Point east", "Description": "Dispersed site secondary", "Land Tenure": "Provincial Park", "Tent Sites": "20 +", "Landing Comments": "Easy landing on moderately steep beach of smooth pebble at high water with low sea state. Weed-covered smooth rocks below pebble beach at low water. SE aspect, Expect surf if swell is from S, Hanna Point protects beach from W.", "Camp Comments": "Roomy beach site on pebbles. Dispersed camping permitted. Camping fees apply 1 May to 30 September. Either pre-pay permit via Internet or at San Josef Bay trailhead, but no reservable sites.", "Other Comments": "Water reported nearby but location unknown, See: <a href=https://bcparks.ca/raft-cove-park/ target=_blank style=color:blue>Cape Scott Provincial Park</a>", "Layer Title": "Dispersed Site", "Latitude": 50.67116, "Longitude": -128.3413, "x": -14286888.052, "y": 6563331.091 }, "geometry": { "type": "Point", "coordinates": [ -128.3413, 50.67116 ] } },
{ "type": "Feature", "properties": { "Title": "Rough Islets", "Description": "Campsite secondary", "Land Tenure": "Crown Conservancy", "Tent Sites": "6", "Landing Comments": "Narrow boat run on cobble beach to E of  site, Larger boulders at alternate landing on W side.", "Camp Comments": "Trails on peninsula lead through salal to grass or forested sites. 4 large wooden tent platforms, some repaired by BC Parks. Usable. Other grassy areas appear damp. Kitchen structure in poor condition. Picnic table, fire pit.", "Other Comments": "Trail to Maggy Point site with composting toilet. Wildlife viewing. Adjacent to park but outside it. See <a href=\"https://bcparks.ca/broughton-archipelago-park/\" target=\"_blank\" style=\"color:blue\">Broughton Archipelago Provincial Park</a>.", "Layer Title": "Campsite", "Latitude": 50.60794, "Longitude": -126.67627, "x": -14101537.916, "y": 6552233.647 }, "geometry": { "type": "Point", "coordinates": [ -126.67627, 50.60794 ] } },
{ "type": "Feature", "properties": { "Title": "Hudson Island", "Description": "Dispersed site secondary", "Land Tenure": "Marine Provincial Park", "Tent Sites": "3", "Landing Comments": "Easy on moderate gradient firm pebble, gravel, sand beach in protected bay. 30cm boulders at low water. E aspect. Many drift logs, snags at high water. Summer 2024 large tree/log blocks most of upper beach at high water.", "Camp Comments": "Minor brushing required in upland forest for one tent site - others are normally clear. Beach camp possible on gravel. Good tree for bear hang.", "Other Comments": "Attractive. Trail across isthmus. See <a href=\"https://bcparks.ca/broughton-archipelago-park/\" target=\"_blank\" style=\"color:blue\">Broughton Archipelago Park</a>.", "Layer Title": "Dispersed Site", "Latitude": 50.71874, "Longitude": -126.68035, "x": -14101992.568, "y": 6571692.324 }, "geometry": { "type": "Point", "coordinates": [ -126.68035, 50.71874 ] } },
{ "type": "Feature", "properties": { "Title": "Bonner Islet west", "Description": "Informal site secondary", "Land Tenure": "Provincial Forest", "Tent Sites": "unknown", "Landing Comments": "Possible surf landing above 2 - 2.5 m tides.  Can be exposed to inflow winds.", "Camp Comments": "Beach camping. Upper sites reported to not flood at springs. Tombolo 60 m to S might be used by some parties.", "Other Comments": "Water at E beach via trail. View of Brooks Peninsula, sea state.", "Layer Title": "Informal Site", "Latitude": 50.24615, "Longitude": -127.78208, "x": -14224635.666, "y": 6489014.702 }, "geometry": { "type": "Point", "coordinates": [ -127.78208, 50.24615 ] } },
{ "type": "Feature", "properties": { "Title": "Zacharias Bay Harbour Island", "Description": "Informal site secondary", "Land Tenure": "Provincial Recreation Reserve", "Tent Sites": "2", "Landing Comments": "Sand beach. SW aspect. Protected by island, reefs, rocks at both narrow bay entrances, subject to swell, turbulence. Could be tough getting out in big swell and west wind", "Camp Comments": "One cleared upland forest site, one beach site. No other facilities. Sheltered.", "Other Comments": "Harbour Island Recreation Res REC6626 with active status is half of island. Area 15 Ha.", "Layer Title": "Informal Site", "Latitude": 49.85658, "Longitude": -126.98741, "x": -14136173.818, "y": 6421474.972 }, "geometry": { "type": "Point", "coordinates": [ -126.98741, 49.85658 ] } },
{ "type": "Feature", "properties": { "Title": "Jack Point", "Description": "Portage", "Land Tenure": "Municipal", "Tent Sites": "n/a", "Landing Comments": "Low gradient rock shelf with small sand, gravel areas. In Nanaimo River estuary. E aspect. Access tide dependent as estuary dries far. Critical tide height not yet determined. Observed, used at depths over 3.1 m. Likely feasible down to 2.0 m. At some water levels a beach approx 100 m to N offers easier landing. Connection is by a relatively smooth trail with minor stair, feasible with unloaded boats.", "Camp Comments": "No camping permitted.", "Other Comments": "To reach Duke Point Ferry Terminal from landing, head E approx 40 m on good trail until short stair- unload boat here - leads to paved parking lot (40 m, re-load boat), opposite main entry to Canadian Forest Products mill. No barrier to Duke Pt Highway (2019). Walk N 750 m on south bound bicycle lane to passenger terminal for tickets. Access to bicycle etc ramp N of building but requires wide gate to be unlocked - regular man-gate too narrow. Steep ramp leads to vehicle ramp, ferry deck. Wheels required. City of Nanaimo park, heavily used by walkers.", "Layer Title": "Launch Site", "Latitude": 49.15591, "Longitude": -123.89202, "x": -13791596.58, "y": 6301357.754 }, "geometry": { "type": "Point", "coordinates": [ -123.89202, 49.15591 ] } },
{ "type": "Feature", "properties": { "Title": "Long Bay South Thormanby", "Description": "Dispersed site secondary", "Land Tenure": "Marine Provincial Park", "Tent Sites": "4 - 6", "Landing Comments": "Moderate gradient beach of mixed angular small rocks at head of long, steep-walled cove. Good protection except from SE. Many drift logs. SE aspect.", "Camp Comments": "Two sites - at centre bay on level rock platform or table - on grassy shelf near Farm Bay trail end in NE corner - each for 2-3 tents. Upland fire rings. Additional tent sites with minor brushing, approx 150 m up trail leading to Farm Bay. Hammock opportunities.", "Other Comments": "Attractive, Trail leads inland, connecting to beaver pond, Farm Bay & Park trail network. Water at small seasonal stream or walk 7 min. to pond. Anchorage. Bay tends to collect marine debris. Also known as Table Bay. See <a href=https://bcparks.ca/simson-park/ target=_blank style=color:blue>Simson Provincial Park</a>.", "Layer Title": "Dispersed Site", "Latitude": 49.47183, "Longitude": -123.95656, "x": -13798781.14, "y": 6355303.614 }, "geometry": { "type": "Point", "coordinates": [ -123.95656, 49.47183 ] } },
{ "type": "Feature", "properties": { "Title": "Kirby Point north", "Description": "Commercial", "Land Tenure": "Treaty Settlement Land", "Tent Sites": "25 +", "Landing Comments": "Beach of mud, rock, boulders. NE aspect. Gradient: 5 - 15%. Easy on sand at high water. Poor access at low water when better landing is at Kirby Point southwest.  Unload boats on water. Launch loaded boats at mid-high tide level. Rock hazards, long reef at low water.", "Camp Comments": "Beautiful flat cleared forest between two beaches. Open Huu-ay-aht Treaty Settlement Land. This site appears to be fairly heavily used by the First Nation. Permit required. See: https://huuayaht.org/camping-permit-application. Two cabins, cook shelter, 2 toilets,", "Other Comments": "Attractive. Huu-at-aht cemetery located between the two beaches.At one time served as Huu-ay-aht youth camp.", "Layer Title": "Private or Commercial", "Latitude": 48.84815, "Longitude": -125.20045, "x": -13937249.785, "y": 6249135.623 }, "geometry": { "type": "Point", "coordinates": [ -125.20045, 48.84815 ] } },
{ "type": "Feature", "properties": { "Title": "Edward King Island northeast", "Description": "Informal site secondary", "Land Tenure": "Crown", "Tent Sites": "nan", "Landing Comments": "Boulder, bedrock, sand beach of 5 - 15 % slope, N aspect. Access from N or S but channel dries at low water, when best approach is from NW. Boat run cleared through bigger rocks. Landing on SE has longer carry over cobbles.", "Camp Comments": "Camp on beach at most tides. Additional sites in.open, old growth forest.", "Other Comments": "CMTs. Blow hole accessible at low water. Rock ledge to Haines Island dries at low water. Two sources of water reported on SE shore of same island.", "Layer Title": "Informal Site", "Latitude": 48.83213, "Longitude": -125.20424, "x": -13937671.908, "y": 6246425.323 }, "geometry": { "type": "Point", "coordinates": [ -125.20424, 48.83213 ] } },
{ "type": "Feature", "properties": { "Title": "Newton Cove north", "Description": "Informal site secondary", "Land Tenure": "Provincial Forest", "Tent Sites": "1 - 3", "Landing Comments": "E side of bay with S aspect. Protected beach of grit, gravel, small rocks at low water, cobble band at high water.", "Camp Comments": "Upper beach sites under trees appear to be dry at most water levels. Small upland sites in level forest subject to brushing. Access from beach awkward due to deadfall, drift logs that could be cut. Hammock opportunities.", "Other Comments": "Protected location with good potential in popular paddling area.", "Layer Title": "Informal Site", "Latitude": 49.88128, "Longitude": -126.93998, "x": -14130894.302, "y": 6425741.528 }, "geometry": { "type": "Point", "coordinates": [ -126.93998, 49.88128 ] } },
{ "type": "Feature", "properties": { "Title": "St Pauls Dome", "Description": "Informal site secondary", "Land Tenure": "Provincial Forest", "Tent Sites": "1 - 2", "Landing Comments": "W aspect sand, silt beach. Protected SE through SW. Surf likely in NW conditions. Likely to flood at Springs. Rock outcrops along beach at some water levels.", "Camp Comments": "Camp at Neaps on dead beach grass, dry weed or sand. Dense vegetation at forest margin with no obvious clearings. Small sites among drift logs.", "Other Comments": "Shaded at S end of beach. Trees for hanging food.", "Layer Title": "Informal Site", "Latitude": 50.05449, "Longitude": -127.44023, "x": -14186581.065, "y": 6455718.44 }, "geometry": { "type": "Point", "coordinates": [ -127.44023, 50.05449 ] } },
{ "type": "Feature", "properties": { "Title": "Garden Point east", "Description": "Informal site secondary", "Land Tenure": "Aboriginal Title Land", "Tent Sites": "6 - 8", "Landing Comments": "Very low gradient sand, grit creek delta beach with some gravel, areas of rocks to 15 cm near creek mouth. Long carry at low water. N asepct. Good protection from W.", "Camp Comments": "Upland sites in small clearings. 3-4 beach sites E of creek. E site quieter so serves as overflow for main site at base of tombolo to W of creek. Gloomy N aspect.", "Other Comments": "Water at year-round Brodick Creek alongside site. Attractive. E end of Esperanza Inlet funnels winds, while W Inlet has lower winds. This site is located within the Nuchatlaht Nation's Aboriginal Title Lands. See map of the Title area <a href=https://www.bcmarinetrails.org/wp-content/uploads/2025/05/nuchatlaht_title.jpg target=_blank style=color:blue>here</a>. Look up term of <a href=https://www.bcmarinetrails.org/first-nations-guidelines/ target=_blank style=color:blue> Aboriginal Title lands</a> in our glossary.", "Layer Title": "Informal Site", "Latitude": 49.84573, "Longitude": -126.89858, "x": -14126285.675000001, "y": 6419602.305 }, "geometry": { "type": "Point", "coordinates": [ -126.89858, 49.84573 ] } },
{ "type": "Feature", "properties": { "Title": "Espinosa Inlet", "Description": "Informal site secondary", "Land Tenure": "Provincial Forest", "Tent Sites": "2", "Landing Comments": "Beach of rough cobble W aspect. Somewhat exposed to winds entering from Esperanza Inlet. Beach appears to be dry at most normal water levels.", "Camp Comments": "Two or more level areas at top of beach on cobble. Dense vegetation at forest margin. Potential for upland sites with some brushing.", "Other Comments": "Old logging road may enter here, but not seen. Not as good as nearby Espinosa Inlet north.", "Layer Title": "Informal Site", "Latitude": 49.88233, "Longitude": -126.91483, "x": -14128094.617000001, "y": 6425922.924 }, "geometry": { "type": "Point", "coordinates": [ -126.91483, 49.88233 ] } },
{ "type": "Feature", "properties": { "Title": "Commerell Point", "Description": "Dispersed site secondary", "Land Tenure": "Provincial Park", "Tent Sites": "unknown", "Landing Comments": "Gravel, sand beach. N aspect. Easier landing than Paddler's Beach located 0.5 NM to N due to more protection from W, NW.", "Camp Comments": "Beach camping. Possible upland sites in forest. Camping fees apply 1 May to 30 September. May pre-pay permit via Internet, but no reservable sites. Fee $5.00 per person per night (2018) via BC Parks Backcountry Registration System.", "Other Comments": "See: <a href=\"https://bcparks.ca/raft-cove-park/\" target=\"_blank\" style=\"color:blue\">Raft Cove Provincial Park.</a>.", "Layer Title": "Dispersed Site", "Latitude": 50.57195, "Longitude": -128.2428, "x": -14275923.394, "y": 6545922.903 }, "geometry": { "type": "Point", "coordinates": [ -128.2428, 50.57195 ] } },
{ "type": "Feature", "properties": { "Title": "Lawn Point Islet", "Description": "Informal site secondary", "Land Tenure": "Crown", "Tent Sites": "6", "Landing Comments": "All-weather landing on sand beach in protected cove between islet, main Vancouver Island shore. ENE aspect.", "Camp Comments": "NE sand beach has several large rocks for wind shelter. Sand berm across centre has protective log. No upland forest sites found. Reported location is N50D 20.2758M,W12D 59.3622M", "Other Comments": "Attractive. View. Islet approx 500 x 100 m. Provincial Park excludes these islets.", "Layer Title": "Informal Site", "Latitude": 50.33789, "Longitude": -127.98974, "x": -14247752.962, "y": 6504998.873 }, "geometry": { "type": "Point", "coordinates": [ -127.98974, 50.33789 ] } },
{ "type": "Feature", "properties": { "Title": "Ewin Inlet Head", "Description": "Dispersed site secondary", "Land Tenure": "Marine Provincial Park", "Tent Sites": "5", "Landing Comments": "Sheltered low gradient shell, pebble, gravel beach in long bay. Scattered boulders. E aspect. 25 m N of creek mouth on W shore near bay head.", "Camp Comments": "Natural site with no development. 2 sheltered upland tent sites in open area with ferns, close to beach. 3 further sites possible with minor brushing, levelling. Hammock opportunities. Gloomy, damp.", "Other Comments": "Water at year-round creek immediately to S, flowing from lake to WNW. Anchorage. See: <a href=https://bcparks.ca/bligh-island-marine-park/ target=_blank style=color:blue>Bligh Island Marine Provincial Park</a>.", "Layer Title": "Dispersed Site", "Latitude": 49.65108, "Longitude": -126.52243, "x": -14084412.849, "y": 6386067.461 }, "geometry": { "type": "Point", "coordinates": [ -126.52243, 49.65108 ] } },
{ "type": "Feature", "properties": { "Title": "Ucluelet Campground", "Description": "Commercial", "Land Tenure": "Private", "Tent Sites": "50 +", "Landing Comments": "Protected adjacent lagoon/basin or Pat Leslie Memorial Boat Launch approx 200 m distant..", "Camp Comments": "Mix of treed tent and more cramped RV sites. Full facilities. Fees charged. Water, electric, sewer available. Showers, flush toilets. Phone 250-726-4355 Email camp@uclueletcampground.com http://www.uclueletcampground.com/", "Other Comments": "260 Seaplane Base Rd, Close to boat launch.", "Layer Title": "Private or Commercial", "Latitude": 48.94743, "Longitude": -125.55786, "x": -13977036.795, "y": 6265946.814 }, "geometry": { "type": "Point", "coordinates": [ -125.55786, 48.94743 ] } },
{ "type": "Feature", "properties": { "Title": "Fillongley", "Description": "Campsite secondary", "Land Tenure": "Provincial Park", "Tent Sites": "10", "Landing Comments": "Gravel, sand, shingle beach. Open E aspect. Mostly low gradient, dries far at low water. Easy shore access from vehicles but 300 m carry at low water.", "Camp Comments": "Small sites adjacent to shore suited to vehicle access, all reservable. Vault toilets, picnic tables, fire rings.", "Other Comments": "Water at tap 50 m from campground. Parking. Extensive hiking trails. Parking lot does not permit overnight parking. See: <a href=\"https://bcparks.ca/fillongley-park/\" target=\"_blank\" style=\"color:blue\">Fillongley Provincial Park</a>.", "Layer Title": "Campsite", "Latitude": 49.54249, "Longitude": -124.75758, "x": -13887950.757, "y": 6367416.153 }, "geometry": { "type": "Point", "coordinates": [ -124.75758, 49.54249 ] } },
{ "type": "Feature", "properties": { "Title": "Bradsdadsland", "Description": "Commercial", "Land Tenure": "Private", "Tent Sites": "50+", "Landing Comments": "See nearby Phipps Point but low water use likely impractical due to low gradient rocky foreshore.", "Camp Comments": "RV & tent sites, some with electricity. Flush and pit toilets, showers, laundry. Playground, store. Family oriented. Reservations strongly recommended Ph (250) 335-0757. Email bradsdadsland@telus.net", "Other Comments": "2105 Shingle Spit Road Hornby Island BC V0R 1Z0. 350 m waterfront.", "Layer Title": "Private or Commercial", "Latitude": 49.53419, "Longitude": -124.71068, "x": -13882729.16, "y": 6365993.874 }, "geometry": { "type": "Point", "coordinates": [ -124.71068, 49.53419 ] } },
{ "type": "Feature", "properties": { "Title": "Heriot Bay Inn", "Description": "Commercial", "Land Tenure": "Private", "Tent Sites": "10 +", "Landing Comments": "Protected small mixed stone beach or adjacent floats.", "Camp Comments": "Tent, RV sites some leased long term. In attractive grassed grounds of Inn with mature trees on bank overlooking harbour. Flush toilets, showers, laundry. picnic tables, fire pits.", "Other Comments": "Water at tap. View. Historic Heriot Bay Inn, pub, restaurant. Marina, fuel, public dock. Parking. Ferry terminal to Cortes Island nearby. For details, see <a href=https://heriotbayinn.com/ target=_blank style=color:blue>Heriot Bay Inn</a>. Beach fires are banned all year round.", "Layer Title": "Private or Commercial", "Latitude": 50.10194, "Longitude": -125.21114, "x": -13938440.024, "y": 6463948.892 }, "geometry": { "type": "Point", "coordinates": [ -125.21114, 50.10194 ] } },
{ "type": "Feature", "properties": { "Title": "Michigan Beach west", "Description": "Emergency Pullout", "Land Tenure": "National Park Reserve", "Tent Sites": "n/a", "Landing Comments": "Small sand beach S aspect E of Pachena Point, W of Michigan Beach,  Some shelter in rough conditions. . Beach mostly floods at high water but not completely. Favour N end staying 50 - 75 m from large rock shelf on starboard. SW end of beach is rock strewn. See image for route.", "Camp Comments": "Emergency pullout site. No known camping. Camping not permitted by Parks Canada nor are planned landings.", "Other Comments": "Not on West Coast (hiking) Trail. Landing or camping on the West Coast Trail is not permitted and could result in fines, except in emergency situations.", "Layer Title": "Emergency Pullout", "Latitude": 48.72134, "Longitude": -125.08673, "x": -13924591.111, "y": 6227709.491 }, "geometry": { "type": "Point", "coordinates": [ -125.08673, 48.72134 ] } },
{ "type": "Feature", "properties": { "Title": "Helby Island", "Description": "Commercial", "Land Tenure": "Treaty Settlement Land", "Tent Sites": "20 +", "Landing Comments": "Directly W of northernmost point of island, All tide sand beach of moderate gradient in generally rock shelf shore. W or NW asoect. Land in front of cabin, huu au aht signage. Low water recommended for approach. Reefs offer protection. Another beach to E closer to the N point offers similar but rougher landing.", "Camp Comments": "Many upland tent sites, some beach sites at Neaps. Toilet reported but not seen. Permit required for overnight use. See: <a href=https://huuayaht.org/services/lands-permits/ target=_blank style=color:blue> Camping Permit</a>.", "Other Comments": "Attractive. Water at small seasonal streams to W. Small cabin visible. Huu-ay-aht Treaty Settlement Land.", "Layer Title": "Private or Commercial", "Latitude": 48.85321, "Longitude": -125.17745, "x": -13934690.327, "y": 6249990.807 }, "geometry": { "type": "Point", "coordinates": [ -125.17745, 48.85321 ] } },
{ "type": "Feature", "properties": { "Title": "Wishart Island east", "Description": "Informal site secondary", "Land Tenure": "Crown Conservancy", "Tent Sites": "3 - 4", "Landing Comments": "Protected low gradient clam bed beach of sand, mixed rocks, scattered boulders. SE aspect. Accessible also from N but not favoured.", "Camp Comments": "3-4 lumpy tent sites on long grass at forest margin above beach. Likely usable with minor levelling. Upland accessible with brushing for potential additional tent, hammock sites.", "Other Comments": "Anchorage. Wishart Island reported to have a R Washburne cabin - location, condition unknown. See <a href=https://bcparks.ca/mahpahkum-ahkwuna-deserters-walker-conservancy/ target=_blank style=color:blue>Mahpahkum-Ahkwuna/Deserters-Walker Conservancy</a>.", "Layer Title": "Dispersed Site", "Latitude": 50.87871, "Longitude": -127.48057, "x": -14191072.138, "y": 6599867.434 }, "geometry": { "type": "Point", "coordinates": [ -127.48057, 50.87871 ] } },
{ "type": "Feature", "properties": { "Title": "Uncle Johns Cabin", "Description": "Informal site primary", "Land Tenure": "Crown Conservancy", "Tent Sites": "1 - 3", "Landing Comments": "Low gradient protected clam bed beach with scattered boulders. Boat run at mid water levels avoids some boulders. Up to 200 m carry on firm mud at low water. High water approach better - only short carry through a few bushes to cabin.", "Camp Comments": "Cabin derelict, scheduled to be demolished 2013, but still standing in 2024. Currently no clearings in salal (2024). Some brushing possibly required to reach cabin from beach due to berry bush growth but access achieved easily 2024. Some space for tents near cabin if brushed. 3 additional tent sites on gravel beach top at Neaps, but might flood at Springs.", "Other Comments": "No water source seen but likely present. See <a href=\"https://bcparks.ca/mahpahkum-ahkwuna-deserters-walker-conservancy/\" target=\"_blank\" style=\"color:blue\">Mahpahkum-Ahkwuna/Deserters-Walker Conservancy</a>.", "Layer Title": "Dispersed Site", "Latitude": 50.89152, "Longitude": -127.51617, "x": -14195034.6, "y": 6602127.641 }, "geometry": { "type": "Point", "coordinates": [ -127.51617, 50.89152 ] } },
{ "type": "Feature", "properties": { "Title": "Spencer Cove WFP Campground", "Description": "Campsite secondary", "Land Tenure": "Provincial Recreation Site", "Tent Sites": "nan", "Landing Comments": "Protected cove. Mixed gravel, mud beach. Ramp reported for small boats. High water preferred for launch, landing, maybe because of mud. W aspect.", "Camp Comments": "Level grass clearings. Vehicle accessible sites including RVs. Picnic tables. Fire pits. User maintained. Updated July 2025 Two outhouses, both in need of repair - door hinge missing, toilet seats broken, overfull pits - and filthy.", "Other Comments": "Koprino Rd, Quatsino. About an hour’s drive from Holberg on active logging roads. WFP is using private radio channels so even having a mobile radio doesn’t help with road safety. Small dock reported but not confirmed. Anchorage. Vehicle access, ramp means heavy summer use by fishers. Parking unknown if not camping at site.", "Layer Title": "Campsite", "Latitude": 50.50118, "Longitude": -127.87409, "x": -14234878.317, "y": 6533528.746 }, "geometry": { "type": "Point", "coordinates": [ -127.87409, 50.50118 ] } },
{ "type": "Feature", "properties": { "Title": "Fair Harbour Marina and Campground", "Description": "Commercial", "Land Tenure": "Treaty Settlement Land", "Tent Sites": "25 +", "Landing Comments": "See Fair Harbour (launch) site. Concrete or gravel boat ramps near dock, fuel float 300 m to W. Rougher landings directly at campground, easier at high water.", "Camp Comments": "Busy developed vehicle-accessible campground, near to inlet head, with feasible water transport access. Fire rings, picnic tables. Pit toilets. Other services 250 m to W at store. Reservable. See fairharbourbc.com for details.", "Other Comments": "Services in Fair Harbour include: campground, rental cabins, store, washrooms, showers, laundry, fuel dock, potable water, propane, paid supervised parking with video surveillance, community free parking area. Campsites range from $20 - $25/night. Daily, weekly and monthly parking rates. Water at tap. Wifi/phone available near store. Private parking lot by store provides some vehicle protection. <a href=https://www.bcmarinetrails.org/using-water-taxis-to-access-new-kayaking-and-hiking-adventures-on-the-bc-coast/ target=_blank style=color:blue>Article on Water Taxis</a>. <a href=https://fairharbourbc.com/ target=_blank style=color:blue> Visit Fair Harbour campground website.</a>.Visit Fair Harbour campground website.", "Layer Title": "Private or Commercial", "Latitude": 50.06149, "Longitude": -127.11251, "x": -14150099.553, "y": 6456932.337 }, "geometry": { "type": "Point", "coordinates": [ -127.11251, 50.06149 ] } },
{ "type": "Feature", "properties": { "Title": "Simoom Sound Head", "Description": "Portage", "Land Tenure": "Provincial Forest", "Tent Sites": "1", "Landing Comments": "Clam bed beach of angular cobble, some boulders. Smooth rock shelves at sides.", "Camp Comments": "Grass at forest margin. Other grass sites damp. Hammock opportunities.", "Other Comments": "Portage to Shawl Bay takes about 1 hr.", "Layer Title": "Launch Site", "Latitude": 50.85677, "Longitude": -126.5505, "x": -14087537.22, "y": 6595997.699 }, "geometry": { "type": "Point", "coordinates": [ -126.5505, 50.85677 ] } },
{ "type": "Feature", "properties": { "Title": "Turnour Bay", "Description": "Informal site primary", "Land Tenure": "Provincial Forest", "Tent Sites": "8 - 12", "Landing Comments": "Easy on moderate gradient gravel beach with boulders, smaller rocks on lower beach. Located in big bay, SW aspect. Alternative landings on steep banks at inactive log dump to S at Air Point or to W on E bank of bay at old road spur.", "Camp Comments": "Opening gives easy access to upland open forest, with some clear level areas. Additional sites at road end of inactive log dump located on E bank of bay. Minor brushing might be needed. Old vehicles, some debris.", "Other Comments": "Water at year-round stream entering bay may be located from logging road bridge upstream approx 200 m. Flowing during mid-July 2023 drought. Log dump to S. Logged behind.", "Layer Title": "Informal Site", "Latitude": 50.58878, "Longitude": -126.44945, "x": -14076288.385, "y": 6548874.084 }, "geometry": { "type": "Point", "coordinates": [ -126.44945, 50.58878 ] } },
{ "type": "Feature", "properties": { "Title": "Reid Bay", "Description": "Informal site primary", "Land Tenure": "Provincial Forest", "Tent Sites": "3 - 5", "Landing Comments": "Low gradient clam bed rocky beach with mostly angular cobble surface rock in large bay.  E aspect. Protected from most winds. Long carry at low water can be avoided by landing on N shore.", "Camp Comments": "A few forest tent sites, subject to brushing. Hammock opportunities. A couple of sites on beach-top grass edge. Delta of creek likely to be damp in wet weather.", "Other Comments": "Attractive. View. Water at seasonal stream with flow during mid-July 2023 drought.", "Layer Title": "Informal Site", "Latitude": 50.88301, "Longitude": -126.65606, "x": -14099288.139, "y": 6600625.684 }, "geometry": { "type": "Point", "coordinates": [ -126.65606, 50.88301 ] } },
{ "type": "Feature", "properties": { "Title": "Tsusiat Landing", "Description": "Emergency Pullout", "Land Tenure": "National Park Reserve", "Tent Sites": "n/a", "Landing Comments": "A huge rock blocks SW swell. Huge waves may enter this bay 20-50 m E of rock, but keeping rock 10-20 m to port avoid them. Rock connects to shore at low water by a rock shelf.  High water sand landing becomes boulder strewn rock shelf at low water, so plan for tides above 1.5 m, ideally 2.0 m.", "Camp Comments": "Not an established Parks Canada site but occasionally used as campsite. Tsusiat Falls site lies 850 m NW. Both have similar sand beaches. Camping fees charged.", "Other Comments": "Water at falls 730 m to NW. Landing or camping on the West Coast Trail is not permitted and could result in fines, except in emergency situations.", "Layer Title": "Emergency Pullout", "Latitude": 48.68667, "Longitude": -124.91885, "x": -13905902.85, "y": 6221861.478 }, "geometry": { "type": "Point", "coordinates": [ -124.91885, 48.68667 ] } },
{ "type": "Feature", "properties": { "Title": "Port Browning Marina", "Description": "Commercial", "Land Tenure": "Private", "Tent Sites": "10", "Landing Comments": "See launch site nearby for details.", "Camp Comments": "Camp in grass field adjacent to pub, restaurant with some trees at perimeter. Individual or 2 group sites, all reservable. Fees (2023) individual orchard site for up to 2 tents $65. Group site for 3-4 tents $90-135. Lower shoulder season rates. Flush toilets, showers. Ph (250) 629.3493. See: <a href=https://www.portbrowning.ca/camping/ target=_blank style=color:blue>Port Browning Marina and Resort</a>. Ten minute walk to grocery store, pharmacy, liquor, hardware, bakery.", "Other Comments": "Pub, restaurant, marina, parking. laundry. Kayak rentals adjacent, guiding outfitting. 10 min. walk to shops: grocery, pharmacy, liquor, hardware, bakery.", "Layer Title": "Private or Commercial", "Latitude": 48.77609, "Longitude": -123.27436, "x": -13722839.384, "y": 6236954.124 }, "geometry": { "type": "Point", "coordinates": [ -123.27436, 48.77609 ] } },
{ "type": "Feature", "properties": { "Title": "Island View", "Description": "Campsite secondary", "Land Tenure": "Regional", "Tent Sites": "40 +", "Landing Comments": "See Island View Beach launch site. More sand than at day launch area.", "Camp Comments": "Vehicle accessible campground for RVs, tents. No reservations. Open from Victoria Day May long weekend to Labour Day Sept long weekend. $15 per night tenting fee (2018). Tents in section farthest from beach - approx. 150 m. Portable toilets, picnic areas, group fire ring.", "Other Comments": "Water at taps. Walking trails. 48 ha. Dunes. Birding. View. See: <a href=\"https://www.crd.bc.ca/parks-recreation-culture/parks-trails/find-park-trail/island-view-beach\" target=\"_blank\" style=\"color:blue\">Island View Beach Regional Park</a>.", "Layer Title": "Campsite", "Latitude": 48.57506, "Longitude": -123.36898, "x": -13733372.434, "y": 6203062.791 }, "geometry": { "type": "Point", "coordinates": [ -123.36898, 48.57506 ] } },
{ "type": "Feature", "properties": { "Title": "Maquinna", "Description": "Campsite secondary", "Land Tenure": "Marine Provincial Park", "Tent Sites": "4", "Landing Comments": "This cove is very protected. When approaching from the south, there appeared to be boomers and rocks near the entrance, but there was open access into the cove and the kelp beds keep the surf down; better access is from the north side of the cove; the south side has more rocks.", "Camp Comments": "Good refuge with a moderately sloped beach and pebble beach or upland camping for at least 4 tents. There is a good creek at the south end of the cove.", "Other Comments": "See: <a href=\"https://bcparks.ca/maquinna-marine-park/\" target=\"_blank\" style=\"color:blue\"></a>", "Layer Title": "Campsite", "Latitude": 49.36308, "Longitude": -126.29352, "x": -14058930.337, "y": 6336694.539 }, "geometry": { "type": "Point", "coordinates": [ -126.29352, 49.36308 ] } },
{ "type": "Feature", "properties": { "Title": "Clo oose", "Description": "Emergency Pullout", "Land Tenure": "IR", "Tent Sites": "n/a", "Landing Comments": "Sand beach. S aspect. Mostly well-protected. Moderate shelter in heavy W swell conditions. Follow N along narrow rock reef to W corner of bay.", "Camp Comments": "Any planned landing visit requires prior permission of Ditidaht Nation.", "Other Comments": "Seasonal stream. Water year-round at Cheewhat River accessible overland but likely brackish until far above footbridge. 3 old cabins near stream at E end believed not regularly inhabited. Landing or camping on the West Coast Trail is not permitted and could result in fines, except in emergency situations.", "Layer Title": "Emergency Pullout", "Latitude": 48.66142, "Longitude": -124.82525, "x": -13895483.079, "y": 6217604.751 }, "geometry": { "type": "Point", "coordinates": [ -124.82525, 48.66142 ] } },
{ "type": "Feature", "properties": { "Title": "Miracle Beach", "Description": "Campsite secondary", "Land Tenure": "Provincial Park", "Tent Sites": "200 +", "Landing Comments": "Low gradient sand beach, cobble at high water, rocky patches. NE aspect.", "Camp Comments": "Developed vehicle access campground. Gravel drive-in sites approx 350 m or more from beach. Wheels advisable. Pit and flush toilets. Group sites. Hot showers. Picnic shelters. <a href=\"https://camping.bcparks.ca/\" target=\"_blank\" style=\"color:blue\">Reservations recommended</a>. Limited services in winter.", "Other Comments": "137 ha. Water at taps. Parking. Nature house. Swimming, change room. See: <a href=https://bcparks.ca/miracle-beach-park/ target=_blank style=color:blue>Miracle Beach Provincial Park</a>.", "Layer Title": "Campsite", "Latitude": 49.84871, "Longitude": -125.09776, "x": -13925818.542, "y": 6420116.998 }, "geometry": { "type": "Point", "coordinates": [ -125.09776, 49.84871 ] } },
{ "type": "Feature", "properties": { "Title": "Sombrio Beach east", "Description": "Campsite secondary", "Land Tenure": "Provincial Park", "Tent Sites": "unknown", "Landing Comments": "Aim for the NW corner of small bay keeping large rock just on left side. Preferable landing to river mouth in surf conditions. Exposed rock shelf at water levels below 1 m makes landing more difficult. See image for route.", "Camp Comments": "Beach sites. Toilet. Food storage bin. Dispersed camping permitted on beach only. Camping fees apply year-round. May pre-pay permit via Internet, but no reservable sites. Fee $10.00 per adult per night (2018) via BC Parks Backcountry Registration System.", "Other Comments": "Water at stream about 50 m E of landing. Beach often used by hikers. Quieter than beach to W. Lies on Juan de Fuca hiking trail. See: <a href=\"https://bcparks.ca/juan-de-fuca-park/\" target=\"_blank\" style=\"color:blue\">Juan de Fuca Provincial Park</a>.", "Layer Title": "Campsite", "Latitude": 48.494, "Longitude": -124.29622, "x": -13836591.584000001, "y": 6189435.875 }, "geometry": { "type": "Point", "coordinates": [ -124.29622, 48.494 ] } },
{ "type": "Feature", "properties": { "Title": "Hardy Island", "Description": "Dispersed site secondary", "Land Tenure": "Marine Provincial Park", "Tent Sites": "2 - 3", "Landing Comments": "Bedrock ledges at entrance to sheltered cove.  Rough beach with sharp rocks to 200 mm.", "Camp Comments": "Undeveloped. No developed trails. Limited number of small level walk-in sites on rock ledges in bluffs. Main tent site sometimes used by paddlers lies above E tip of Musket Island.", "Other Comments": "Anchorage, Provincial Boat Haven. Most of 17 ha park lies on Hardy Island. Small Musket Island is separated from Hardy Island only at mid or higher tide. Aka Musket Island. Popular with boaters for swimming, viewing, diving, fishing, wilderness camping. Not set up for paddlers. See <a href=https://bcparks.ca/hardy-island-marine-park/ target=_blank style=color:blue>Hardy Island Marine Provincial Park</a>", "Layer Title": "Dispersed Site", "Latitude": 49.72755, "Longitude": -124.2125, "x": -13827272.25, "y": 6399225.315 }, "geometry": { "type": "Point", "coordinates": [ -124.2125, 49.72755 ] } },
{ "type": "Feature", "properties": { "Title": "Shelter Point", "Description": "Campsite primary", "Land Tenure": "Regional", "Tent Sites": "50 +", "Landing Comments": "Two long beaches 2 km. Sheltered but low gradient S and open, steeper W aspects. Sand, gravel. Concrete boat ramp, second unpaved ramp.", "Camp Comments": "Developed in 2 locations for RVs, tents. Picnic tables, shelter, fire pits, showers, flush toilets, playground. Some sites close to beach. 2 group sites reservable, others not. Some facilities open only mid April – mid October. Fees charged. Gates locked at night. On-site caretaker 604 486-7228 or email shelterpointpark@qathet.ca", "Other Comments": "Potable water. Boat launches. Parking. Nature trail. Food sales concession (seasonal). qathet Regional District Park. See: See <a href=\"https://www.qathet.ca/services/parks-and-recreation/regional-parks-campgrounds/shelter-point-regional-park-campground/\" target=\"_blank\" style=\"color:blue\">Shelter Point Regional Park</a>", "Layer Title": "Campsite", "Latitude": 49.65417, "Longitude": -124.46667, "x": -13855565.958000001, "y": 6386597.63 }, "geometry": { "type": "Point", "coordinates": [ -124.46667, 49.65417 ] } },
{ "type": "Feature", "properties": { "Title": "Shingle Beach", "Description": "Campsite primary", "Land Tenure": "Provincial Recreation Site", "Tent Sites": "20", "Landing Comments": "Easy on moderately steep gravel beach, exposed to S, SE.", "Camp Comments": "Developed. Upland sites near beach with tables mainly intended for RVs. Pit toilets. Picnic shelters, other structures. Campsite summer host. Camping, parking fees $18/site/per night (2023). Reserve up to 60 days ahead.", "Other Comments": "Water at tap. View. Attractive. Parking. Cliffs adjacent. See: <a href=\"https://westcoastcamping.ca/\" target=\"_blank\" style=\"color:blue\">Shingle Beach Campground</a>", "Layer Title": "Campsite", "Latitude": 49.57513, "Longitude": -124.32953, "x": -13840300.337, "y": 6373018.963 }, "geometry": { "type": "Point", "coordinates": [ -124.32953, 49.57513 ] } },
{ "type": "Feature", "properties": { "Title": "Pebbly Beach South Thormanby", "Description": "Campsite secondary", "Land Tenure": "Marine Provincial Park", "Tent Sites": "4", "Landing Comments": "Easy on protected smooth pebble, gravel beach of moderate to steep gradient. Some broken cobble at low water. E aspect. Drift logs can impede landing at very high water above 4.4 m. Prominent park sign. Vessel traffic, currents in adjacent Welcome Passage. Beware of ship wash.", "Camp Comments": "Undeveloped site. Small uneven grassed area among alders. Hammock opportunities. Picnic table. Tends to be damp. E aspect so shaded after noon.", "Other Comments": "Attractive. Extensive hiking trails including loop to Spyglass Hill. See <a href=\"https://bcparks.ca/simson-park/\" target=\"_blank\" style=\"color:blue\">Simson Provincial Park</a>", "Layer Title": "Campsite", "Latitude": 49.49676, "Longitude": -123.96233, "x": -13799423.453, "y": 6359574.837 }, "geometry": { "type": "Point", "coordinates": [ -123.96233, 49.49676 ] } },
{ "type": "Feature", "properties": { "Title": "Farm Bay", "Description": "Campsite primary", "Land Tenure": "Marine Provincial Park", "Tent Sites": "10", "Landing Comments": "Easy on moderate gradient broken cobble, pebble beach in narrow cove.  Slightly exposed SE aspect. Well protected from other directions. Many drift logs, flotsam potentially awkward at high water. Prominent white park 'dogwood' sign to N on low cliff near cove entrance.", "Camp Comments": "Campsite in roomy, grassy upland along former roadway, but sloped. Picnic table. No fires permitted but sign no longer present (2024). Hammock opportunities nearby.", "Other Comments": "Attractive. Water year-round at beaver pond 200 m NW. Wildlife viewing. Potential additional tent sites at adjacent former farm site near Park kiosk. Extensive hiking trails. See <a href=\"https://bcparks.ca/simson-park/\" target=\"_blank\" style=\"color:blue\">Simson Provincial Park</a> Also known as Alder Bay.", "Layer Title": "Campsite", "Latitude": 49.4763, "Longitude": -123.95928, "x": -13799083.929, "y": 6356069.395 }, "geometry": { "type": "Point", "coordinates": [ -123.95928, 49.4763 ] } },
{ "type": "Feature", "properties": { "Title": "Simson Central", "Description": "Dispersed site primary", "Land Tenure": "Marine Provincial Park", "Tent Sites": "7 - 10", "Landing Comments": "Easy on moderate gradient large protected beach of small rocks. Protected E aspect. Many drift logs. Rough trails cross small marsh behind beach in front of upland.", "Camp Comments": "Slightly lumpy sloping grass meadow, old roadbed offers several sites subject to minor levelling. Some drainage flows through site. Hammock opportunities. One high bluff tent pad. Numerous hazardous dead alder snags suggest avoiding during high winds.", "Other Comments": "Attractive. Water at seasonal stream. Extensive hiking trails throughout Park, including to Spyglass Hill. See <a href=https://bcparks.ca/simson-park/ target=_blank style=color:blue>Simson Provincial Park</a> Also known as Drift Bay,", "Layer Title": "Dispersed Site", "Latitude": 49.48792, "Longitude": -123.96026, "x": -13799193.022, "y": 6358060.408 }, "geometry": { "type": "Point", "coordinates": [ -123.96026, 49.48792 ] } },
{ "type": "Feature", "properties": { "Title": "Home Bay Jedediah Island", "Description": "Campsite primary", "Land Tenure": "Marine Provincial Park", "Tent Sites": "6 - 8", "Landing Comments": "Easy on firm mud with fine sand at top in protected cove. To avoid drying mudflats with embedded oysters, time landings for water levels 2.0 m or higher.", "Camp Comments": "Dispersed camping permitted on roomy, grassy site. 2 semi-developed sites, one near beach SE of orchard, one near orchard, homestead. Possible overflow sites nearby. Composting toilet. Camping fees apply 15 May to 15 September. May pre-pay permit via Internet, but no reservable sites. Fee $5.00 per person per night (2024) via <a href=https://camping.bcparks.ca/ target=_blank style=color:blue>BC Parks Backcountry Registration</a>.", "Other Comments": "Anchorages. 3.5 km of hiking trails. Historic farm, orchard. Feral sheep. Warm water swimming. Aka Sand Beach. See <a href=https://bcparks.ca/jedediah-island-marine-park/ target=_blank style=color:blue>Jedediah Island Provincial Marine Park</a>", "Layer Title": "Campsite", "Latitude": 49.497, "Longitude": -124.19456, "x": -13825275.401000001, "y": 6359616.366 }, "geometry": { "type": "Point", "coordinates": [ -124.19456, 49.497 ] } },
{ "type": "Feature", "properties": { "Title": "Mermaid Cove", "Description": "Campsite primary", "Land Tenure": "Provincial Park", "Tent Sites": "40 +", "Landing Comments": "Rocky beach. Paddlecraft may be launched at protected small ramp designed for disabled scuba divers giving water access approx 70 m from vehicle access. Nearby small cove also suitable, even more protected. S aspect. Vehicle access close to shore for boat pick up or drop off.", "Camp Comments": "Most sites set up for vehicle camping. Pit toilets, showers, change rooms. 15 sites may be reserved 1-800-689-9025. Fees charged.", "Other Comments": "View. Water at 5 taps in summer only. Walking trails. Wildlife viewing. Popular with scuba divers. Underwater bronze mermaid statue. Separate day use area, boat ramp, 1.5 km to W. Aquaculture operation close by. See <a href=https://bcparks.ca/saltery-bay-park/ target=_blank style=color:blue>Saltery Bay Provincial Park</a>", "Layer Title": "Campsite", "Latitude": 49.78092, "Longitude": -124.19037, "x": -13824808.416, "y": 6408420.964 }, "geometry": { "type": "Point", "coordinates": [ -124.19037, 49.78092 ] } },
{ "type": "Feature", "properties": { "Title": "Plumper Cove Keats Island Chaich-Ph", "Description": "Campsite primary", "Land Tenure": "Marine Provincial Park", "Tent Sites": "20 +", "Landing Comments": "Easy on small sheltered gravel beach adjacent to numerous floats, dock. S aspect. Landing option on beach with N aspect. Stowage for portable boats at beach top. Access up bank easier on N beach.", "Camp Comments": "Developed sites of packed soil, gravel in open treed area with central grass clearing. 5 sites are large. Fire rings, picnic tables. 4 pit toilets. Reservable group site also available. Some sites have S exposure, others on N slope. Mostly shaded. Fees charged.$16 per night per party (2023). Resident attendant. Winter camping with reduced services. Separate picnic area,", "Other Comments": "Water at hand pump seasonally. Large dock, anchorage, mooring buoys. Swimming. 2 km hiking trail to small seasonal store, foot ferry, dock at Keats Landing. Squamish (Coast Salish) name Chaich-Ph. See <a href=https://bcparks.ca/plumper-cove-marine-park/ target=_blank style=color:blue>Plumper Cove Marine Provincial Park</a>", "Layer Title": "Campsite", "Latitude": 49.40471, "Longitude": -123.47087, "x": -13744714.387, "y": 6343813.702 }, "geometry": { "type": "Point", "coordinates": [ -123.47087, 49.40471 ] } },
{ "type": "Feature", "properties": { "Title": "Halkett Bay Ch’á7elsem", "Description": "Campsite primary", "Land Tenure": "Marine Provincial Park", "Tent Sites": "8 - 12", "Landing Comments": "On W shore 200 m before head of protected bay. Low water access on E side of rock islet. Beach of sand, gravel pebble beside dock at high water, gravel, cobble to 100 mm S of creek. Some mud, mixed rocks at low water. S aspect. Park dock, float if present gives good access but not adjacent to sites.", "Camp Comments": "Developed sites some on 8 wooden platforms in semi-open meadow with sword ferns, grass. Pit toilet. Some picnic tables. Food storage bin. No fires. Some additional sites muddy in wet weather. Several unsanctioned overflow sites also regularly used. Camping fees apply year-round. May pre-pay permit via Internet, but no reservable sites. Fee $5.00 per person per night (2025) via BC Parks Backcountry Registration System.", "Other Comments": "Water at small waterfall at seasonal creek 5 min uphill from camp. Attractive. Extensive hiking trails. Dinghy dock under repair or removed 2025. Anchorage. Squamish (Coast Salish) name Ch’á7elsem. See <a href=\"https://bcparks.ca/halkett-bay-park/\" target=\"_blank\" style=\"color:blue\">Halkett Bay Provincial Marine Park</a>", "Layer Title": "Campsite", "Latitude": 49.45475, "Longitude": -123.32703, "x": -13728702.548, "y": 6352378.189 }, "geometry": { "type": "Point", "coordinates": [ -123.32703, 49.45475 ] } },
{ "type": "Feature", "properties": { "Title": "Porteau Cove Xwáŵchayay", "Description": "Campsite primary", "Land Tenure": "Provincial Park", "Tent Sites": "15 +", "Landing Comments": "Easy on mud, sand, rubble in sheltered cove or on exposed cobble, pebble outer beach. Lirrle or no foreshore at high water. See also Porteau Cove launch site description.", "Camp Comments": "Developed campground, reservations strongly recommended, walk-in sites 100% reservable. Toilets, picnic tables, shelter, fire pits, benches, showers, changing room.", "Other Comments": "Water at taps. Parking. Views. Noise from adjacent railway, highway. Anchorage. Short hiking trails. Squamish (Coast Salish) name Xwáŵchayay. See <a href=https://bcparks.ca/porteau-cove-park/ target=_blank style=color:blue>Porteau Cove Provincial Park</a>", "Layer Title": "Campsite", "Latitude": 49.55213, "Longitude": -123.23718, "x": -13718700.625, "y": 6369070.058 }, "geometry": { "type": "Point", "coordinates": [ -123.23718, 49.55213 ] } },
{ "type": "Feature", "properties": { "Title": "Bold Head Pekwesqan", "Description": "Campsite secondary", "Land Tenure": "Marine Provincial Park", "Tent Sites": "9", "Landing Comments": "Difficult landing in bay to W with exposed SW aspect on small boulders or to SW (also SW aspect) on rock ledges or boulder beach of peninsula under Bold Head cliffs. May be difficult in W wind.", "Camp Comments": "9 raised wooden tent platforms on clear level areas on rock headland. Vault toilet. No fires. Exposed to W. Camping fees apply 1 June to 15 September. Either pre-pay permit via Internet or at Lund or Okeover launch sites, but no reservable sites. Camp only at designated sites.", "Other Comments": "View. See <a href=\"https://bcparks.ca/desolation-sound-marine-park/\" target=\"_blank\" style=\"color:blue\">Desolation Sound Marine Provincial Park</a>", "Layer Title": "Campsite", "Latitude": 50.11577, "Longitude": -124.71906, "x": -13883661.951, "y": 6466348.941 }, "geometry": { "type": "Point", "coordinates": [ -124.71906, 50.11577 ] } },
{ "type": "Feature", "properties": { "Title": "Curme Islands east", "Description": "Campsite primary", "Land Tenure": "Marine Provincial Park", "Tent Sites": "8 - 12", "Landing Comments": "Moderate on rock shelf, small beach in central drying cove between W, E islands. Reefs.", "Camp Comments": "12 wooden tent platforms on rocky shelves among low bluffs. S or E aspect. Toilet, picnic area. No fires permitted. Foot access at low and mid tides only to West Curme Island. Camping fees apply 1 June to 15 September. Either pre-pay permit via Internet or at Lund or Okeover launch sites, but no reservable sites. Camp only at designated sites.", "Other Comments": "View. See <a href=\"https://bcparks.ca/desolation-sound-marine-park/\" target=\"_blank\" style=\"color:blue\">Desolation Sound Marine Provincial Park</a>Park Operator: 1312768 BC Ltd email DesolationSound.Camping@outlook.com", "Layer Title": "Campsite", "Latitude": 50.1167, "Longitude": -124.74489, "x": -13886538.101, "y": 6466510.999 }, "geometry": { "type": "Point", "coordinates": [ -124.74489, 50.1167 ] } },
{ "type": "Feature", "properties": { "Title": "Tenedos Bay Kumken", "Description": "Campsite primary", "Land Tenure": "Marine Provincial Park", "Tent Sites": "8", "Landing Comments": "Easy on mixed beach in protected bay. W aspect. Cleared boat run. Beach largely floods at Springs.", "Camp Comments": "Protected all weather site. 3 raised wooden tent platforms, cleared grass areas. Vault toilet. Picnic area. Fire rings. Interpretive sign. Suitable for group. Camping fees apply 1 June to 15 September. Either pre-pay permit via Internet or at Lund or Okeover launch sites, but no reservable sites. Camp only at designated sites. Food cache above the tent platforms on the right.", "Other Comments": "Year-round stream flows nearby. Short hiking trail to lake swimming. Popular anchorage. See <a href=\"https://bcparks.ca/desolation-sound-marine-park/\" target=\"_blank\" style=\"color:blue\">Desolation Sound Marine Provincial Park</a>", "Layer Title": "Campsite", "Latitude": 50.12382, "Longitude": -124.689, "x": -13880316.277000001, "y": 6467746.562 }, "geometry": { "type": "Point", "coordinates": [ -124.689, 50.12382 ] } },
{ "type": "Feature", "properties": { "Title": "Hare Point Maseqw", "Description": "Campsite primary", "Land Tenure": "Marine Provincial Park", "Tent Sites": "15 +", "Landing Comments": "Easy on 2 sheltered rough beaches of pebble, larger stones on W (SW aspect) and E (SE aspect) sides of small peninsula. E side with boat run, smaller stones usually preferred. Strong currents, turbulence at tide changes.", "Camp Comments": "17 wooden tent platforms. 2 toilets. Picnic area. No fires. Camping fees apply 1 June to 15 September. Either pre-pay permit via Internet or at Lund or Okeover launch sites, but no reservable sites. Camp only at designated sites.", "Other Comments": "View. Also known as Maseqw or Purple Urchin. See <a href=\"https://bcparks.ca/desolation-sound-marine-park/\" target=\"_blank\" style=\"color:blue\">Desolation Sound Marine Provincial Park</a>. Sometimes overcrowded.", "Layer Title": "Campsite", "Latitude": 50.06102, "Longitude": -124.78849, "x": -13891391.542, "y": 6456850.751 }, "geometry": { "type": "Point", "coordinates": [ -124.78849, 50.06102 ] } },
{ "type": "Feature", "properties": { "Title": "Feather Cove", "Description": "Campsite primary", "Land Tenure": "Provincial Park", "Tent Sites": "9", "Landing Comments": "Easy on beach of angular cobble at low water, smoother pebble above. Gentle gradient. Exposed to N but otherwise protected. N aspect.", "Camp Comments": "Sites in trees with 9 tent platforms on E headland. Metal food bin. Toilet. No fires. Beach camping possible also at neaps only. Camping fees apply 1 June to 15 September. Either pre-pay permit via Internet or at Lund or Okeover launch sites, but no reservable sites. Camp only at designated sites.", "Other Comments": "Site shared with branch of Sunshine Coast hiking Trail. See <a href=\"https://bcparks.ca/malaspina-park/\" target=\"_blank\" style=\"color:blue\">Malaspina Provincial Park</a>", "Layer Title": "Campsite", "Latitude": 50.06321, "Longitude": -124.82061, "x": -13894966.523, "y": 6457230.754 }, "geometry": { "type": "Point", "coordinates": [ -124.82061, 50.06321 ] } },
{ "type": "Feature", "properties": { "Title": "Wishart Whale Tail", "Description": "Informal site secondary", "Land Tenure": "Crown Conservancy", "Tent Sites": "3", "Landing Comments": "Sheltered bays around whale-tail-shaped isthmus. Various easy approaches onto low gradient pebble, mud or clam bed beaches. Drift logs.", "Camp Comments": "Sheltered, undeveloped. Pebbly upper beach sites for 2-3 tents at Neaps but unreliable at Springs. Easy upland access but dense vegetation. Possible upland sites if brushed. Hammock opportunities. Other tent sites might be found nearby with more searching. Possible camp at neck of isthmus. Wishart Island reported to have a R Washburne cabin - location, condition unknown.", "Other Comments": "See <a href=\"https://bcparks.ca/mahpahkum-ahkwuna-deserters-walker-conservancy/\" target=\"_blank\" style=\"color:blue\">Mahpahkum-Ahkwuna/Deserters-Walker Conservancy</a>.", "Layer Title": "Dispersed Site", "Latitude": 50.87269, "Longitude": -127.48051, "x": -14191065.771, "y": 6598804.244 }, "geometry": { "type": "Point", "coordinates": [ -127.48051, 50.87269 ] } },
{ "type": "Feature", "properties": { "Title": "Boyles Point", "Description": "Informal site primary", "Land Tenure": "Provincial Forest", "Tent Sites": "2 - 5", "Landing Comments": "Land on 25 m band of sand at centre beach of long bay N of point. Cobble, boulders to 30 cm at sides or at mid or high water. Enter bay to E of boomer. Reefs give some protection from E, otherwise well sheltered. Strong currents in Wells Passage. Abundant drift logs. Paddlers may prefer to land at hung small float marker nearer rocky point for easier high water tent site access.", "Camp Comments": "Upland site for 2 tents 30 m behind point or rock bluff at S end of beach. Look for hung float. Additional small upland sites in forest 50 m -100 m further N if brushed of salal. Drift logs hinder access. Some users have camped on flat rock ledges to W of point.", "Other Comments": "1 NM to N, Kenneth R in Kenneth Bay offers possible water source, but access not verified.", "Layer Title": "Informal Site", "Latitude": 50.81872, "Longitude": -127.01538, "x": -14139287.792, "y": 6589289.236 }, "geometry": { "type": "Point", "coordinates": [ -127.01538, 50.81872 ] } },
{ "type": "Feature", "properties": { "Title": "Cattle Islands", "Description": "Dispersed site primary", "Land Tenure": "Provincial Recreation Site", "Tent Sites": "8", "Landing Comments": "Easy on shell, sand beach W aspect.", "Camp Comments": "Sheltered, undeveloped. Large forested upland site reached from S end of beach along shell trail. Suited to small groups. Additional beach camping except at Springs. Hammock opportunities.", "Other Comments": "Attractive but beach visible from Fort Rupert 0.8 NM away. Shellfish aquaculture floats offshore nearby.", "Layer Title": "Campsite", "Latitude": 50.71399, "Longitude": -127.40597, "x": -14182767.927, "y": 6570856.425 }, "geometry": { "type": "Point", "coordinates": [ -127.40597, 50.71399 ] } },
{ "type": "Feature", "properties": { "Title": "Bere Point", "Description": "Campsite secondary", "Land Tenure": "Regional", "Tent Sites": "30 +", "Landing Comments": "Moderate to steep cobble beach. Drift logs, kelp.", "Camp Comments": "Developed site set up for RVs. Picnic tables. Pit toilets. Reservations accepted. The Mamalilikulla prefer this site not to be shown to the public for archaelogical reasons.", "Other Comments": "Non-potable water at tap. Boat launch (high water only). Hiking trail to whale rubbing beach, viewing platform. Hydrophones. Regional Park of Mt Waddington Regional District. See <a href=https://www.rdmw.bc.ca/regional-services/parks/bere-point-campsite target=_blank style=color:blue>Bere Point Regional Park</a>", "Layer Title": "Campsite", "Latitude": 50.66733, "Longitude": -127.05367, "x": -14143549.481000001, "y": 6562658.463 }, "geometry": { "type": "Point", "coordinates": [ -127.05367, 50.66733 ] } },
{ "type": "Feature", "properties": { "Title": "Graeme Point north", "Description": "Informal site secondary", "Land Tenure": "Crown", "Tent Sites": "unknown", "Landing Comments": "Cobble beach. Exposed. Fairly steep. Kelp.", "Camp Comments": "Many possibilities along beach berm.", "Other Comments": "No comments.", "Layer Title": "Informal Site", "Latitude": 50.65154, "Longitude": -127.1476, "x": -14154005.531, "y": 6559884.363 }, "geometry": { "type": "Point", "coordinates": [ -127.1476, 50.65154 ] } },
{ "type": "Feature", "properties": { "Title": "Graeme Point", "Description": "Informal site primary", "Land Tenure": "Crown", "Tent Sites": "unknown", "Landing Comments": "Cobble beach. Exposed. Fairly steep. Kelp.", "Camp Comments": "Many possibilities along beach.", "Other Comments": "No comments.", "Layer Title": "Informal Site", "Latitude": 50.63908, "Longitude": -127.16288, "x": -14155707.417, "y": 6557698.347 }, "geometry": { "type": "Point", "coordinates": [ -127.16288, 50.63908 ] } },
{ "type": "Feature", "properties": { "Title": "Penn Islands central", "Description": "Informal site secondary", "Land Tenure": "Crown", "Tent Sites": "2 - 5", "Landing Comments": "Moderate on rough boulder beach with low to medium slope, reefs. Pebble, smaller 10-20 cm angular cobble in broad band with oysters at lower water. Larger 20-30 cm angular cobble at high water. W aspect. Exposed to W, S", "Camp Comments": "2 upland sites at centre bay if brushed. w possible upper beach sites at neaps. NE side has further potential. 1-2 additional sites possible with second beach access. Small sites on mossy rock bluffs.", "Other Comments": "View. Old cabin, garbage present (2023).", "Layer Title": "Informal Site", "Latitude": 50.18347, "Longitude": -125.02368, "x": -13917572.762, "y": 6478109.876 }, "geometry": { "type": "Point", "coordinates": [ -125.02368, 50.18347 ] } },
{ "type": "Feature", "properties": { "Title": "Waiatt Bay", "Description": "Dispersed site secondary", "Land Tenure": "Provincial Park", "Tent Sites": "2 - 3", "Landing Comments": "Easy on low gradient pebble, shell clam bed beach. Cobble at high water. Sheltered. Long carry at low water,", "Camp Comments": "Some camping use. Small forest clearing. Undeveloped user-maintained wilderness site.", "Other Comments": "Water at creek. Attractive. Trail to lake. Heavy day use. Staging for portage to Small Inlet. View. Beach fires are banned all year round. See <a href=\"https://bcparks.ca/small-inlet-marine-park/\" target=\"_blank\" style=\"color:blue\">Small Inlet Marine Park</a>.", "Layer Title": "Dispersed Site", "Latitude": 50.26292, "Longitude": -125.2595, "x": -13943823.757, "y": 6491933.5 }, "geometry": { "type": "Point", "coordinates": [ -125.2595, 50.26292 ] } },
{ "type": "Feature", "properties": { "Title": "Shark Spit", "Description": "Informal site secondary", "Land Tenure": "Private", "Tent Sites": "15", "Landing Comments": "Easy on sand, pebble. SE side preferred as conditions permit. Long carry at low water, especially from NW side. Currents.", "Camp Comments": "Undeveloped beach site tides permitting or grassy upland in trees. Pit toilet. No fires. Camp furniture. 2 picnic tables. When occupied, some paddlers have camped further S on same shore, also nearer to W shore.", "Other Comments": "Camping by paddlers tolerated by generous landowner to date (2024). Significant local use. Please make every effort to camp responsibly adhering to Code of Conduct.", "Layer Title": "Private or Commercial", "Latitude": 50.08697, "Longitude": -125.04492, "x": -13919936.453, "y": 6461350.586 }, "geometry": { "type": "Point", "coordinates": [ -125.04492, 50.08697 ] } },
{ "type": "Feature", "properties": { "Title": "We Wai Kai", "Description": "Commercial", "Land Tenure": "First Nation", "Tent Sites": "50 +", "Landing Comments": "Easy on low gradient protected pebble beach. Long carry at low water.", "Camp Comments": "Developed commercial campground. Waterfront serviced sites for RVs etc. Toilets, showers, water at taps. Office, further sites across road from beach.", "Other Comments": "Adjacent to Rebecca Spit Provincial Park. Trails, other nearby facilities. See <a href=https://wewaikaicampsite.com/ target=_blank style=color:blue>We Wai Kai Campsite</a>. Owned and operated by the Cape Mudge Indian Band (We Wai Kai Nation). Fees charged. Beach fires are banned all year round.", "Layer Title": "Private or Commercial", "Latitude": 50.09002, "Longitude": -125.18467, "x": -13935494.243000001, "y": 6461880.652 }, "geometry": { "type": "Point", "coordinates": [ -125.18467, 50.09002 ] } },
{ "type": "Feature", "properties": { "Title": "Mels Beach", "Description": "Campsite secondary", "Land Tenure": "Crown (Hanson Island Lease)", "Tent Sites": "1 - 2", "Landing Comments": "Easy, on protected moderate gradient cobble, pebble beach in protected bay. N aspect.", "Camp Comments": "Undeveloped. Gloomy, damp but spacious. 1 tent site in upland second growth forest. Second site requires brushing. 2 or 3 additional sites overgrown (2021). Minor brushing could yield more tent sites. Larger sites on E side. Possible beach camping. Suited to hammocks. Sites littered with debris. Many trees reported to be rotten so camping could be hazardous in windy conditions.", "Other Comments": "Water at seasonal creek. Hiking trails crossed island but reported to be impasable. Whale watching. Bay known as Dong Chong Bay. One of the 4 sites on Hanson I sanctioned by Yukusam Heritage Society for public use. Logging relics. Messy with abandoned boat gear that was to be removed by YHS/Namgis 2014 but still present 2021.", "Layer Title": "Campsite", "Latitude": 50.57753, "Longitude": -126.72882, "x": -14107387.344000001, "y": 6546901.756 }, "geometry": { "type": "Point", "coordinates": [ -126.72882, 50.57753 ] } },
{ "type": "Feature", "properties": { "Title": "Potts Lagoon", "Description": "Informal site primary", "Land Tenure": "Provincial Forest", "Tent Sites": "4", "Landing Comments": "Easy in sheltered bay except at low water. Rocks at high water, sand, mud at low.", "Camp Comments": "Upland forest site. Access up steep bank with rope to assist on E side of bay. Alternate access via rocks 20 m to N. Fire ring.", "Other Comments": "Ecologically interesting. Anchorage.", "Layer Title": "Informal Site", "Latitude": 50.56487, "Longitude": -126.45375, "x": -14076767.059, "y": 6544681.637 }, "geometry": { "type": "Point", "coordinates": [ -126.45375, 50.56487 ] } },
{ "type": "Feature", "properties": { "Title": "Paddlers Inn Broughton Archipelago", "Description": "Commercial", "Land Tenure": "Private", "Tent Sites": "none", "Landing Comments": "Low floats.", "Camp Comments": "No camping but several opportunities nearby. Float house self catering lodge, small cabin and shore sited cabin available for rent. Shower, flush toilet.", "Other Comments": "The main goal of the Paddlers Inn is to provide their clients with the beauty of the BC coastline combined with comfortable, safe experiences. Mostly easy and interesting paddling, comparatively safe for beginners. Phone: 250-230-0088 or e-mail: info@paddlersinn.ca or website: <a href=https://paddlersinn.ca/ target=_blank style=color:blue>Paddlers Inn</a>.", "Layer Title": "Private or Commercial", "Latitude": 50.76047, "Longitude": -126.4879, "x": -14080568.62, "y": 6579031.931 }, "geometry": { "type": "Point", "coordinates": [ -126.4879, 50.76047 ] } },
{ "type": "Feature", "properties": { "Title": "Hot Springs Cove - ʔupnit", "Description": "Commercial", "Land Tenure": "First Nation, Private", "Tent Sites": "10", "Landing Comments": "Sheltered inlet. Easy at high water at cleared boat run among boulders. Moderate at low water on steep boulder, cobble beach. Boat, float plane traffic. Optional landing near public dock.", "Camp Comments": "Developed campsite with very small rough sites. Tent sites are long walk from public / park dock, beach where some paddlers might prefer to land. Shelter, picnic table. Rough pit toilet, likely unusable. No fires. Fee charged. Site operator suggests using composting toilets in adjacent Provincial Park. Site operator will bring water from village in jugs but only on request. Subject also to Ahousaht Stewardship Fee.", "Other Comments": "Access fee requested $15 per person for accessing the hot springs along boardwalk. 2 km walk from dock to Hot Springs. Water is available at the adjacent provincial park. Hot springs open to general public from dawn to dusk but permitted commercial operators may only bring guests in 11 am-5 pm. Some hours reserved for Nuu-chah-nulth visits only.", "Layer Title": "Private or Commercial", "Latitude": 49.36335, "Longitude": -126.26472, "x": -14055723.968, "y": 6336740.69 }, "geometry": { "type": "Point", "coordinates": [ -126.26472, 49.36335 ] } },
{ "type": "Feature", "properties": { "Title": "Yuquot", "Description": "Commercial", "Land Tenure": "IR", "Tent Sites": "nan", "Landing Comments": "Easy landing on sand, gravel beach S of large dock. <a href=https://explorenootka.com/product/yuquot-heritage-site-landing-fee/ target=_blank style=color:blue>Yuquot Heritage site landing fee</a>.", "Camp Comments": "Developed commercial campground in mowed field and cabin accommodation nearby. Paddlers may camp on upland beside beach. Landing and camping fees. Toilets. <a href=\"https://explorenootka.com/product/yuquot-camping-rental/\" target=\"_blank\" style=\"color:blue\">Yuquot Camping Rental</a>", "Other Comments": "Tiny community. Trailhead for Nootka Trail. Other small trails in vicinity. Historic site. Summer freighter service from Gold River, Tahsis. Anchorage - Provincial Boat Haven. Museum in former church. Lighthouse may be visited. Aka Friendly Cove", "Layer Title": "Private or Commercial", "Latitude": 49.59237, "Longitude": -126.62067, "x": -14095348.976, "y": 6375977.772 }, "geometry": { "type": "Point", "coordinates": [ -126.62067, 49.59237 ] } },
{ "type": "Feature", "properties": { "Title": "San Josef Heritage Park", "Description": "Commercial", "Land Tenure": "Private", "Tent Sites": "20", "Landing Comments": "Steep gravel launch in river maintained by BC Parks.  Advisable to paddle river at high tide. Low water impedes 3 NM channel, can give high surf at river mouth.", "Camp Comments": "NB. Road closure for bridge replacement Sept 2018. Developed. San Josef Heritage Park Campground. Pit toilets, fire pits, picnic tables. Ph. 250-288-3682. Reported (7-2024) The commercial campground near the boat launch has been abandoned and doesn't appear to be a safe place to leave a car anymore.", "Other Comments": "Water, but not potable. Safe overnight vehicle parking. Fees charged.", "Layer Title": "Private or Commercial", "Latitude": 50.67993, "Longitude": -128.23983, "x": -14275592.942, "y": 6564871.724 }, "geometry": { "type": "Point", "coordinates": [ -128.23983, 50.67993 ] } },
{ "type": "Feature", "properties": { "Title": "Middle Copeland Nuxwum", "Description": "Campsite primary", "Land Tenure": "Marine Provincial Park", "Tent Sites": "10", "Landing Comments": "Easy on 2 beaches of gravel, cobble with either NE or SW aspects at opposite ends of small island. Preferred landing is at N tip. S landing has little or no area for boat storage ashore. Vessel traffic in Thulin Passage.", "Camp Comments": "10 tent pads. Vault toilet in centre. Picnic area, table at N end. No fires. Exposed to W. Camping fees apply 1 June to 15 September. Either pre-pay permit via Internet or at Lund or Okeover launch sites, but no reservable sites. Camp only at designated sites.", "Other Comments": "Attractive, view. Aka Weed Island. View. See <a href=https://bcparks.ca/copeland-islands-marine-park/ target=_blank style=color:blue>Copeland Islands Marine Park</a>", "Layer Title": "Campsite", "Latitude": 50.01979, "Longitude": -124.81783, "x": -13894657.389, "y": 6449703.428 }, "geometry": { "type": "Point", "coordinates": [ -124.81783, 50.01979 ] } },
{ "type": "Feature", "properties": { "Title": "West Curme Island", "Description": "Campsite primary", "Land Tenure": "Marine Provincial Park", "Tent Sites": "9", "Landing Comments": "Easy in central cove at mid or high water. Small beach or rock shelf. Awkward at low water. Narrow channel dries. Reefs. Also in small bay on NE side at all tides.", "Camp Comments": "9 wooden raised tent platforms on treed rock ledges, bluffs on W side. Vault toilet. Picnic area. No fires. Camping fees apply 1 June to 15 September. Either pre-pay permit via Internet or at Lund or Okeover launch sites, but no reservable sites. Camp only at designated sites.", "Other Comments": "Attractive. View. E and W islands connect at mid, low water. See <a href=https://bcparks.ca/desolation-sound-marine-park/ target=_blank style=color:blue>Desolation Sound Marine Provincial Park</a>Park Operator: 1312768 BC Ltd email DesolationSound.Camping@outlook.com", "Layer Title": "Campsite", "Latitude": 50.11726, "Longitude": -124.74635, "x": -13886699.96, "y": 6466607.385 }, "geometry": { "type": "Point", "coordinates": [ -124.74635, 50.11726 ] } },
{ "type": "Feature", "properties": { "Title": "Pig Ranch north", "Description": "Informal site primary", "Land Tenure": "Crown Conservancy", "Tent Sites": "6 - 8", "Landing Comments": "Easy on low gradient firm clam bed beach with cobble, pebble surface in protected bay. No beach at high water. Drift logs.", "Camp Comments": "Semi-exposed, unattractive 2 sites in trees. Camping on point to S not permitted. Occasional use by commercial groups.", "Other Comments": "Water at seasonal creek. Views. See <a href=\"https://bcparks.ca/qwiquallaaq-boat-bay-conservancy/\" target=\"_blank\" style=\"color:blue\">Qwiquallaaq/Boat Bay Conservancy</a>.", "Layer Title": "Dispersed Site", "Latitude": 50.53142, "Longitude": -126.60892, "x": -14094040.137, "y": 6538821.607 }, "geometry": { "type": "Point", "coordinates": [ -126.60892, 50.53142 ] } },
{ "type": "Feature", "properties": { "Title": "Broken Islands Havannah Channel", "Description": "Informal site primary", "Land Tenure": "Crown", "Tent Sites": "6", "Landing Comments": "Easy, rough pebble/cobble beaches, reefs, kelp, sheltered cove NE side of largest island.", "Camp Comments": "Semi-developed camp in forest or small rough beach sites between logs. Beach on NW side might offer another option depending on number of drift logs. Not used often. Windthrown trees might block some tent sites and/or create hazards for camping.", "Other Comments": "Views, wildlife.", "Layer Title": "Informal Site", "Latitude": 50.51353, "Longitude": -126.29288, "x": -14058859.46, "y": 6535690.358 }, "geometry": { "type": "Point", "coordinates": [ -126.29288, 50.51353 ] } },
{ "type": "Feature", "properties": { "Title": "Kaikash Creek", "Description": "Campsite primary", "Land Tenure": "Provincial Recreation Site", "Tent Sites": "20", "Landing Comments": "Easy, on firm gravel, pebble/cobble. At low water avoid larger rocks at centre beach. Vessel traffic, exposed.", "Camp Comments": "Extensive site along old road. Composting toilet. Site needs some maintenance (2022). Picnic tables in disrepair. Adjacent commercial site has irregular tent platforms, other structures but is not part of public site.", "Other Comments": "Water at creek. View. Whale watching information sign. Good wind protection. Site maintained by Namgis First Nation. Adjacent site receives heavy use by guided groups.", "Layer Title": "Campsite", "Latitude": 50.51817, "Longitude": -126.69667, "x": -14103808.422, "y": 6536501.518 }, "geometry": { "type": "Point", "coordinates": [ -126.69667, 50.51817 ] } },
{ "type": "Feature", "properties": { "Title": "Naka Creek", "Description": "Campsite primary", "Land Tenure": "Provincial Recreation Site", "Tent Sites": "15", "Landing Comments": "Easy on gravel, pebble beach. Exposed. See Naka Creek hand launch.", "Camp Comments": "Semi exposed developed site. Pit toilet. Picnic tables. At least one party camped on breakwater at N50D 28.733M,W 126D 25.19M (WGS84).", "Other Comments": "Water from culvert above the rec site - use at own risk. Road access via Eve Main and Naka Main but could be rough. Eve Main is active logging road, use mobile radio (June 2025). Parking. View. Boat launch. Caretaker occasionally. No fee charged but some paddlers have been asked to pay. Robson Bight whale rubbing beach, is over 5km away AND is closed to all entry. Not even kayakers may enter the bay.", "Layer Title": "Campsite", "Latitude": 50.47757, "Longitude": -126.42677, "x": -14073763.882, "y": 6529396.17 }, "geometry": { "type": "Point", "coordinates": [ -126.42677, 50.47757 ] } },
{ "type": "Feature", "properties": { "Title": "Nichols Bay", "Description": "Informal site secondary", "Land Tenure": "Provincial Forest", "Tent Sites": "1 - 3", "Landing Comments": "Deep bay with steep pebble, gravel beaches. SE aspect. Many piled drift logs make landing difficult at mid, high water.  Beach normally floods. Well protected from W. Open to SE swell. Wash from N bound ships comes ashore. Reporter in 2024 considered high water landing too dangerous to attempt due to drift log pileup.", "Camp Comments": "Undeveloped. Small areas of beach gravel give access to small cleared upland forest site on NE of bay. Minor brushing may be needed. Clearcut behind. Beach sites might be possible at Neaps, avoiding carry over drift logs, deadfall.", "Other Comments": "Usable for NW conditions at low water but marginal.", "Layer Title": "Informal Site", "Latitude": 50.43726, "Longitude": -125.96688, "x": -14022568.493000001, "y": 6522349.199 }, "geometry": { "type": "Point", "coordinates": [ -125.96688, 50.43726 ] } },
{ "type": "Feature", "properties": { "Title": "Waterfall Beach", "Description": "Informal site secondary", "Land Tenure": "Provincial Forest", "Tent Sites": "1", "Landing Comments": "Moderate on pebble beach, exposed to NW. Some shelter in creek mouth.", "Camp Comments": "Hazardous. Upland forest site 50 m S of creek in front of small cliff had rockfall 2021 May 2023 report of difficult access, also fallen tree at waterfall, At Neaps potential beach camp next to drift logs.", "Other Comments": "Water at small falls, likely year-round. View.", "Layer Title": "Informal Site", "Latitude": 50.41248, "Longitude": -125.98695, "x": -14024803.121, "y": 6518019.514 }, "geometry": { "type": "Point", "coordinates": [ -125.98695, 50.41248 ] } },
{ "type": "Feature", "properties": { "Title": "Walkem Point", "Description": "Informal site secondary", "Land Tenure": "Provincial Forest, Provincial Recreation Reserve", "Tent Sites": "10", "Landing Comments": "Low gradient silty clam bed at low water. Cobble, scattered boulders, pebble at high water. Existing boat runs in need of maintenance. Various other pebble beaches along shores to E.", "Camp Comments": "Beach sites feasible at tides below 4.1 m. Extensive open third growth forest, thinned some years ago. Several level areas. Big spruce tree at main beach site, upland access.", "Other Comments": "Water at braided seasonal creek crosses centre beach. View. Aka North of Walkem Islands.", "Layer Title": "Informal Site", "Latitude": 50.37331, "Longitude": -125.53034, "x": -13973973.929, "y": 6511179.101 }, "geometry": { "type": "Point", "coordinates": [ -125.53034, 50.37331 ] } },
{ "type": "Feature", "properties": { "Title": "Sonora Island southwest", "Description": "Informal site primary", "Land Tenure": "Provincial Forest, Provincial Recreation Reserve", "Tent Sites": "10", "Landing Comments": "Easy on low gradient gravel, cobble beach in shallow bay. Riprap breakwater protects N side. Exposed SW aspect. 50 m carry at low water. Currents offshore. Ship wash. Prominent rock pile at entrance.", "Camp Comments": "Undeveloped, sheltered large inactive log dump. Grass, broom.", "Other Comments": "Water at creek, possibly year-round. View. Inactive log handling reserve. Old orchard, cabin. Aka Discovery Mountain Cove.", "Layer Title": "Informal Site", "Latitude": 50.3163, "Longitude": -125.40173, "x": -13959657.096000001, "y": 6501234.696 }, "geometry": { "type": "Point", "coordinates": [ -125.40173, 50.3163 ] } },
{ "type": "Feature", "properties": { "Title": "Florence Cove", "Description": "Informal site secondary", "Land Tenure": "Provincial Recreation Reserve", "Tent Sites": "1 - 2", "Landing Comments": "Easy on sand, mud, pebble beach with some larger rocks. S aspect.", "Camp Comments": "Undeveloped. Small upland grassy site about 15 m up from beach or sites on beach except during Springs. Potential for more sites. Sheltered. SW aspect. Somewhat damp. Could be buggy.", "Other Comments": "Water at seasonal creek. Report of year-round water at creek 200-300 m to N around point suitable for boat access. Staging for local channels. Some fish farm and other debris. Possibly a former or inactive log dump.", "Layer Title": "Informal Site", "Latitude": 50.31323, "Longitude": -125.16347, "x": -13933133.379000001, "y": 6500700.09 }, "geometry": { "type": "Point", "coordinates": [ -125.16347, 50.31323 ] } },
{ "type": "Feature", "properties": { "Title": "Little Bear Bay", "Description": "Campsite secondary", "Land Tenure": "Provincial Recreation Site", "Tent Sites": "10", "Landing Comments": "Easy, gravel/pebble/cobble, exposed, vessel traffic, currents, wind. Land at river mouth between camp sites..", "Camp Comments": "Developed. Picnic tables. Heavy RV use. pit toilet, picnic tables, fire rings. Maintained.Nearby fish hatchery runs audible generator at all times.", "Other Comments": "Water at nearby creek. View Parking limited if not camping. See also launch site details. .", "Layer Title": "Campsite", "Latitude": 50.33788, "Longitude": -125.51799, "x": -13972598.587, "y": 6504997.826 }, "geometry": { "type": "Point", "coordinates": [ -125.51799, 50.33788 ] } },
{ "type": "Feature", "properties": { "Title": "Octopus west shore", "Description": "Dispersed site secondary", "Land Tenure": "Provincial Park", "Tent Sites": "2 - 4", "Landing Comments": "Beach inside S facing point. Easy on low gradient mud, pebble, clam bed beach adjacent to bedrock outcrops. SW aspect. Sheltered from most winds.", "Camp Comments": "Grassy upland sites on two lightly forested levels. Undeveloped user maintained wilderness site. Site was previously suggested 190 m SW across bay at muddier, lower gradient shore.", "Other Comments": "Water at creek 100 m to W in corner of bay. Attractive. View. Beach fires are banned all year round. See <a href=\"https://bcparks.ca/octopus-islands-marine-park/\" target=\"_blank\" style=\"color:blue\"> Octopus Islands Marine Park.</a>", "Layer Title": "Dispersed Site", "Latitude": 50.27921, "Longitude": -125.23425, "x": -13941012.94, "y": 6494771.418 }, "geometry": { "type": "Point", "coordinates": [ -125.23425, 50.27921 ] } },
{ "type": "Feature", "properties": { "Title": "South Rendezvous Island south", "Description": "Dispersed site primary", "Land Tenure": "Marine Provincial Park", "Tent Sites": "10", "Landing Comments": "Awkward in protected cove N of islet. Some rubble, gravel, pebble. Boulders at high water. All-weather protection. Boat run cleared of larger boulders. Boat may be lined out to W. Alternate approach to S of islet also has boat run but rougher except at tides below 1 m when N side shows awkward concrete retaining wall.", "Camp Comments": "Camp in sloping protected grassy meadow. Clear tent sites, some shaded. Open air pit toilet no longer serviceable (2024). Undeveloped user maintained wilderness camping. One tent site on islet. Hazardous tree snag noted 2024.", "Other Comments": "Possible but unreliable water at seasonal creek. Former homestead. Pilings of old boathouse. Attractive. Staging area for tidal rapids. See <a href=\"https://bcparks.ca/rendezvous-island-south-park/\" target=\"_blank\" style=\"color:blue\"> Rendezvous Island South Provincial Park</a>", "Layer Title": "Dispersed Site", "Latitude": 50.25635, "Longitude": -125.03321, "x": -13918633.37, "y": 6490790.164 }, "geometry": { "type": "Point", "coordinates": [ -125.03321, 50.25635 ] } },
{ "type": "Feature", "properties": { "Title": "Waiatt Bay south", "Description": "Dispersed site secondary", "Land Tenure": "Provincial Park", "Tent Sites": "1 - 2", "Landing Comments": "Easy on mud, pebble.", "Camp Comments": "At least one upland sloped dry site on duff above bank. Others on lower grassy wet areas that might flood at Springs. Potential for more sites. May be better tent sites slightly to W. Undeveloped user-maintained wilderness site.", "Other Comments": "Largest island to NE is recently acquired (2019) for Park. Has frequently visited old cabin full of memorabilia left by visitors. Beach fires are banned all year round. See <a href=\"https://bcparks.ca/octopus-islands-marine-park/\" target=\"_blank\" style=\"color:blue\">Octopus Islands Marine Park.</a>", "Layer Title": "Dispersed Site", "Latitude": 50.26352, "Longitude": -125.23528, "x": -13941127.966, "y": 6492037.983 }, "geometry": { "type": "Point", "coordinates": [ -125.23528, 50.26352 ] } },
{ "type": "Feature", "properties": { "Title": "Waiatt Bay islet", "Description": "Dispersed site secondary", "Land Tenure": "Provincial Park", "Tent Sites": "2", "Landing Comments": "Awkward on bedrock ledges. Easy on gravel at low water.", "Camp Comments": "Undeveloped. Open grassy bluffs at S end.", "Other Comments": "Attractive. View. Beach fires are banned all year round. See <a href=\"https://bcparks.ca/octopus-islands-marine-park/\" target=\"_blank\" style=\"color:blue\">Octopus Islands Marine Park</a>.", "Layer Title": "Dispersed Site", "Latitude": 50.26534, "Longitude": -125.22407, "x": -13939879.329, "y": 6492355.635 }, "geometry": { "type": "Point", "coordinates": [ -125.22407, 50.26534 ] } },
{ "type": "Feature", "properties": { "Title": "Freedom Point", "Description": "Campsite primary", "Land Tenure": "Provincial Recreation Site", "Tent Sites": "10", "Landing Comments": "Moderate on beach of sharp angular cobble, pebble, rubble. Approach from S. Boat run cleared through larger rocks. S aspect.", "Camp Comments": "Large semi-developed site on point, could use more leveling. Other dispersed tent sites. Composting toilet along trail to NE away from shoreline. <strong>Warning: June 2025 hazardous tree along path to rear tent sites- caution.</strong>", "Other Comments": "Water at small seasonal creek. Staging for Surge Narrows. Occasionally used by large groups. Aka Surge Point - so named on topo maps but Surge Pt proper lies to N.", "Layer Title": "Campsite", "Latitude": 50.21033, "Longitude": -125.13083, "x": -13929500.646, "y": 6482781.86 }, "geometry": { "type": "Point", "coordinates": [ -125.13083, 50.21033 ] } },
{ "type": "Feature", "properties": { "Title": "Frederic Point", "Description": "Informal site secondary", "Land Tenure": "Provincial Forest", "Tent Sites": "3 - 4", "Landing Comments": "Moderate on steep gravel, cobble, rubble, rock beach. Small rocks at low water. Boulders to 600 mm at high water. Fish farm metal barrier hard to see. Landing at point feasible only in calm conditions. Otherwise cove to W is better with moderately long gear carry.  SW to NW aspect.", "Camp Comments": "Undeveloped. Rough tent sites with minor brushing. Potential for more sites. Mossy bedrock bluffs.", "Other Comments": "View. Attractive, sensitive natural area. Wildflowers. Inactive shellfish lease. but debris remains from it.", "Layer Title": "Informal Site", "Latitude": 50.18462, "Longitude": -125.04997, "x": -13920498.617000001, "y": 6478309.802 }, "geometry": { "type": "Point", "coordinates": [ -125.04997, 50.18462 ] } },
{ "type": "Feature", "properties": { "Title": "Whale Passage", "Description": "Dispersed site secondary", "Land Tenure": "Provincial Recreation Site", "Tent Sites": "6 - 8", "Landing Comments": "Approach from S. Rough rock-strewn entrance lip to small gravel basin at high water. Awkward with kelp, weed at low water. Boats arriving at low water could be tied nearby until basin floods to give easier access or face long carry. Advisable to land at mid-high water. SW aspect. Exposed to S.", "Camp Comments": "Small fairly level upland bluff sites in 2 areas on peninsula among arbutus, firs. Some tent sites overlook passage to E. One panoramic site on open mossy bluff has active eagle nest May 2018, 2019. Stay 100 m away Mar to Aug. Site to S with possible easier access off separate beach short distance to S.", "Other Comments": "Attractive. View. Oyster lease at foreshore inactive but some debris remains (2024).", "Layer Title": "Campsite", "Latitude": 50.18471, "Longitude": -125.04358, "x": -13919788.131, "y": 6478326.787 }, "geometry": { "type": "Point", "coordinates": [ -125.04358, 50.18471 ] } },
{ "type": "Feature", "properties": { "Title": "Penn Islands southwest", "Description": "Informal site secondary", "Land Tenure": "Provincial Forest, Provincial Recreation Reserve", "Tent Sites": "2 - 5", "Landing Comments": "Mixed exposed beach of varying gradient. Easy at high water on tides of 4 m or greater on gravel, pebble medium gradient with small boat run.  Awkward to difficult at all lower water levels on steep beach of boulders, smaller mixed rocks, Boulders to sides, reefs in W approach. S aspect. Could be hazardous in S wind, swell. Report in 2024 of blowdown trees in landing area.", "Camp Comments": "Undeveloped. 1 good site on mossy W bluff, 2 other feasible with brushing but sloped or lumpy. 1 or 2 beach sites if levelled, but might flood at Springs. Be aware of hazardous tree reported at W bluff and other blowdowns.", "Other Comments": "Attractive. View. Wildlife viewing.", "Layer Title": "Informal Site", "Latitude": 50.17978, "Longitude": -125.03555, "x": -13918893.757, "y": 6477469.554 }, "geometry": { "type": "Point", "coordinates": [ -125.03555, 50.17978 ] } },
{ "type": "Feature", "properties": { "Title": "Bay south of Von Donop", "Description": "Informal site secondary", "Land Tenure": "Provincial Forest", "Tent Sites": "1 - 3", "Landing Comments": "Long low gradient beach on mixed rocks. NW aspect. Reported at N50.171283D, W-124.986667D outside bay proper, but more likely location is N50.170864D, W124.986805D nearer to bay head.", "Camp Comments": "Marginal sites at beach top or upland in sloping forest. Levelling, brushing likely needed. Hammock opportunities.", "Other Comments": "Aquaculture in bay to N.", "Layer Title": "Informal Site", "Latitude": 50.17086, "Longitude": -124.98681, "x": -13913467.488, "y": 6475919.227 }, "geometry": { "type": "Point", "coordinates": [ -124.98681, 50.17086 ] } },
{ "type": "Feature", "properties": { "Title": "Von Donop Inlet", "Description": "Dispersed site primary", "Land Tenure": "Marine Provincial Park", "Tent Sites": "10", "Landing Comments": "Boat run offers clear path through boulders on small steep beach. Easier access at high water. All weather protection. Tidal currents. Vessel traffic to anchorage.", "Camp Comments": "Large semi-developed user-maintained site. Some cleared sites on grassy headland. Beware of hazard trees. Fire pit.", "Other Comments": "Trails, reversing tidal rapids, lagoon nearby. Anchorage. Historic portage to Squirrel Cove. See <a href=https://bcparks.ca/hathayim-marine-park-aka-von-donop-marine-park/ target=_blank style=color:blue> Ha'thayim (Von Donop) Marine Provincial Park</a>.", "Layer Title": "Dispersed Site", "Latitude": 50.16667, "Longitude": -124.955, "x": -13909926.972, "y": 6475189.765 }, "geometry": { "type": "Point", "coordinates": [ -124.955, 50.16667 ] } },
{ "type": "Feature", "properties": { "Title": "Little Hanson Island", "Description": "Campsite secondary", "Land Tenure": "Crown (Hanson Island Lease)", "Tent Sites": "4 - 6", "Landing Comments": "Moderately difficult rock, rubble - shelf between two northerly islands in sheltered channel between Hanson Island and Little Hanson. Usable at mid, high water levels. Landing, launching at water levels below 1.5 m not recommended. Signs of a narrow boat run. Strong currents, rough water in Blackney Passage. Vessel traffic.", "Camp Comments": "Semi exposed, part developed. Tent sites on exposed rock, or on soil among trees. Sites strung along trail around S end of island also on smaller island to S.", "Other Comments": "Views. Aka Island 61 or Blackney Passage Island. One of the only 4 sites on Hanson I that are sanctioned by Yukusam Heritage Society for public use.", "Layer Title": "Campsite", "Latitude": 50.56111, "Longitude": -126.69379, "x": -14103487.956, "y": 6544023.285 }, "geometry": { "type": "Point", "coordinates": [ -126.69379, 50.56111 ] } },
{ "type": "Feature", "properties": { "Title": "Blinkhorn Peninsula", "Description": "Campsite primary", "Land Tenure": "Provincial Recreation Site", "Tent Sites": "7 - 10", "Landing Comments": "Easy on pebble, cobble beach sheltered by peninsula. Land either side. NE side cobbles, some boulders at high water. SE side small smooth pebbles. Vessel traffic.", "Camp Comments": "Sheltered forest upland camping in 3 locations or on large beach. Picnic table. Composting toilet. Site maintained through contract with Namgis First Nation. Number of sites reported as 9 in 2025. See SCR297 for camp location details.", "Other Comments": "Seasonal creek. Whale viewing. Anchorage. Historic hiking trail to Telegraph Cove. Hiking trail across islet to navigational marker.", "Layer Title": "Campsite", "Latitude": 50.5405, "Longitude": -126.78475, "x": -14113613.81, "y": 6540412.479 }, "geometry": { "type": "Point", "coordinates": [ -126.78475, 50.5405 ] } },
{ "type": "Feature", "properties": { "Title": "Growler Cove northwest", "Description": "Informal site secondary", "Land Tenure": "Crown Conservancy", "Tent Sites": "2 - 4", "Landing Comments": "Easy on rock, pebble beach at head of prominent protected bay. Many boulders, bedrock outcrops at low water. Cobble, small angular rocks above. Evidence of boat run at centre beach. Gradient moderate to steep. SE aspect. Protected from NW. Rocks offshore.", "Camp Comments": "Sheltered, undeveloped. Tent sites in open forest along flagged trail or on beach, tides permitting. Additional sites if brushed. Hammock opportunities. Fire pit.", "Other Comments": "Views. Occasional use by commercial groups. See <a href=\"https://bcparks.ca/qwiquallaaq-boat-bay-conservancy/\" target=\"_blank\" style=\"color:blue\">Qwiquallaaq/Boat Bay Conservancy</a>.", "Layer Title": "Dispersed Site", "Latitude": 50.54532, "Longitude": -126.63132, "x": -14096533.727, "y": 6541257.123 }, "geometry": { "type": "Point", "coordinates": [ -126.63132, 50.54532 ] } },
{ "type": "Feature", "properties": { "Title": "Little Blenkinsop Bay", "Description": "Informal site primary", "Land Tenure": "Provincial Forest", "Tent Sites": "10", "Landing Comments": "Easy, on white sand. Low gradient. Dries a long distance.", "Camp Comments": "Camp on beach or in forest clearings. JK guide has camp at 50 28.95N 126 01.64W. Some sites are adjacent to logged area further from creek.", "Other Comments": "Water at creek. Aka West Blenkinsop Cove on Cruising Planner map.", "Layer Title": "Informal Site", "Latitude": 50.4819, "Longitude": -126.02722, "x": -14029285.589, "y": 6530154.51 }, "geometry": { "type": "Point", "coordinates": [ -126.02722, 50.4819 ] } },
{ "type": "Feature", "properties": { "Title": "Pine Point", "Description": "Informal site secondary", "Land Tenure": "Provincial Forest", "Tent Sites": "unknown", "Landing Comments": "Exposed beach of pebble, cobble. NE aspect.", "Camp Comments": "On E side of point, camping unknown. Likely in upland, needing much brushing. Previous to 2022 site was at now-commercial site on W side of point run by Grey Wolf Expeditions. Might have space for limited number of public visitors in sheltered undeveloped clearing behind trees, reported to be overgrown 2021 but cleared more recently. Pit toilet reported to be unusable but likely repaired. Some trees reported to be hazardous.", "Other Comments": "Water at seasonal or year-round substantial creek. View.", "Layer Title": "Informal Site", "Latitude": 50.48275, "Longitude": -126.46179, "x": -14077662.402000001, "y": 6530303.562 }, "geometry": { "type": "Point", "coordinates": [ -126.46179, 50.48275 ] } },
{ "type": "Feature", "properties": { "Title": "Camp Point", "Description": "Dispersed site primary", "Land Tenure": "Provincial Recreation Site", "Tent Sites": "10", "Landing Comments": "Easy on low gradient, broad, pebble, gravel beach. Exposed to NW. Current hazards, turbulence. Vessel traffic.", "Camp Comments": "Large undeveloped site.", "Other Comments": "Road access in past. Aka Prince of Wales Bay. Large 33 Ha. site.", "Layer Title": "Dispersed Site", "Latitude": 50.38188, "Longitude": -125.84338, "x": -14008821.349, "y": 6512675.858 }, "geometry": { "type": "Point", "coordinates": [ -125.84338, 50.38188 ] } },
{ "type": "Feature", "properties": { "Title": "Turn Bay west", "Description": "Informal site secondary", "Land Tenure": "Provincial Forest", "Tent Sites": "3", "Landing Comments": "Easy on broad low gradient sheltered mixed beach of pebble, cobble. Mostly floods at high water. S aspect. Protected by island, islet.", "Camp Comments": "Small upland sloped forest sites will need minor brushing. One possible beach top site seems dry at all tides. Hammock opportunities. Potential for many sites.", "Other Comments": "Seasonal creek at site. View.", "Layer Title": "Informal Site", "Latitude": 50.35364, "Longitude": -125.47598, "x": -13967922.011, "y": 6507746.514 }, "geometry": { "type": "Point", "coordinates": [ -125.47598, 50.35364 ] } },
{ "type": "Feature", "properties": { "Title": "Frances Bay head", "Description": "Informal site secondary", "Land Tenure": "Provincial Forest", "Tent Sites": "10", "Landing Comments": "Moderate on low gradient boulder, cobble, pebble beach, exposed to SE. May be long carry.", "Camp Comments": "Undeveloped in upland forest. Dense vegetation at water's edge makes access awkward.", "Other Comments": "Water at 2 creeks - at head of bay or in Raza Passage. View. Temporary logging float camp 2013-2014. Anchorage.", "Layer Title": "Informal Site", "Latitude": 50.35112, "Longitude": -125.04368, "x": -13919799.152000001, "y": 6507306.584 }, "geometry": { "type": "Point", "coordinates": [ -125.04368, 50.35112 ] } },
{ "type": "Feature", "properties": { "Title": "Raza Point", "Description": "Informal site secondary", "Land Tenure": "Provincial Recreation Reserve", "Tent Sites": "1 - 3", "Landing Comments": "Moderate on steep cobble, boulder beach in protected cove. Boat run clear of boulders. NE aspect. Rougher landing at S aspect beach also within Recreation Reserve.", "Camp Comments": "Undeveloped. Small gloomy cleared upland forest sites, reported as needing brushing, levelling 2021 & 2022. Hammock opportunities. Well sheltered.", "Other Comments": "Water at seasonal creek. Trail between bays. Peninsula 16 ha area is all Recreation Reserve incl S beach. Some industrial debris.", "Layer Title": "Informal Site", "Latitude": 50.30133, "Longitude": -125.03183, "x": -13918480.016000001, "y": 6498625.932 }, "geometry": { "type": "Point", "coordinates": [ -125.03183, 50.30133 ] } },
{ "type": "Feature", "properties": { "Title": "Shipwreck Bluff", "Description": "Campsite primary", "Land Tenure": "Provincial Recreation Site", "Tent Sites": "4", "Landing Comments": "Sheltered coves on either side of promontory. Easy silty, muddy clam bed on W side. Easier but longer carry at low water. Cobbles, rock, sand in E cove. Hazardous derelict dock tied up in W bay (June 2025).", "Camp Comments": "Semi-developed in small clearings in 2 upland areas - at promontory neck or in forest behind boat wreck along short trail.", "Other Comments": "Attractive. Staging for local channels. Old roadbed beyond wreck reported hazardous in places. Lake 500 m N on road network.", "Layer Title": "Campsite", "Latitude": 50.29067, "Longitude": -125.37763, "x": -13956973.439, "y": 6496766.97 }, "geometry": { "type": "Point", "coordinates": [ -125.37763, 50.29067 ] } },
{ "type": "Feature", "properties": { "Title": "North Rendezvous Island", "Description": "Dispersed site secondary", "Land Tenure": "Provincial Recreation Site", "Tent Sites": "4", "Landing Comments": "Easy, shell beach at high tide, moderate, many boulders at low tide. On a small islet joined by rocky tombolo to NW of N Rendezvous Island. Boats may be lined out to W of cobble tombolo.", "Camp Comments": "4 site in upland in trees on islet plus room for 1 small tent. Fire pit. 25 m carry at low water. Sites brushed out 2025. Additional site in trees on larger N Rendezvous facing across tombolo on S shore - see site plan. Hammock opportunities.", "Other Comments": "View. Aka North Rendezvous Islet. Most of N Rendezvous Island is private land. Strathcona Regional District mapping shows adjacent lot of 4.14 ha as Regional Park - Rendezvous Park, so not private.", "Layer Title": "Dispersed Site", "Latitude": 50.29642, "Longitude": -125.07758, "x": -13923572.883, "y": 6497769.126 }, "geometry": { "type": "Point", "coordinates": [ -125.07758, 50.29642 ] } },
{ "type": "Feature", "properties": { "Title": "Whiterock Passage", "Description": "Informal site secondary", "Land Tenure": "Provincial Recreation Reserve", "Tent Sites": "3 - 5", "Landing Comments": "Low gradient tombolo clam bed of gravel, mud, sand connects to isthmus. Shoals. Approach from SW or from N. Long carry at low water.", "Camp Comments": "Undeveloped. Upland sites in old growth forest approx. 80 m S or SE of tombolo. Additional exposed small sites on dry, grassy area or on rocky isthmus.", "Other Comments": "Water at seasonal creek 100 m to SE of forest camp. View. Cabin ruins not seen 2024. Inactive shellfish lease (2009, 2018). Debris remains 2018. Was active 2004. Land nearby to S appears to be private.", "Layer Title": "Informal Site", "Latitude": 50.26558, "Longitude": -125.08194, "x": -13924057.868000001, "y": 6492397.291 }, "geometry": { "type": "Point", "coordinates": [ -125.08194, 50.26558 ] } },
{ "type": "Feature", "properties": { "Title": "South Rendezvous Island north", "Description": "Dispersed site secondary", "Land Tenure": "Marine Provincial Park", "Tent Sites": "4 - 6", "Landing Comments": "Gravel, pebble at low water. Moderate with some boulders at higher water. Between headlands. Can launch from rocks. Exposed to N. Reported in Aug 2021 landing (low tide) and launching (high tide) challenging. Rocks at centre beach are hard to carry a boat over. Numerous logs limit launch area at high water. Ramp cleared north of islet.", "Camp Comments": "Attractive cleared sites on headland E of beach. Undeveloped user maintained wilderness site. Please pay attention to good sanitation practices.", "Other Comments": "Attractive. Views. Staging area for tidal rapids. Entire island is park. See <a href=\"https://bcparks.ca/rendezvous-island-south-park/\" target=\"_blank\" style=\"color:blue\"> Rendezvous Island South Provincial Park</a>. Toilet appears to be repaired. Add dry leaves to it if no shavings.", "Layer Title": "Dispersed Site", "Latitude": 50.26804, "Longitude": -125.03947, "x": -13919329.706, "y": 6492826.067 }, "geometry": { "type": "Point", "coordinates": [ -125.03947, 50.26804 ] } },
{ "type": "Feature", "properties": { "Title": "Ashlar Creek", "Description": "Informal site primary", "Land Tenure": "Provincial Forest, Provincial Recreation Reserve", "Tent Sites": "5 - 7", "Landing Comments": "Easy, on pebble, cobble beach at all water levels. Larger rocks, mostly rounded, at low water. W aspect. Some protection from NW.", "Camp Comments": "Undeveloped. Large clearing in small trees. Suitable for groups.", "Other Comments": "Water at year-round creek. View. Hiking trail leads inland from clearing to unknown destination. Beach fires are banned all year round.", "Layer Title": "Informal Site", "Latitude": 50.26749, "Longitude": -125.35492, "x": -13954445.34, "y": 6492729.394 }, "geometry": { "type": "Point", "coordinates": [ -125.35492, 50.26749 ] } },
{ "type": "Feature", "properties": { "Title": "Discovery Creek", "Description": "Informal site secondary", "Land Tenure": "Provincial Forest", "Tent Sites": "5", "Landing Comments": "Moderate on pebble, cobble beach depending on tide level. Exposed to SE, NE. Vessel traffic. Broad fan offers several landing locations including creek mouth.", "Camp Comments": "Undeveloped. Protected from wind.", "Other Comments": "Water at year-round creek.", "Layer Title": "Informal Site", "Latitude": 50.19618, "Longitude": -125.38287, "x": -13957556.875, "y": 6480320.909 }, "geometry": { "type": "Point", "coordinates": [ -125.38287, 50.19618 ] } },
{ "type": "Feature", "properties": { "Title": "Penn Islands north", "Description": "Campsite primary", "Land Tenure": "Provincial Recreation Site", "Tent Sites": "8", "Landing Comments": "Easy on mixed gravel beach, some reefs. Lies in hook of land protected from most directions. S aspect.", "Camp Comments": "Three sites on grass, bedrock shelf on bluff with trail access. Short crude stair on trail. Three additional sites above landing, in open forest. Composting toilet. Hammock opportunities. Avoid camping near dead tree on bluff especially in high winds. Make no upland fires. Nearby islet to S offers 1 overflow tent site.", "Other Comments": "Water at seasonal creek. View. Attractive, secluded site. Many other sites among these islands. Frequent use by large guided groups. Alert: The BCMT recently cleaned the site in mid-July but apparently a squatter is on site and has left a mess there. We will try and clean the site in late August or September.", "Layer Title": "Campsite", "Latitude": 50.19762, "Longitude": -125.02455, "x": -13917669.243000001, "y": 6480570.171 }, "geometry": { "type": "Point", "coordinates": [ -125.02455, 50.19762 ] } },
{ "type": "Feature", "properties": { "Title": "Carrington Point", "Description": "Informal site primary", "Land Tenure": "Regional", "Tent Sites": "6 - 8", "Landing Comments": "2 small boat runs through rubble beach next to cliff. Beach mostly floods at high water. Moderate gradient. Inside islet with good protection. W aspect.<br />", "Camp Comments": "Undeveloped. Clear tent sites in open forest. Marine debris makes access difficult.", "Other Comments": "View. Attractive. Trickle of water at seasonal creek. Poorer beach 200 m to NW. Likely possible to use sites behind that other beach via small trail. Carrington Bay Park, Strathcona Regional District.", "Layer Title": "Informal Site", "Latitude": 50.15234, "Longitude": -125.00996, "x": -13916044.535, "y": 6472700.712 }, "geometry": { "type": "Point", "coordinates": [ -125.00996, 50.15234 ] } },
{ "type": "Feature", "properties": { "Title": "Maud Island Discovery Passage", "Description": "Informal site secondary", "Land Tenure": "Provincial Recreation Reserve", "Tent Sites": "15", "Landing Comments": "Easy on moderate gradient pebble, cobble beach, or on steeper causeway riprap in protected bay. SE aspect. Currents outside bay. Private float nearby. Difficult access from W.", "Camp Comments": "Undeveloped. Camping on Quadra shore adjacent to causeway on W or E side. Some shelter from NW, but wind may funnel. E side offers more protection. Possible alternative site at N 50D 7.923M,W 125D 20.278M not assessed.", "Other Comments": "Near former Ripple Rock. Access hiking trail maintained by RSTBC. Anchorage. Reported small tidal electric generating plant in causeway to island but nothing visible 2018. Aquaculture nearby in S bay. Purpose and ownership of float and gangway unknown - presumably energy company property. Saltwater lagoon nearby. Beach fires are banned all year round.", "Layer Title": "Informal Site", "Latitude": 50.13575, "Longitude": -125.34517, "x": -13953360.387, "y": 6469818.642 }, "geometry": { "type": "Point", "coordinates": [ -125.34517, 50.13575 ] } },
{ "type": "Feature", "properties": { "Title": "Twin Islands Islet", "Description": "Informal site secondary", "Land Tenure": "Crown, Provincial Recreation Reserve", "Tent Sites": "6", "Landing Comments": "Rough oyster beaches of pebble, boulders, bedrock. One beach in small cove on NW side, another in small cove on SW or facing Twin Islands. Mostly protected but some landing sites exposed. Easier landing at high water. Avoid low. mid water levels - reported as hazardous  - oysters. Avoid use in Spring nesting season to protect resident Black Oystercatchers (shore birds).", "Camp Comments": "Upland clear areas on centre to W side 50 m from S side cove.", "Other Comments": "Attractive. Small trails across islet. Larger islands are private.", "Layer Title": "Informal Site", "Latitude": 50.04279, "Longitude": -124.94765, "x": -13909108.395, "y": 6453688.784 }, "geometry": { "type": "Point", "coordinates": [ -124.94765, 50.04279 ] } },
{ "type": "Feature", "properties": { "Title": "Port Desire", "Description": "Campsite secondary", "Land Tenure": "Municipal", "Tent Sites": "10 - 14", "Landing Comments": "See Grappler Inlet launch site.", "Camp Comments": "Small developed campground. Open grassed areas may lack privacy. Toilets, food bins, picnic area, playground, pay showers RV or boat pump-out station. Water at hoses. Gazebos, BBQ grills. Call 250 728-3006. Information Centre staffed through summer season. Pay phone available year round. Fee $26.50/night (2022). Email communityparks@mybamfield.ca", "Other Comments": "Close to village, amenities. Boat launch. Eileen Scott Centennial Park, 345 Grappler Rd, Bamfield. Parking $5/ day (2022).", "Layer Title": "Campsite", "Latitude": 48.8288, "Longitude": -125.12756, "x": -13929135.818, "y": 6245862.273 }, "geometry": { "type": "Point", "coordinates": [ -125.12756, 48.8288 ] } },
{ "type": "Feature", "properties": { "Title": "Anderson Bay", "Description": "Dispersed site secondary", "Land Tenure": "Provincial Park", "Tent Sites": "2", "Landing Comments": "Protected cove. Inner rough beaches of cobble, rubble. Rock shelves at low water. S aspect.  Also smoother, easier beach moderate gradient on outer side of isthmus, N aspect. Cobble upper beach, gravel lower.", "Camp Comments": "Undeveloped on isthmus of peninsula. Fire pits. Small clearings in open forest. Low salal undergrowth.", "Other Comments": "View. Provincial Boat Haven. Inactive log dump on W bay shore. Head of bay is outside Park, has crown lease upland, low gradient silt beach, mudflats, flotsam at low water. Also reported as having public road access to or near shoreline. Island immediately to S has rough landing beach on N side for possible picnic site. See <a href=https://bcparks.ca/anderson-bay-park/ target=_blank style=color:blue>Anderson Bay Provincial Park</a>.", "Layer Title": "Dispersed Site", "Latitude": 49.51731, "Longitude": -124.13527, "x": -13818675.547, "y": 6363097.778 }, "geometry": { "type": "Point", "coordinates": [ -124.13527, 49.51731 ] } },
{ "type": "Feature", "properties": { "Title": "Mackenzie Anchorage", "Description": "Informal site secondary", "Land Tenure": "Crown, Crown tenure - Section 17 designated use area", "Tent Sites": "2", "Landing Comments": "No comments.", "Camp Comments": "Site might be up to 80m to N of indicated position.", "Other Comments": "Huu-ay-aht Treaty Settlement Land. <a href=\"https://huuayaht.org/services/lands-permits/\" target=\"_blank\" style=\"color:blue\">Permit required</a>", "Layer Title": "Informal Site", "Latitude": 48.83896, "Longitude": -125.18676, "x": -13935726.4, "y": 6247580.523 }, "geometry": { "type": "Point", "coordinates": [ -125.18676, 48.83896 ] } },
{ "type": "Feature", "properties": { "Title": "Clarke Island", "Description": "Campsite primary", "Land Tenure": "National Park Reserve", "Tent Sites": "10", "Landing Comments": "Easy on protected sand, shell beach that extends on both W, E sides of small point. Moderate gradient. Some rock outcrops.", "Camp Comments": "Open meadow. Camp among trees. Composting toilet. See: <a href=\"http://www.pc.gc.ca/en/pn-np/bc/pacificrim/visit/brochures/\" target=\"_blank\" style=\"color:blue\">Brochure</a>..Required 1) National Park Entry Pass if age 18 or older; 2) Backcountry Camping Permit $9.80 per person/night; 3) Site reservation. No standbys!; See: <a href=\"http://www.commandesparcs-parksorders.ca/webapp/wcs/stores/servlet/en/parksb2c/\" target=\"_blank\" style=\"color:blue\">National Park Permit</a>See: <a href=\"http://www.reservation.pc.gc.ca/\" target=\"_blank\" style=\"color:blue\">Camping Permits & Reservations</a> or 1-877-RESERVE", "Other Comments": "Attractive. View. Maximum stay 4 nights. Maximum group size 12. Several sandy lagoons on island.", "Layer Title": "Campsite", "Latitude": 48.89239, "Longitude": -125.37801, "x": -13957016.119000001, "y": 6256621.948 }, "geometry": { "type": "Point", "coordinates": [ -125.37801, 48.89239 ] } },
{ "type": "Feature", "properties": { "Title": "Dodd Island", "Description": "Campsite primary", "Land Tenure": "National Park Reserve", "Tent Sites": "10", "Landing Comments": "Easy on sheltered pebble beach of moderate gradient in natural harbour. S aspect.", "Camp Comments": "Camp in forest clearings. Composting toilet. Beach on south side better. N Beach only ok at high tide, has rock shelf at mid and lower tides. See: <a href=http://www.pc.gc.ca/en/pn-np/bc/pacificrim/visit/brochures/ target=_blank style=color:blue>Brochure</a>..Required 1) National Park Entry Pass if age 18 or older; 2) Backcountry Camping Permit $9.80 per person/night; 3) Site reservation. No standbys!; See: <a href=http://www.commandesparcs-parksorders.ca/webapp/wcs/stores/servlet/en/parksb2c/ target=_blank style=color:blue>National Park Permit</a>. See: <a href=http://www.reservation.pc.gc.ca/ target=_blank style=color:blue>Camping Permits & Reservations</a> or 1-877-RESERVE", "Other Comments": "Historic fish traps in adjacent bay. Maximum stay 4 nights. Maximum group size 12.", "Layer Title": "Campsite", "Latitude": 48.9218, "Longitude": -125.32467, "x": -13951077.925000001, "y": 6261602.299 }, "geometry": { "type": "Point", "coordinates": [ -125.32467, 48.9218 ] } },
{ "type": "Feature", "properties": { "Title": "Turret Island", "Description": "Campsite primary", "Land Tenure": "National Park Reserve", "Tent Sites": "10", "Landing Comments": "Easy on protected shell, sand beach at NW end of Turret I. S aspect.", "Camp Comments": "Sheltered sites under giant spruce. Composting toilet. See: <a href=\"http://www.pc.gc.ca/en/pn-np/bc/pacificrim/visit/brochures/\" target=\"_blank\" style=\"color:blue\">Brochure.</a>. Required 1) National Park Entry Pass if age 18 or older; 2) Backcountry Camping Permit $9.80 per person/night; 3) Site reservation. No standbys! See: <a href=\"http://www.commandesparcs-parksorders.ca/webapp/wcs/stores/servlet/en/parksb2c/\" target=\"_blank\" style=\"color:blue\">National Park Permit</a>. See: <a href=\"http://www.reservation.pc.gc.ca/\" target=\"_blank\" style=\"color:blue\">Camping Permits & Reservations</a> or 1-877-RESERVE.", "Other Comments": "Attractive. Maximum stay 4 nights. Maximum group size 12. Visible midden. Very large trees.", "Layer Title": "Campsite", "Latitude": 48.90386, "Longitude": -125.34915, "x": -13953803.382, "y": 6258563.927 }, "geometry": { "type": "Point", "coordinates": [ -125.34915, 48.90386 ] } },
{ "type": "Feature", "properties": { "Title": "Hand Island", "Description": "Campsite primary", "Land Tenure": "National Park Reserve", "Tent Sites": "10", "Landing Comments": "Easy on protected tombolo shell beaches. Aspects SE or NW. Reefs offshore.", "Camp Comments": "Open, grassy area. Composting toilet. See: <a href=http://www.pc.gc.ca/en/pn-np/bc/pacificrim/visit/brochures/ target=_blank style=color:blue>Brochure.</a>. Required 1) National Park Entry Pass if age 18 or older; 2) Backcountry Camping Permit $9.80 per person/night; 3) Site reservation. No standbys! See: <a href=http://www.commandesparcs-parksorders.ca/webapp/wcs/stores/servlet/en/parksb2c/ target=_blank style=color:blue>National Park Permit</a>. See: <a href=http://www.reservation.pc.gc.ca/ target=_blank style=color:blue>Camping Permits & Reservations</a> or 1-877-RESERVE.", "Other Comments": "Maximum stay 4 nights. Maximum group size 12. Closest of Broken Group islands to Secret Beach popular launch site.", "Layer Title": "Campsite", "Latitude": 48.95092, "Longitude": -125.31182, "x": -13949648.304, "y": 6266537.865 }, "geometry": { "type": "Point", "coordinates": [ -125.31182, 48.95092 ] } },
{ "type": "Feature", "properties": { "Title": "Gibraltar Island", "Description": "Campsite primary", "Land Tenure": "National Park Reserve", "Tent Sites": "10", "Landing Comments": "Easy on sand, gravel beach.", "Camp Comments": "Campsite exposed to Imperial Eagle Channel. Composting toilet. See: <a href=\"http://www.pc.gc.ca/en/pn-np/bc/pacificrim/visit/brochures/\" target=\"_blank\" style=\"color:blue\">Brochure</a>. Required 1) National Park Entry Pass if age 18 or older; 2) Backcountry Camping Permit $9.80 per person/night; 3) Site reservation. No standbys! See: <a href=\"https://www.commandesparcs-parksorders.ca/\" target=\"_blank\" style=\"color:blue\">National Park Permit.</a> See: <a href=\"https://reservation.pc.gc.ca/\" target=\"_blank\" style=\"color:blue\">Camping Permits & Reservations</a> or 1-877-RESERVE", "Other Comments": "Views. Maximum stay 4 nights. Maximum group size 12. Toilet is in poor condition probably because of over use in popular and crowded site", "Layer Title": "Campsite", "Latitude": 48.91794, "Longitude": -125.25575, "x": -13943406.153000001, "y": 6260948.999 }, "geometry": { "type": "Point", "coordinates": [ -125.25575, 48.91794 ] } },
{ "type": "Feature", "properties": { "Title": "Long Bay Jedediah Island", "Description": "Campsite secondary", "Land Tenure": "Marine Provincial Park", "Tent Sites": "6", "Landing Comments": "Easy on firm mud beach in protected bay at mid-high water i.e. approx. 2.0 m or higher but drying mud flat at low water. Tides above 4 m leave no foreshore. Boats must be carried up grass slope if not left at anchor to settle in mud. Alternative landings in coves to W on Bull Passage - Sunset, Otter Coves.", "Camp Comments": "Camp on roomy grass bank. Unofficial capacity very high. Pit toilet. Optional approach from adjacent Otter, Sunset Coves avoiding low water mud flat, but camping discouraged In those coves because of distance to toilet. Camping fees apply 15 May to 15 September. May pre-pay permit via Internet, but no reservable sites. Fee $5.00 per person per night (2019) via BC Parks Backcountry Registration System.", "Other Comments": "Attractive. 3.5 km of hiking trails. See <a href=\"https://bcparks.ca/jedediah-island-marine-park/\" target=\"_blank\" style=\"color:blue\">Jedediah Island Provincial Marine Park</a>", "Layer Title": "Campsite", "Latitude": 49.4969, "Longitude": -124.20633, "x": -13826585.876, "y": 6359598.627 }, "geometry": { "type": "Point", "coordinates": [ -124.20633, 49.4969 ] } },
{ "type": "Feature", "properties": { "Title": "Gilbert Island", "Description": "Campsite primary", "Land Tenure": "National Park Reserve", "Tent Sites": "8", "Landing Comments": "Easy on protected sand, gravel beach with some rubble. NE aspect.", "Camp Comments": "Sheltered site in open forest. Composting toilet. See: <a href=\"http://www.pc.gc.ca/en/pn-np/bc/pacificrim/visit/brochures/\" target=\"_blank\" style=\"color:blue\">Brochure</a>.. Required 1) National Park Entry Pass if age 18 or older..2) Backcountry Camping Permit $9.80 per person/night..3) Site reservation. No standbys! See: <a href=\"http://www.commandesparcs-parksorders.ca/webapp/wcs/stores/servlet/en/parksb2c/\" target=\"_blank\" style=\"color:blue\">National Park Permit</a>...See: <a href=\"https://camping.bcparks.ca/\" target=\"_blank\" style=\"color:blue\">Camping Permits & Reservations</a> or 1-877-RESERVE", "Other Comments": "Maximum stay 4 nights. Maximum group size 12. Water source on Effingham I.", "Layer Title": "Campsite", "Latitude": 48.87511, "Longitude": -125.32095, "x": -13950664.084000001, "y": 6253695.852 }, "geometry": { "type": "Point", "coordinates": [ -125.32095, 48.87511 ] } },
{ "type": "Feature", "properties": { "Title": "Escalante River", "Description": "Dispersed site secondary", "Land Tenure": "Provincial Recreation Site", "Tent Sites": "unknown", "Landing Comments": "Easy to difficult access to river depending on swell height. Rocks exposed at low tides.<br />Can have landing issues due to surf, but if you go past rocks at Escalante point north there is a small cove that is sheltered.", "Camp Comments": "Camp on upland, or on sand at S bank of river mouth. Exposed. Lots of area to set up tents on sand by the river. Water was running very well in June, very clean, and a couple of spots to swim in. Beautiful beach that runs into Escalante north where there are more camp sites on sand also trail starts here to Escalante south look for buoy in tree for start.", "Other Comments": "Water upstream in river. Brackish at mouth. Attractive. View. Huge Recreation Site 111 Ha area runs S to Escalante Point N.", "Layer Title": "Campsite", "Latitude": 49.5419, "Longitude": -126.56008, "x": -14088603.672, "y": 6367316.188 }, "geometry": { "type": "Point", "coordinates": [ -126.56008, 49.5419 ] } },
{ "type": "Feature", "properties": { "Title": "Crib Island", "Description": "Campsite secondary", "Land Tenure": "Marine Provincial Park", "Tent Sites": "unknown", "Landing Comments": "Low gradient beach of mud, sand with many small boulders at low water.  S aspect. Protected. Long carry at low water.", "Camp Comments": "Camp on high bench in trees behind large boulder on beach. Beach sites possible at Neaps but beach floods at Springs.", "Other Comments": "Water at seasonal creek to W of tent sites. Attractive. Aka Sunday Harbour. See <a href=\"https://bcparks.ca/broughton-archipelago-park/\" target=\"_blank\" style=\"color:blue\"> Broughton Archipelago Provincial Park</a>", "Layer Title": "Campsite", "Latitude": 50.72671, "Longitude": -126.69918, "x": -14104088.257, "y": 6573093.66 }, "geometry": { "type": "Point", "coordinates": [ -126.69918, 50.72671 ] } },
{ "type": "Feature", "properties": { "Title": "Pearl Island", "Description": "Dispersed site primary", "Land Tenure": "Marine Provincial Park", "Tent Sites": "9", "Landing Comments": "Easy landing on protected beach. Low gradient clam bed of mud at low water. Mixed boulder, cobble, rubble beach of moderate gradient at high water. Weed-covered boulders at low water are best avoided by attention to timing. Evidence of old boat run.", "Camp Comments": "Some tent sites might require brushing. Not used much. Hammock opportunities.", "Other Comments": "See <a href=\"https://bcparks.ca/broughton-archipelago-park/\" target=\"_blank\" style=\"color:blue\">Broughton Archipelago Provincial Park</a>", "Layer Title": "Dispersed Site", "Latitude": 50.6234, "Longitude": -126.59992, "x": -14093038.262, "y": 6554945.972 }, "geometry": { "type": "Point", "coordinates": [ -126.59992, 50.6234 ] } },
{ "type": "Feature", "properties": { "Title": "Laura Bay", "Description": "Dispersed site secondary", "Land Tenure": "Provincial Recreation Site", "Tent Sites": "3 - 4", "Landing Comments": "Sloping bedrock shelves In sheltered cove. Some sand. Numerous boulders make carrying gear hazardous.", "Camp Comments": "Sites In trees on N side of cove head. One view site overlooks sea.", "Other Comments": "Popular anchorage. Provincial Boat Haven, hence less privacy than many other sites. Passage at Trivett Island navigable by paddlecraft at high water. Seldom used by paddlers.", "Layer Title": "Campsite", "Latitude": 50.82193, "Longitude": -126.58525, "x": -14091405.572000001, "y": 6589856.023 }, "geometry": { "type": "Point", "coordinates": [ -126.58525, 50.82193 ] } },
{ "type": "Feature", "properties": { "Title": "John Island northwest", "Description": "Dispersed site secondary", "Land Tenure": "Marine Provincial Park", "Tent Sites": "4", "Landing Comments": "Sheltered shell, sand, mud beach NW aspect. Reported 2025 that site coordinates may be wrong. Suggest looking at beach 250 metres to SW.", "Camp Comments": "Access up moderately steep bank via overgrown trail to upland sites, needing brushing mostly of dense salal.", "Other Comments": "Spring tides may leave little room for boat storage. See <a href=\"https://bcparks.ca/broughton-archipelago-park/\" target=\"_blank\" style=\"color:blue\">Broughton Archipelago Park</a>.", "Layer Title": "Dispersed Site", "Latitude": 50.77419, "Longitude": -126.61446, "x": -14094656.914000001, "y": 6581448.176 }, "geometry": { "type": "Point", "coordinates": [ -126.61446, 50.77419 ] } },
{ "type": "Feature", "properties": { "Title": "Battle Bay", "Description": "Informal site primary", "Land Tenure": "Treaty Settlement Land designated for public access", "Tent Sites": "10", "Landing Comments": "Easy all tide landing on wide sand beach. Some surf on W side.", "Camp Comments": "Many beach sites or 5 cleared, flat tent sites in trees. One site is large enough for 2 tents. Note that no camping is permitted at nearby Battle River and Acous Peninsula which are in private Treaty Settlement Lands.", "Other Comments": "Water at year-round creek at E corner. Hose makes water collection easy. Pool for bathing but maybe seasonal. Attractive, View. Anchorage - Provincial Boat Haven. Formerly part of Mquqwin Brooks Peninsula Provincial Park, now public access Treaty Settlement Land under the Maa_nulth Treaty. Park boundary nearby to E.", "Layer Title": "Informal Site", "Latitude": 50.12745, "Longitude": -127.57262, "x": -14201318.73, "y": 6468377.262 }, "geometry": { "type": "Point", "coordinates": [ -127.57262, 50.12745 ] } },
{ "type": "Feature", "properties": { "Title": "Lord Waterfall", "Description": "Informal site secondary", "Land Tenure": "Provincial Forest", "Tent Sites": "2", "Landing Comments": "Easy. on small pebble, cobble beach, with mostly boulders at high water. 150 m SE of creek.", "Camp Comments": "Small headland and cleared patch above. Little shade. Old road bed provides further sites if elderberry brushed.", "Other Comments": "Water at large year-round creek. Trail to creek. Waterfall, swim hole. View. Fish farm nearby.", "Layer Title": "Informal Site", "Latitude": 49.89118, "Longitude": -126.77163, "x": -14112153.666, "y": 6427451.989 }, "geometry": { "type": "Point", "coordinates": [ -126.77163, 49.89118 ] } },
{ "type": "Feature", "properties": { "Title": "Santiago Creek", "Description": "Campsite primary", "Land Tenure": "Provincial Recreation Site", "Tent Sites": "6 - 8", "Landing Comments": "Land N of creek by sign on beach of gravel, rock 2-10 cm, occasional boulders, protected from S. Other adjacent beaches of cobble. Channel winds can be strong but currents not a factor. Vessel traffic.", "Camp Comments": "Site currently closed by RSTBC. Danger trees in area and caution is warranted until removal. Many sites on clear grass area, also in forest behind. 2 picnic tables in disrepair; one useable. Pit toilet in good condition (2025). Site maintenance needed. Fire pits.", "Other Comments": "Water at creek. Former dock removed, so site unlikely to be used by power boaters in future. Sunny, but somewhat buggy.", "Layer Title": "Campsite", "Latitude": 49.8042, "Longitude": -126.64802, "x": -14098392.729, "y": 6412435.528 }, "geometry": { "type": "Point", "coordinates": [ -126.64802, 49.8042 ] } },
{ "type": "Feature", "properties": { "Title": "Saltery Bay Esperanza Inlet", "Description": "Informal site secondary", "Land Tenure": "Provincial Forest", "Tent Sites": "4", "Landing Comments": "Easy on protected shallow gradient alluvial fan beach of mixed gravel, cobble.", "Camp Comments": "One site at top of beach. Several sites accessed via rocky creek beds in upland forest. Large area, but rough, bushy. Brushing likely needed. Likely to be damp in wet weather.", "Other Comments": "Water at small creek. Strategic location.", "Layer Title": "Informal Site", "Latitude": 49.8627, "Longitude": -126.80922, "x": -14116337.431, "y": 6422531.766 }, "geometry": { "type": "Point", "coordinates": [ -126.80922, 49.8627 ] } },
{ "type": "Feature", "properties": { "Title": "Stud Islets", "Description": "Informal site secondary", "Land Tenure": "Crown", "Tent Sites": "6 - 8", "Landing Comments": "Steep white shell, sand beach, SW aspect. SW aspect. May be subject to dumping waves but islet in front offers some protection.", "Camp Comments": "Pleasant upland for at least4 campsites. Beach sites at most tides. Rustic kitchen area. Poorly placed fire pit.", "Other Comments": "Attractive. View. Well-used by paddlers, fishers.", "Layer Title": "Informal Site", "Latitude": 48.9429, "Longitude": -125.0932, "x": -13925311.326, "y": 6265178.267 }, "geometry": { "type": "Point", "coordinates": [ -125.0932, 48.9429 ] } },
{ "type": "Feature", "properties": { "Title": "Tsusiat Falls", "Description": "Emergency Pullout", "Land Tenure": "National Park Reserve", "Tent Sites": "10 +", "Landing Comments": "Exposed. Surf likely. Bedrock shelves.", "Camp Comments": "Beach site heavily used by hikers. Composting toilet. Food storage bins.", "Other Comments": "Prominent waterfall. Landing or camping on the West Coast Trail is not permitted and could result in fines, except in emergency situations.", "Layer Title": "Emergency Pullout", "Latitude": 48.69117, "Longitude": -124.92807, "x": -13906928.637, "y": 6222621.773 }, "geometry": { "type": "Point", "coordinates": [ -124.92807, 48.69117 ] } },
{ "type": "Feature", "properties": { "Title": "Thrasher Cove", "Description": "Emergency Pullout", "Land Tenure": "National Park Reserve", "Tent Sites": "unknown", "Landing Comments": "Sheltered sand beach.", "Camp Comments": "Arrive early for best site. Toilet.", "Other Comments": "Desirable designated stop, strategically located for paddlers. Also located near end of West Coast hiking Trail. Landing or camping on the West Coast Trail is not permitted and could result in fines, except in emergency situations.", "Layer Title": "Emergency Pullout", "Latitude": 48.55876, "Longitude": -124.47238, "x": -13856202.405, "y": 6200321.157 }, "geometry": { "type": "Point", "coordinates": [ -124.47238, 48.55876 ] } },
{ "type": "Feature", "properties": { "Title": "Sombrio Beach", "Description": "Campsite primary", "Land Tenure": "Provincial Park", "Tent Sites": "10 - 14", "Landing Comments": "Popular surfing beach. Might be difficult for canoe, kayak landings in heavy surf conditions. River mouth gives easier landing opportunity. Steep in places. Mixed cobble, sand.", "Camp Comments": "Camping permitted beach camping pads at W end. Bear cache. Pit toilet. Camping fees apply year-round. May pre-pay permit via Internet, but no reservable sites. Fee $10.00 per adult per night (2018) via BC Parks Backcountry Registration System.", "Other Comments": "Well used by hikers. On JDF hiking trail. 1-2 km to trailhead vehicle access. 500 m carry to beach from trailhead. See: <a href=\"https://bcparks.ca/juan-de-fuca-park/\" target=\"_blank\" style=\"color:blue\">Juan de Fuca Provincial Park</a>.", "Layer Title": "Campsite", "Latitude": 48.49887, "Longitude": -124.29962, "x": -13836970.037, "y": 6190253.418 }, "geometry": { "type": "Point", "coordinates": [ -124.29962, 48.49887 ] } },
{ "type": "Feature", "properties": { "Title": "Mystic Beach", "Description": "Campsite primary", "Land Tenure": "Provincial Park", "Tent Sites": "10 - 14", "Landing Comments": "Exposed. Expect some surf. Beach mostly of sand.", "Camp Comments": "10 platforms added 2023/24. 2 food bins. Small sites at top of beach. Pit toilet. Camping fees apply year-round. May pre-pay permit via Internet, but no reservable sites. Fee $10.00 per adult per night (2018) via BC Parks Backcountry Registration System.", "Other Comments": "Hiker use. On JDF hiking trail. 2 km to trailhead vehicle access, lots of day hikers, campers especially at summer weekends. See: <a href=https://bcparks.ca/juan-de-fuca-park/ target=_blank style=color:blue>Juan de Fuca Provincial Park</a>.", "Layer Title": "Campsite", "Latitude": 48.43775, "Longitude": -124.11358, "x": -13816260.894, "y": 6179992.287 }, "geometry": { "type": "Point", "coordinates": [ -124.11358, 48.43775 ] } },
{ "type": "Feature", "properties": { "Title": "Jordan River", "Description": "Campsite primary", "Land Tenure": "Regional", "Tent Sites": "20 +", "Landing Comments": "Cobble, pebble beach. Land in river mouth near bridge on E bank. Beware of pilings. See image for best approach. Surf somewhat likely.", "Camp Comments": "4 pit or vault toilets. Year-round campground. Walk-in sites with tent pads, RV sites. Fire rings. Unofficial sites may serve as overflow.. No reservations - first come, first served. Fees charged via drop box.", "Other Comments": "Limited water at drinking station. Vehicle access. View. Adjacent to highway. 3.5 km cobble beach. Hiking trails. Jordan River Regional Park, 187 ha. Capital Regional District. See: <a href=https://www.crd.bc.ca/parks-recreation-culture/parks-trails/find-park-trail/jordan-river target=_blank style=color:blue>Jordan River Regional Park</a>.", "Layer Title": "Campsite", "Latitude": 48.42147, "Longitude": -124.05502, "x": -13809741.289000001, "y": 6177260.5 }, "geometry": { "type": "Point", "coordinates": [ -124.05502, 48.42147 ] } },
{ "type": "Feature", "properties": { "Title": "French Beach", "Description": "Campsite secondary", "Land Tenure": "Provincial Park", "Tent Sites": "unknown", "Landing Comments": "Subject to moderate surf. Cobble, steep in places.", "Camp Comments": "No beach camping permitted. Developed sites 500m from beach but group site is closer. Pit toilets, picnic tables.", "Other Comments": "Water at tap. 5 min trail to campsite. Vehicle access - gated for group site closer to beach. <a href=\"https://bcparks.ca/french-beach-park/\" target=\"_blank\" style=\"color:blue\">French Beach</a>", "Layer Title": "Campsite", "Latitude": 48.3956, "Longitude": -123.9468, "x": -13797694.662, "y": 6172922.743 }, "geometry": { "type": "Point", "coordinates": [ -123.9468, 48.3956 ] } },
{ "type": "Feature", "properties": { "Title": "Jervis Island", "Description": "Dispersed site primary", "Land Tenure": "Marine Provincial Park", "Tent Sites": "5 - 7", "Landing Comments": "Protected bay inside Bunny Island on W side. Beach of gravel, shell. W aspect.", "Camp Comments": "Upland sites in treed grove above beach. Rustic wooden stairs lead up moderately steep bank. Rustic outhouse in need of maintenance.", "Other Comments": "Attractive. Former homestead with built water catchment basins, now defunct. Some trails reported to lead across island. Anchorage. See <a href=https://bcparks.ca/sabine-channel-marine-park/ target=_blank style=color:blue>Sabine Channel Marine Provincial Park</a>", "Layer Title": "Dispersed Site", "Latitude": 49.51345, "Longitude": -124.24792, "x": -13831214.63, "y": 6362436.13 }, "geometry": { "type": "Point", "coordinates": [ -124.24792, 49.51345 ] } },
{ "type": "Feature", "properties": { "Title": "Nelson Beach west", "Description": "Informal site secondary", "Land Tenure": "Crown", "Tent Sites": "3", "Landing Comments": "Cobble beach with some boulders. Some protection from NW. Access could be difficult at high water. Beach probably floods.", "Camp Comments": "Forest very dense behind beach but up rocks on E side is small level point with room for 3 or more tents in upland forest. Some brushing needed.", "Other Comments": "Water at small creek. View.", "Layer Title": "Informal Site", "Latitude": 50.48777, "Longitude": -126.15788, "x": -14043831.328, "y": 6531180.906 }, "geometry": { "type": "Point", "coordinates": [ -126.15788, 50.48777 ] } },
{ "type": "Feature", "properties": { "Title": "Stimson Reef", "Description": "Informal site secondary", "Land Tenure": "Crown", "Tent Sites": "4", "Landing Comments": "Cobble beach with some boulders. S aspect. Reef gives some protection from NW.", "Camp Comments": "A few upland forest sites with potential for many more.", "Other Comments": "Water at small creek.", "Layer Title": "Informal Site", "Latitude": 50.4966, "Longitude": -126.18842, "x": -14047230.291, "y": 6532726.558 }, "geometry": { "type": "Point", "coordinates": [ -126.18842, 50.4966 ] } },
{ "type": "Feature", "properties": { "Title": "Steamboat Bay", "Description": "Informal site secondary", "Land Tenure": "Provincial Forest", "Tent Sites": "3", "Landing Comments": "Sheltered beach of small rocks, sand.", "Camp Comments": "Undeveloped. Protected site in trees, but gloomy, damp. Light brushing recommended. Hammock opportunities. Please remove upland fire ring hazard if visiting.", "Other Comments": "Water at creek.", "Layer Title": "Informal Site", "Latitude": 50.93477, "Longitude": -126.80258, "x": -14115599.004000001, "y": 6609762.809 }, "geometry": { "type": "Point", "coordinates": [ -126.80258, 50.93477 ] } },
{ "type": "Feature", "properties": { "Title": "Vere Cove", "Description": "Informal site secondary", "Land Tenure": "Provincial Forest", "Tent Sites": "1 - 2", "Landing Comments": "Sand, gravel, cobble low gradient beach in cove, open to W. Little beach at high water. Hazardous currents locally in Johnstone Strait.", "Camp Comments": "Upland forest sites for approx 6 tents in NE corner of cove subject to brushing. Upland sites might have overgrown. Only 1 beach tent site found by 2022 reporter. Beach unreliable at Springs. Hammock opportunities.", "Other Comments": "Water at creek.", "Layer Title": "Informal Site", "Latitude": 50.39083, "Longitude": -125.76996, "x": -14000647.904, "y": 6514238.433 }, "geometry": { "type": "Point", "coordinates": [ -125.76996, 50.39083 ] } },
{ "type": "Feature", "properties": { "Title": "Octopus Islands", "Description": "Dispersed site primary", "Land Tenure": "Provincial Park", "Tent Sites": "5", "Landing Comments": "Easy landing on rock ledges in protected bay on W of island.  Some low gradient grass, slimy mud. Sand at low water. Optional landing in rocky drying channel adjoining islet on S of island. Several other possible landing sites on shores of Park but specific information withheld at the request of local First Nation and BC Parks.", "Camp Comments": "Good upland sites among trees on grass and rock, accessed by trail. Avoid trampling wild flowers, other vegetation. Undeveloped user maintained dispersed sites throughout Park.", "Other Comments": "Attractive. View.. Note that several large islands are private. Beach fires are banned all year round. See <a href=\"https://bcparks.ca/octopus-islands-marine-park/\" target=\"_blank\" style=\"color:blue\"> Octopus Islands Marine Park.</a>", "Layer Title": "Dispersed Site", "Latitude": 50.27755, "Longitude": -125.2302, "x": -13940562.096000001, "y": 6494482.083 }, "geometry": { "type": "Point", "coordinates": [ -125.2302, 50.27755 ] } },
{ "type": "Feature", "properties": { "Title": "East of Adam River", "Description": "Informal site secondary", "Land Tenure": "Provincial Forest", "Tent Sites": "2", "Landing Comments": "Wide cobble beach. NW aspect.", "Camp Comments": "Some brushing in second growth forest needed. Beach camp possible at neaps.", "Other Comments": "No comments", "Layer Title": "Informal Site", "Latitude": 50.47028, "Longitude": -126.24195, "x": -14053189.591, "y": 6528122.509 }, "geometry": { "type": "Point", "coordinates": [ -126.24195, 50.47028 ] } },
{ "type": "Feature", "properties": { "Title": "Mount Milner", "Description": "Informal site secondary", "Land Tenure": "Provincial Forest", "Tent Sites": "6", "Landing Comments": "Moderately steep cobble, pebble beach. Currents. Landing has short vertical log on beach near high water, NW of main creek.", "Camp Comments": "Undeveloped. Semi-clear upland area on large level site among alders. Inactive log dump. Old roadways. Alternative beach sites on gravel at Neaps.", "Other Comments": "Water at creek. Road access in past.", "Layer Title": "Informal Site", "Latitude": 50.36283, "Longitude": -125.76947, "x": -14000592.99, "y": 6509350.912 }, "geometry": { "type": "Point", "coordinates": [ -125.76947, 50.36283 ] } },
{ "type": "Feature", "properties": { "Title": "North Copeland Kwukwutays", "Description": "Campsite primary", "Land Tenure": "Marine Provincial Park", "Tent Sites": "20 +", "Landing Comments": "Steep protected gravel beaches NW and SE of camp area for all tide levels except NW access beach dries extensively at lowest water levels -  long carry then required. Boulder-free boat run in NW bay.", "Camp Comments": "21 raised wooden tent pads in open forest or on points, some accessible from NW others from SE landings. Fence separate island. 2 composting toilets. Picnic area, table. No fires. Camping fees apply 1 June to 15 September. Either pre-pay permit via Internet or at Lund or Okeover launch sites, but no reservable sites. Camp only at designated sites.", "Other Comments": "Attractive. View. See <a href=\"https://bcparks.ca/copeland-islands-marine-park/\" target=\"_blank\" style=\"color:blue\">Copeland Islands Marine Park</a>", "Layer Title": "Campsite", "Latitude": 50.026, "Longitude": -124.82559, "x": -13895520.738, "y": 6450779.628 }, "geometry": { "type": "Point", "coordinates": [ -124.82559, 50.026 ] } },
{ "type": "Feature", "properties": { "Title": "Sarah Point", "Description": "Campsite secondary", "Land Tenure": "Provincial Park", "Tent Sites": "4", "Landing Comments": "Exposed rough boulder beach in bay lies 250 m ESE of Sarah Pt site where map icon is displayed. SW aspect. Long carry to camp at position of icon. Some platforms might be accessible closer to landing beach. Hiker drop-off point used by water taxi unsuited to landing, unloading paddlecraft.", "Camp Comments": "Landing beach is near mid-point between park ten platforms at Sarah Point and cabin at Sarah Point trailhead. 4 tent pads in upland 200 - 300 m WNW of landing beach accessed by trail up steep bluffs. Composting toilet also vault toilet at trail head. No fires. Also poor but possible beach camping. Camping fees apply 1 June to 15 September. Either pre-pay permit via Internet or at Lund or Okeover launch sites, but no reservable sites. Camp only at designated sites. Public cabin, toilet located at separate Recreation Site approx. 300 m to SSE of landing along trail.", "Other Comments": "View, Site intended for hikers but not ideal for paddlers. At start of Sunshine Coast hiking Trail. View. Rough road access nearby to S from Bliss Landing 4 km. View. See <a href=https://bcparks.ca/malaspina-park/ target=_blank style=color:blue>Malaspina Provincial Park</a>", "Layer Title": "Campsite", "Latitude": 50.06165, "Longitude": -124.84229, "x": -13897380.408, "y": 6456959.007 }, "geometry": { "type": "Point", "coordinates": [ -124.84229, 50.06165 ] } },
{ "type": "Feature", "properties": { "Title": "Althorp Point", "Description": "Informal site secondary", "Land Tenure": "Provincial Forest", "Tent Sites": "3", "Landing Comments": "Easy on sand in cove. E aspect.", "Camp Comments": "Upland sites in dense forest with salal may need brushing. Protected from W.", "Other Comments": "Clearcut behind beach. Fish farm in W cove. Occasional log storage in bay.", "Layer Title": "Informal Site", "Latitude": 50.47248, "Longitude": -125.79737, "x": -14003698.804, "y": 6528507.296 }, "geometry": { "type": "Point", "coordinates": [ -125.79737, 50.47248 ] } },
{ "type": "Feature", "properties": { "Title": "Smelt Bay", "Description": "Campsite secondary", "Land Tenure": "Provincial Park", "Tent Sites": "20 +", "Landing Comments": "Easy on sand, gravel, pebble beach. Sand shoal S of shoreline parking lot. Exposed to SW.", "Camp Comments": "Developed campground in trees about 300 m from beach via trail. Pit toilets. Some picnic tables. Group site. Some reservable sites. Camping not permitted on grassed areas near beach.", "Other Comments": "Water at taps. Trail. Boat ramp. See <a href=\"https://bcparks.ca/smelt-bay-park/\" target=\"_blank\" style=\"color:blue\">Smelt Bay Provincial Park</a>", "Layer Title": "Campsite", "Latitude": 50.03213, "Longitude": -124.99293, "x": -13914149.688, "y": 6451842.623 }, "geometry": { "type": "Point", "coordinates": [ -124.99293, 50.03213 ] } },
{ "type": "Feature", "properties": { "Title": "Poyntz Island", "Description": "Informal site primary", "Land Tenure": "Provincial Recreation Reserve", "Tent Sites": "5", "Landing Comments": "Easy pebble upper beaches on both shores with larger rocks, boulders lower down. Choice of beaches facing NE or SW. Many drift logs on exposed SW facing beach, so beach with SE aspect usually preferred. 2024 report that access is blocked by a large fir tree lying across the entrance E. would be very hard to remove but it is possible to wade or carry boats by a small opening on the E side of the cove. Beaches flood at Springs.", "Camp Comments": "Undeveloped but comfortable site. Level headland has some clear areas, but mostly scrub, Few trees, thin soils.", "Other Comments": "Attractive. View. Bird colonies. Rec res notation No. 6540 (283).", "Layer Title": "Informal Site", "Latitude": 50.48283, "Longitude": -125.84217, "x": -14008685.917, "y": 6530317.785 }, "geometry": { "type": "Point", "coordinates": [ -125.84217, 50.48283 ] } },
{ "type": "Feature", "properties": { "Title": "Carterer Point south", "Description": "Informal site secondary", "Land Tenure": "Provincial Forest", "Tent Sites": "4", "Landing Comments": "Moderate, cobble pebble, rubble. Near Wellbore Ch (Whirlpool) tidal rapids. No beach at high water. Protected except from SE.", "Camp Comments": "Minor brushing may be needed. Upland only sites in second growth forest. Entire beach floods.", "Other Comments": "Water at creek, likely flows year-round. Just S of Whirlpool Rapids. Aka Wellbore Channel E.", "Layer Title": "Informal Site", "Latitude": 50.4527, "Longitude": -125.77, "x": -14000652.357000001, "y": 6525047.778 }, "geometry": { "type": "Point", "coordinates": [ -125.77, 50.4527 ] } },
{ "type": "Feature", "properties": { "Title": "Channe Island", "Description": "Informal site secondary", "Land Tenure": "Provincial Forest", "Tent Sites": "2", "Landing Comments": "Easy, protected cobble beach. E aspect. 100 m wide. Shallow gradient at high water. Steeper at low water.", "Camp Comments": "Undeveloped. Potential for 1-3 more sites on level upland forest areas. One site currently (2017) blocked by fallen tree. Wild Coast Vol 3 suggests a site in next bay NW at N50 27.33, W125 19.92. A site with old cabin and some debris reported at N50 27.380, W125 19.978 with room 2 tents and beach space at most tides for at least one tent with some shifting around of minor flotsam. The cabin location might be the same as the previous one mentioned here.", "Other Comments": "Quiet - fish farm noise inaudible.", "Layer Title": "Informal Site", "Latitude": 50.45267, "Longitude": -125.3275, "x": -13951393.482000001, "y": 6525041.956 }, "geometry": { "type": "Point", "coordinates": [ -125.3275, 50.45267 ] } },
{ "type": "Feature", "properties": { "Title": "Yorke Island", "Description": "Informal site primary", "Land Tenure": "Crown Conservancy", "Tent Sites": "6", "Landing Comments": "Easy on protected pebble beach among boulders in cove behind islets on S side of island. Beach at Courtenay Bay on E side of island may be preferred access, camp location but is hazardous because of barbed wire defences in undergrowth. Very rough, hazardous water conditions may occur near S and W shores of in strong wind, ebb tides.", "Camp Comments": "Several unofficial sites on grass by shore or on trails further N. Loses sun early. Preferred camp location not yet established but likely near Courtenay Bay landing, possibly in 2019. Composting (mouldering) toilet at fort site. No camping near fort.", "Other Comments": "Historic WW2 defensive gun position. Hiking trails. Maintained by Sayward Futures Society. Hazards include overgrown bunkers, wire, decaying buildings. Conservation work proceeding. See: <a href=https://bcparks.ca/henyemdzi-mekola-yorke-island-conservancy/ target=_blank style=color:blue>Hənʎəmdzi Məkola/Yorke Island Conservancy</a>.", "Layer Title": "Dispersed Site", "Latitude": 50.44423, "Longitude": -125.97802, "x": -14023808.67, "y": 6523567.642 }, "geometry": { "type": "Point", "coordinates": [ -125.97802, 50.44423 ] } },
{ "type": "Feature", "properties": { "Title": "Johns Point", "Description": "Campsite primary", "Land Tenure": "Provincial Recreation Site", "Tent Sites": "10", "Landing Comments": "Easy sand, pebble beach in sheltered bay. E aspect. Currents, turbulence off point. Alternative, rougher NW aspect beach on other side of neck.", "Camp Comments": "Camp on grass under alder trees on headland. Old picnic tables in haphazard arrangement, some stacked. Move tables to use additional tent sites.", "Other Comments": "Debris from old saw mill. Mooring buoy. View.", "Layer Title": "Campsite", "Latitude": 50.44534, "Longitude": -125.32419, "x": -13951024.458000001, "y": 6523761.274 }, "geometry": { "type": "Point", "coordinates": [ -125.32419, 50.44534 ] } },
{ "type": "Feature", "properties": { "Title": "Blair Islet Mackenzie Sound", "Description": "Informal site secondary", "Land Tenure": "Provincial Forest", "Tent Sites": "2 - 3", "Landing Comments": "Sheltered sand, gravel beaches with some boulders either side of point. Little or no beach at high water.", "Camp Comments": "Undeveloped. Access up old trail by steep midden bank just W of S tip of islet. 2-3 level upland sites, others on slope could be brushed. 1 beach site at neaps. Thick salal, extensive deadfall, tree hazards reported, making most of the former approx 9 sites unusable without lots of work. Sunny, protected. Hammock opportunities.", "Other Comments": "Marginal for small party but brushing, deadfall clearing needed for any additional tent sites.", "Layer Title": "Informal Site", "Latitude": 50.92007, "Longitude": -126.7918, "x": -14114398.613, "y": 6607166.609 }, "geometry": { "type": "Point", "coordinates": [ -126.7918, 50.92007 ] } },
{ "type": "Feature", "properties": { "Title": "Watson Point", "Description": "Informal site primary", "Land Tenure": "Provincial Forest", "Tent Sites": "3", "Landing Comments": "Easy at all water levels on moderate gradient beach of gravel, shell, some 40-200 mm barnacled rocks S of sawmill ruins.  Prominent derelict dock visible (2021). Beach floods at at water levels above 4.8 m. Carry boats up to trail. Currents to N of site.", "Camp Comments": "Short paths to upland. Choose steep one or awkward side hill with erosion issues. Picnic shelter, table. Sites on midden bank, in grassy area clearing behind ruined dock. Potential additional sites if brushed. Hammock opportunities.", "Other Comments": "Attractive. View. Water at small seasonal creek. Village site prior to sawmill site. Possible site for 1 tent in Windy Bay to S. Used occasionally by large commercial groups.", "Layer Title": "Informal Site", "Latitude": 50.942, "Longitude": -126.8586, "x": -14121834.755000001, "y": 6611040.6 }, "geometry": { "type": "Point", "coordinates": [ -126.8586, 50.942 ] } },
{ "type": "Feature", "properties": { "Title": "Shorter Point west", "Description": "Informal site primary", "Land Tenure": "Provincial Forest", "Tent Sites": "8", "Landing Comments": "Beach of sand, cobble, rock. NW aspect.", "Camp Comments": "Upland sites W of creek. Small trees, deadfalls.", "Other Comments": "Water at creek.", "Layer Title": "Informal Site", "Latitude": 50.40873, "Longitude": -125.73068, "x": -13996275.642000001, "y": 6517364.468 }, "geometry": { "type": "Point", "coordinates": [ -125.73068, 50.40873 ] } },
{ "type": "Feature", "properties": { "Title": "Moore Bay", "Description": "Campsite secondary", "Land Tenure": "Provincial Recreation Site", "Tent Sites": "6", "Landing Comments": "Easy on dock with float. NW aspect. Rough, rocky adjacent beach landing to SE gives harder access on cobble, boulder, bedrock at all water levels. Sign visible from water.", "Camp Comments": "Developed site in mature trees. 4 picnic tables, benches, pit toilets, fire pits, some tent platforms. Slightly gloomy.", "Other Comments": "Small seasonal creek. Dock, float, anchorage. Rough landing if float not usable.17.8 Ha.", "Layer Title": "Campsite", "Latitude": 50.87963, "Longitude": -126.53843, "x": -14086193.961, "y": 6600029.802 }, "geometry": { "type": "Point", "coordinates": [ -126.53843, 50.87963 ] } },
{ "type": "Feature", "properties": { "Title": "Atkinson South Islet", "Description": "Informal site secondary", "Land Tenure": "Provincial Forest", "Tent Sites": "1", "Landing Comments": "Access channel between Atkinson I, small islet to S. Cobble rock, boulder landing.  Strong currents. Channel may dry at low water. Other channel to S blocked by logs, stumps. Safest land approach over rough terrain from E side.", "Camp Comments": "Undeveloped small marginal site in salal. Potential for more with minor brushing. Rough site.", "Other Comments": "Some supplies at Sullivan Bay 1 NM to E visible in photograph.", "Layer Title": "Informal Site", "Latitude": 50.88638, "Longitude": -126.85067, "x": -14120951.624, "y": 6601220.798 }, "geometry": { "type": "Point", "coordinates": [ -126.85067, 50.88638 ] } },
{ "type": "Feature", "properties": { "Title": "Cypress Harbour", "Description": "Campsite primary", "Land Tenure": "Provincial Recreation Site", "Tent Sites": "10", "Landing Comments": "Moderately steep beach in sheltered inlet. Patches of sand, grass but mainly mixed rocks at low, mid water. Sign visible from water.", "Camp Comments": "5 developed large double sites. 4 picnic tables. Fire rings. Pit toilet. Can be damp, buggy. Regrowth of small alders, bushes.", "Other Comments": "Water at creek 0.5 NM to E. Site might be former log dump.", "Layer Title": "Campsite", "Latitude": 50.8291, "Longitude": -126.66532, "x": -14100318.556, "y": 6591118.986 }, "geometry": { "type": "Point", "coordinates": [ -126.66532, 50.8291 ] } },
{ "type": "Feature", "properties": { "Title": "Cane Point", "Description": "Informal site secondary", "Land Tenure": "Provincial Forest", "Tent Sites": "2", "Landing Comments": "Beach in small sheltered cove. Bedrock, boulder landing at high water only. Low water landings impractical on awkward boulder shore.", "Camp Comments": "Undeveloped. Clear grassy area, sloping rock ledge at SE end of beach.", "Other Comments": "Attractive. Sometimes known as Mauve Islet or incorrectly as Mauve Point.", "Layer Title": "Informal Site", "Latitude": 50.8552, "Longitude": -126.89172, "x": -14125521.289000001, "y": 6595720.137 }, "geometry": { "type": "Point", "coordinates": [ -126.89172, 50.8552 ] } },
{ "type": "Feature", "properties": { "Title": "Deep Sea Bluff", "Description": "Informal site secondary", "Land Tenure": "Provincial Forest", "Tent Sites": "variable", "Landing Comments": "Easy on smooth shell beach NW aspect, protected by reefs. Drift logs.", "Camp Comments": "Beach camping for 2 tents on tiny tombolo, if tide less than 4.1 M Alert Bay but driftwood might prevent use. Upland accessible up steep bank with 3 potential rough tent sites, in need of brushing. Hammock opportunities. Site reported as unusable 2021.", "Other Comments": "View. Wildlife viewing.", "Layer Title": "Informal Site", "Latitude": 50.81745, "Longitude": -126.50708, "x": -14082704.095000001, "y": 6589066.045 }, "geometry": { "type": "Point", "coordinates": [ -126.50708, 50.81745 ] } },
{ "type": "Feature", "properties": { "Title": "Polkinhorne Islands", "Description": "Informal site primary", "Land Tenure": "Crown Conservancy", "Tent Sites": "3 - 4", "Landing Comments": "Easy in cove with good protected clam bed beach with rock outcrop. Approach isthmus from S or shorter from NE using old boat run. Long carry at low water.", "Camp Comments": "1 good foreshore site possible at Neaps, 2 established upland tent sites. 1 marginal in forest, 1 excellent on grass, facing cove to S of landing site. Camp furniture. Slightly gloomy N aspect. Small exposed rock ledge site on rock peninsula.", "Other Comments": "Strategic all-weather location. Attractive.", "Layer Title": "Dispersed Site", "Latitude": 50.79814, "Longitude": -126.934, "x": -14130228.244000001, "y": 6585664.103 }, "geometry": { "type": "Point", "coordinates": [ -126.934, 50.79814 ] } },
{ "type": "Feature", "properties": { "Title": "John Island southeast", "Description": "Dispersed site secondary", "Land Tenure": "Marine Provincial Park", "Tent Sites": "2 - 4", "Landing Comments": "Middle island in Benjamin Group has sheltered shell beach but mostly floods at high water.  SE aspect. Report of fallen trees at beach.", "Camp Comments": "Level rock platforms at S end of cove. Some potential forest campsites usable if brushed.", "Other Comments": "See <a href=\"https://bcparks.ca/broughton-archipelago-park/\" target=\"_blank\" style=\"color:blue\">Broughton Archipelago Provincial Park</a>", "Layer Title": "Dispersed Site", "Latitude": 50.77272, "Longitude": -126.61445, "x": -14094656.279, "y": 6581187.774 }, "geometry": { "type": "Point", "coordinates": [ -126.61445, 50.77272 ] } },
{ "type": "Feature", "properties": { "Title": "Cockatrice Bay", "Description": "Informal site secondary", "Land Tenure": "Provincial Forest", "Tent Sites": "2 - 4", "Landing Comments": "Rough shallow beach with 30-60cm boulders. Sheltered except from W. Awkward at high water, but easier at all other water levels.", "Camp Comments": "Sheltered, undeveloped. 1 good site to N of creek. 2 exposed tent sites on bedrock at shore. Others possible in trees with brushing. Little beach at high water. Hazardous dead standing snags/trees suggest avoiding use in high winds.", "Other Comments": "Water at year-round creek. Wreck.", "Layer Title": "Informal Site", "Latitude": 50.79308, "Longitude": -126.8289, "x": -14118528.566, "y": 6584773.848 }, "geometry": { "type": "Point", "coordinates": [ -126.8289, 50.79308 ] } },
{ "type": "Feature", "properties": { "Title": "Dobbin Bay", "Description": "Informal site secondary", "Land Tenure": "Provincial Forest", "Tent Sites": "1", "Landing Comments": "Shallow mud beach with boulders. Impractical at lower tide levels.", "Camp Comments": "Undeveloped. Possible site to W of creek or at the head of the bay on solid rock which is dry at nearly all tides.", "Other Comments": "Marginal site. Water at small creek.", "Layer Title": "Informal Site", "Latitude": 50.78487, "Longitude": -126.8035, "x": -14115701.051000001, "y": 6583326.997 }, "geometry": { "type": "Point", "coordinates": [ -126.8035, 50.78487 ] } },
{ "type": "Feature", "properties": { "Title": "Echo Bay", "Description": "Campsite secondary", "Land Tenure": "Marine Provincial Park", "Tent Sites": "30 +", "Landing Comments": "Easy, pebble, shell beach. Seawall above with easy access to upland to S.  Dock and floats not maintained, taken out of service 2012.", "Camp Comments": "Sheltered, mouldering toilet. Camp in large grass field.", "Other Comments": "No water in park. Creek nearby. Post office, accommodation, store. museum. 2 marinas, private docks, anchorage. See <a href=http://www.env.gov.bc.ca/bcparks/explore/parkpgs/echo_bay/ target=_blank style=color:blue>Echo Bay Marine Provincial Park</a>", "Layer Title": "Campsite", "Latitude": 50.75067, "Longitude": -126.4945, "x": -14081303.328, "y": 6577307.493 }, "geometry": { "type": "Point", "coordinates": [ -126.4945, 50.75067 ] } },
{ "type": "Feature", "properties": { "Title": "Fox Group Islands", "Description": "Campsite primary", "Land Tenure": "Marine Provincial Park", "Tent Sites": "15 +", "Landing Comments": "Easy on gravel, shell, mud beach on Island 66 in Retreat Passage. At SW tip of island SW aspect. Good protection from SE. Fair protection from W. Steep bank access with short rope.", "Camp Comments": "Sheltered tent sites. Camp in cleared areas in forest on small headland facing an isle across rocky neck. Suited to all weather. In conjunction with Kwikwasut’inuxw Haxwa’mis First Nations 12 tent platforms, 2 kitchen shelters, composting toilet added May 2023.", "Other Comments": "Frequently used by commercial groups. Trails connect sites. Aka Retreat Passage. See <a href=\"https://bcparks.ca/broughton-archipelago-park/\" target=\"_blank\" style=\"color:blue\">Broughton Archipelago Provincial Park</a>", "Layer Title": "Campsite", "Latitude": 50.71577, "Longitude": -126.59562, "x": -14092559.588, "y": 6571169.315 }, "geometry": { "type": "Point", "coordinates": [ -126.59562, 50.71577 ] } },
{ "type": "Feature", "properties": { "Title": "Tracey Island", "Description": "Dispersed site primary", "Land Tenure": "Marine Provincial Park", "Tent Sites": "6 - 8", "Landing Comments": "Easy  at mid, high water on small shell beach or through narrow gap in high rock shelf. More awkward at lower water levels or land on beach to W and walk into campsite.", "Camp Comments": "Undeveloped. Small sheltered upland site in forest backed by cliff. S aspect. Beach or forest sites.", "Other Comments": "Attractive. Frequent water taxi pick up/drop offs. Aka Monday Anchorage. See <a href=\"http://www.env.gov.bc.ca/bcparks/explore/parkpgs/broughton/\" target=\"_blank\" style=\"color:blue\">Broughton Archipelago Provincial Park</a>", "Layer Title": "Dispersed Site", "Latitude": 50.73567, "Longitude": -126.6385, "x": -14097333.335000001, "y": 6574668.747 }, "geometry": { "type": "Point", "coordinates": [ -126.6385, 50.73567 ] } },
{ "type": "Feature", "properties": { "Title": "Dusky Cove north", "Description": "Informal site secondary", "Land Tenure": "Crown Conservancy", "Tent Sites": "4", "Landing Comments": "Easy on sand, rock beach. Some boulders.", "Camp Comments": "Camp on rough grass. Likely wet at Springs.", "Other Comments": "No comments.", "Layer Title": "Dispersed Site", "Latitude": 50.69615, "Longitude": -126.66627, "x": -14100424.31, "y": 6567721.155 }, "geometry": { "type": "Point", "coordinates": [ -126.66627, 50.69615 ] } },
{ "type": "Feature", "properties": { "Title": "Sedge Islands", "Description": "Dispersed site secondary", "Land Tenure": "Marine Provincial Park", "Tent Sites": "2", "Landing Comments": "Easy on low gradient mud, mixed rocks beach in bay with S aspect. Alternative landing in long narrower SW aspect cove on W side of largest island has longer approach to site, but also easy on rock, cobble beach with mud, sand below. Well protected from swells. Long carries of 100 m at low water, but a report suggests much longer.", "Camp Comments": "Upland gloomy, damp site with 2 cleared tent pads in salal. Suited to hammocks. W side bay has strip of grassy sand between beach, forest for possible additional sites, but might floods at Springs.", "Other Comments": "Rough connecting trail between bays. See <a href=\"https://bcparks.ca/broughton-archipelago-park/\" target=\"_blank\" style=\"color:blue\">Broughton Archipelago Provincial Park</a>", "Layer Title": "Dispersed Site", "Latitude": 50.68005, "Longitude": -126.69337, "x": -14103440.879000001, "y": 6564891.875 }, "geometry": { "type": "Point", "coordinates": [ -126.69337, 50.68005 ] } },
{ "type": "Feature", "properties": { "Title": "Cedar Island", "Description": "Campsite primary", "Land Tenure": "Marine Provincial Park", "Tent Sites": "6", "Landing Comments": "Sand, gravel beach in cove at S end of island. SW aspect. Sand, pebble at high water. Cobble, some boulders, eelgrass at low water. May have surge. Currents in Providence Passage. Passage between Cedar, Midsummer Is dries.", "Camp Comments": "Large clear area in gloomy forest. Some sites slope.", "Other Comments": "Open to afternoon sun. Good alternative to Owl Is N. See <a href=\"https://bcparks.ca/broughton-archipelago-park/\" target=\"_blank\" style=\"color:blue\">Broughton Archipelago Provincial Park</a>", "Layer Title": "Campsite", "Latitude": 50.65273, "Longitude": -126.6874, "x": -14102776.858, "y": 6560094.632 }, "geometry": { "type": "Point", "coordinates": [ -126.6874, 50.65273 ] } },
{ "type": "Feature", "properties": { "Title": "Owl Island south", "Description": "Dispersed site primary", "Land Tenure": "Marine Provincial Park", "Tent Sites": "5 - 7", "Landing Comments": "Easy on cobble, small boulders at high water, sand or smooth clam bed at low water. Boat run at centre beach. Protected bay. SW aspect.", "Camp Comments": "Sheltered, undeveloped. Large clear upland area in forest. Hammock opportunities. At Neaps, beach top pebble tent sites possible at NW side of bay. Lowest tent sites soggy in wet weather. Several hazardous trees felled 2023/24 but some remain.", "Other Comments": "Attractive. Modest view. See <a href=\"https://bcparks.ca/broughton-archipelago-park/\" target=\"_blank\" style=\"color:blue\">Broughton Archipelago Provincial Park</a>", "Layer Title": "Dispersed Site", "Latitude": 50.64672, "Longitude": -126.69056, "x": -14103128.182, "y": 6559038.373 }, "geometry": { "type": "Point", "coordinates": [ -126.69056, 50.64672 ] } },
{ "type": "Feature", "properties": { "Title": "Lady Islands", "Description": "Informal site secondary", "Land Tenure": "Crown", "Tent Sites": "4", "Landing Comments": "Sheltered landing on small rocks. Sand at low water.", "Camp Comments": "Brushing needed. John Kimantas guide has camp at 50 38.53N 126 25.88W. Another location is on islet connected to E island (Little Lady Island). Various possibilities.", "Other Comments": "View.", "Layer Title": "Informal Site", "Latitude": 50.64148, "Longitude": -126.42727, "x": -14073818.951, "y": 6558119.622 }, "geometry": { "type": "Point", "coordinates": [ -126.42727, 50.64148 ] } },
{ "type": "Feature", "properties": { "Title": "Crease Island north", "Description": "Campsite primary", "Land Tenure": "Crown Conservancy", "Tent Sites": "4", "Landing Comments": "Easy on sheltered sand, pebble beach. Boulders at low water, easy to avoid.", "Camp Comments": "Semi-developed. Beach or upland forest sites in rough clearings on W side of bay. One sandy beach site at E end. Pit toilet. condition unknown or now absent (2024). Mostly shaded, so often damp.", "Other Comments": "No comments.", "Layer Title": "Campsite", "Latitude": 50.62652, "Longitude": -126.65218, "x": -14098856.553, "y": 6555492.871 }, "geometry": { "type": "Point", "coordinates": [ -126.65218, 50.62652 ] } },
{ "type": "Feature", "properties": { "Title": "Crease Island south", "Description": "Informal site secondary", "Land Tenure": "Crown Conservancy", "Tent Sites": "6", "Landing Comments": "Report received of poor landing on rough beach with big rocks.  Easier, on sand pebble, cobble beach at high water. Easier landing in bay to SW, (50.618,-126.647). but marginal at high water (assume beach floods).", "Camp Comments": "Report of former sites being overgrown, entry from beach impassable due to blowdown. No visible tent sites. Previously assessed as Sheltered sites in young forest May need brushing. .", "Other Comments": "Provincial Boat Haven.", "Layer Title": "Dispersed Site", "Latitude": 50.61997, "Longitude": -126.64472, "x": -14098026.243000001, "y": 6554343.454 }, "geometry": { "type": "Point", "coordinates": [ -126.64472, 50.61997 ] } },
{ "type": "Feature", "properties": { "Title": "Swanson Island west", "Description": "Informal site secondary", "Land Tenure": "Crown Conservancy", "Tent Sites": "6 - 8", "Landing Comments": "Easy, on cobble, pebble beach. SW aspect.", "Camp Comments": "Sheltered, undeveloped. 2 forest sites on S side of creek, 1 on N and 1 in farther N corner. Access awkward. Also camping on point reported.", "Other Comments": "Water at seasonal creek. Commercial use likely. Views.", "Layer Title": "Dispersed Site", "Latitude": 50.61683, "Longitude": -126.73428, "x": -14107995.883, "y": 6553793.806 }, "geometry": { "type": "Point", "coordinates": [ -126.73428, 50.61683 ] } },
{ "type": "Feature", "properties": { "Title": "Vernon Bay east", "Description": "Informal site secondary", "Land Tenure": "Crown, First Nation", "Tent Sites": "unknown", "Landing Comments": "Enter creek mouth at S end of long, wide sand beach 350 m long. Turn after passing gravel berm. S aspect. Offers more shelter than open beach landing. Creek mouth may dry at low water.", "Camp Comments": "Some beach campsites present. Possible nearby location might be better or more accurate - reported by SeaTrails Charts Seattle, WA as N48D 59.9520M W125D 08.0640M (map datum unknown) so site could be further to W i.e. at opposite end of beach, away from creek mouth. However, this or another site was assessed at N48D 59.825M W125D 07.911M NAD 83 in creek mouth on grassy patch on N bank. Site might flood at Springs or in wet weather.", "Other Comments": "Water nearby at year-round creek. Also nearby seep. Report of nearby resort partly overlooking site.", "Layer Title": "Informal Site", "Latitude": 48.99692, "Longitude": -125.1319, "x": -13929619.401000001, "y": 6274339.562 }, "geometry": { "type": "Point", "coordinates": [ -125.1319, 48.99692 ] } },
{ "type": "Feature", "properties": { "Title": "Eden Island east", "Description": "Informal site primary", "Land Tenure": "Crown Conservancy", "Tent Sites": "12", "Landing Comments": "Easy on smooth shell beach. Moderate gradient. Protected. SE aspect.", "Camp Comments": "Upland sites in forest above high bank. Low forest slope. Beach top sites also feasible at Neaps, but forest comes to waterline, so overhung with branches. Hammock opportunities.", "Other Comments": "Narrow trails. <a href=\"https://bcparks.ca/broughton-archipelago-conservancy/\" target=\"_blank\" style=\"color:blue\">Broughton Archipelago Conservancy</a>. Musgamakw Dzawada’enuxw sign asks for respect. Please observe BCMT Code of Conduct.", "Layer Title": "Dispersed Site", "Latitude": 50.75323, "Longitude": -126.63119, "x": -14096519.122, "y": 6577759.138 }, "geometry": { "type": "Point", "coordinates": [ -126.63119, 50.75323 ] } },
{ "type": "Feature", "properties": { "Title": "Spiller Passage", "Description": "Dispersed site secondary", "Land Tenure": "Marine Provincial Park", "Tent Sites": "3", "Landing Comments": "Landing at all but lowest tides best from west pocket beach behind rock promontory. Small cove with white shell beach. Steep wooded 'platform' above. Access from main E beach blocked 2025 by downed trees. May land on W side of rocky point instead.", "Camp Comments": "NW corner has smooth stone point with flat rock midden earth step leading to isthmus-like feature. One visible good tent site just above the landing. Follow trail leading E about 100 m to 2-3 more forest sites.", "Other Comments": "Large dead tree defines west edge of main tent site. When tree falls, it will uproot and destroy site. Good afternoon sun nearby. Seep in the woods possibly useable if filtered. In wetter year, water would likely be fine", "Layer Title": "Dispersed Site", "Latitude": 50.72087, "Longitude": -126.6711, "x": -14100962.784, "y": 6572066.593 }, "geometry": { "type": "Point", "coordinates": [ -126.6711, 50.72087 ] } },
{ "type": "Feature", "properties": { "Title": "Sandford Island", "Description": "Informal site primary", "Land Tenure": "Crown tenure - Section 17 designated use area", "Tent Sites": "10", "Landing Comments": "Bay with partly protected sand beach 50 m long, E aspect. Strong surge at times.", "Camp Comments": "Upland sites on gravel up 2 trails. Food hang rope. Camp furniture. Picnic table. Occasional commercial use. Coords reported as N48.86931, W125.16479. Toilet broken, non-functional.", "Other Comments": "Attractive.", "Layer Title": "Informal Site", "Latitude": 48.86917, "Longitude": -125.16498, "x": -13933302.017000001, "y": 6252691.823 }, "geometry": { "type": "Point", "coordinates": [ -125.16498, 48.86917 ] } },
{ "type": "Feature", "properties": { "Title": "Holford Bay north", "Description": "Informal site secondary", "Land Tenure": "Crown", "Tent Sites": "2 - 3", "Landing Comments": "Beach W aspect.", "Camp Comments": "No comments.", "Other Comments": "Possible water source 50 m to S. Tzartus Island", "Layer Title": "Informal Site", "Latitude": 48.93818, "Longitude": -125.08357, "x": -13924239.319, "y": 6264378.336 }, "geometry": { "type": "Point", "coordinates": [ -125.08357, 48.93818 ] } },
{ "type": "Feature", "properties": { "Title": "Saranac Island", "Description": "Campsite secondary", "Land Tenure": "Provincial Recreation Site", "Tent Sites": "6", "Landing Comments": "Easy but rocky at low tide. Large pebble, rock beach. SE aspect. Land in W portion of double bay.", "Camp Comments": "2 established sites in upland, about 4 on beach. E side beach might also have sites but rougher landing. Beach across neck to NW also has potential tent sites. Hammock opportunities,", "Other Comments": "Water at seasonal streams in E bay or in next bay to S. Larger site than Robert Point. Remnants of a trail around point to another beach to NW.", "Layer Title": "Campsite", "Latitude": 49.24109, "Longitude": -125.90999, "x": -14016235.973, "y": 6315868.773 }, "geometry": { "type": "Point", "coordinates": [ -125.90999, 49.24109 ] } },
{ "type": "Feature", "properties": { "Title": "Pacheendaht", "Description": "Commercial", "Land Tenure": "IR", "Tent Sites": "30 +", "Landing Comments": "Entering Gordon River mouth avoids any beach surf. Extensive sand beaches. Steep at river.", "Camp Comments": "Developed commercial site. Toilets, shower, fire pits.", "Other Comments": "No potable water (2009).", "Layer Title": "Private or Commercial", "Latitude": 48.57624, "Longitude": -124.41212, "x": -13849493.602, "y": 6203261.007 }, "geometry": { "type": "Point", "coordinates": [ -124.41212, 48.57624 ] } },
{ "type": "Feature", "properties": { "Title": "Sooke River Campground", "Description": "Commercial", "Land Tenure": "Private", "Tent Sites": "40 +", "Landing Comments": "Easy on gravel bars in river or tributary creek.", "Camp Comments": "Developed campground. Grassy meadow. Showers, flush toilets. Picnic area. Fire pits. Seasonal opening 1 April.", "Other Comments": "Water at tap. Owned by Sooke Community Association. Ph: (250) 642-6076 for reservations.", "Layer Title": "Private or Commercial", "Latitude": 48.38947, "Longitude": -123.70873, "x": -13771193.198000001, "y": 6171894.532 }, "geometry": { "type": "Point", "coordinates": [ -123.70873, 48.38947 ] } },
{ "type": "Feature", "properties": { "Title": "Muir Creek", "Description": "Commercial", "Land Tenure": "Private", "Tent Sites": "7 - 10", "Landing Comments": "Cobble, pebble beach. Exposed south facing beach but if able to access into creek, protected landing further up on either side of creek. One of the photos showing on map web site taken at extreme low tide when mouth of creek blocked by gravel/sand bar. 2023 assessment done at relatively high tide, sandbar across mouth of creek can create wave action.", "Camp Comments": "Large sand, gravel area upland with gated road access to highway 500m. Unknown if camping is permitted.", "Other Comments": "Large site to SE being developed 2009.", "Layer Title": "Day Use", "Latitude": 48.3794, "Longitude": -123.86633, "x": -13788737.149, "y": 6170207.181 }, "geometry": { "type": "Point", "coordinates": [ -123.86633, 48.3794 ] } },
{ "type": "Feature", "properties": { "Title": "Sandstone Ledge", "Description": "Campsite secondary", "Land Tenure": "Marine Provincial Park", "Tent Sites": "15", "Landing Comments": "Awkward on exposed, sloping rock ledges, covered with fucus at low water. Surf possible when windy. Fair weather stop only. Landing, loading impractical in any significant waves. Short stair leads to upland. Current hazards in Porlier Pass.", "Camp Comments": "Camping permitted at specified sites only, each with picnic table, gravel pad, several on bank above shore. Pit toilet. Access difficulty reduces value of site to paddlers. Food cache reported. No fires. This marine park has become a favorite bike-packing location and can be extremely busy. Wooden kayak racks at trailhead into campsites. Summer camp host at Parry Lagoon. Some overflow sites. Camping fees apply 1 May to 30 September. May pre-pay permit via Internet, but no reservable sites. Fee $5.00 per person per night (2022) via <a href=https://camping.bcparks.ca/ target=_blank style=color:blue>BC Parks Backcountry Registration System</a>.", "Other Comments": "Water at pump at Parry Lagoon must be boiled or treated. Rack for boat storage. Extensive hiking trails. Use by cyclists seems to be tolerated. Sandstone headlands, tidal lagoon to N. Wildlife viewing. See: <a href=https://bcparks.ca/dionisio-point-park/ target=_blank style=color:blue>Dionisio Provincial Park</a>.", "Layer Title": "Campsite", "Latitude": 49.00721, "Longitude": -123.56771, "x": -13755494.11, "y": 6276084.529 }, "geometry": { "type": "Point", "coordinates": [ -123.56771, 49.00721 ] } },
{ "type": "Feature", "properties": { "Title": "Gloucester Point", "Description": "Informal site secondary", "Land Tenure": "Provincial Forest", "Tent Sites": "1 - 2", "Landing Comments": "Easy on gravel, pebble, cobble beach. Scattered larger rocks. Exposed NE aspect but protected from E-W, S winds. Subject to outflow wind from Toba Inlet, presumably mostly in winter. Drift logs.", "Camp Comments": "One site partly brushed in level forest. Possible marginal beach site(s) offers little clearance but usable at Neaps. Several additional sites could be brushed with effort in dense vegetation.", "Other Comments": "Water at creek, possibly seasonal, near centre beach slightly to W of site. Site of former homestead. Old trails or roads behind beach, largely overgrown.", "Layer Title": "Informal Site", "Latitude": 50.28173, "Longitude": -124.8262, "x": -13895589.022, "y": 6495210.752 }, "geometry": { "type": "Point", "coordinates": [ -124.8262, 50.28173 ] } },
{ "type": "Feature", "properties": { "Title": "Deer Passage", "Description": "Informal site primary", "Land Tenure": "Provincial Forest", "Tent Sites": "5", "Landing Comments": "Moderate on exposed low gradient gravel, cobble, boulder beach. General W aspect.  Vessel traffic. Low water landing at S point limited to single boats at a time.", "Camp Comments": "Level clearings in upland forest. 10 m S of boulders follow path 4 m into upland above beach. Beach camping feasible at neaps. Fire ring. Point to S also feasible for 1 tent but more exposed. Another site in bight S of point to S has poorer landing in cove protected from NW but offers more shelter - option in rough conditions.", "Other Comments": "Water at creeks which appear to be year-round. Small waterfall.", "Layer Title": "Informal Site", "Latitude": 50.29139, "Longitude": -124.93177, "x": -13907340.842, "y": 6496893.747 }, "geometry": { "type": "Point", "coordinates": [ -124.93177, 50.29139 ] } },
{ "type": "Feature", "properties": { "Title": "Hepburn Bay", "Description": "Informal site primary", "Land Tenure": "Provincial Forest", "Tent Sites": "3 - 4", "Landing Comments": "Easy, on low gradient beach of gravel, sand. Easy at mid, high water. Awkward oyster band at low water. Exposed NW aspect. Drift logs. Bay S of Hepburn Pt.", "Camp Comments": "Undeveloped. Potential for up to 8 sites with re-brushing of previously cleared areas, some now overgrown. 3-4 tent sites brushed 2023. 3 hammock hangs cleared. Beach camping at small tides. Path at forest opening right of fir among alders in centre beach.", "Other Comments": "Water at seasonal creek at bluff side of bay. Former logging camp, Some debris remains, Active log dump (2009) 200 m to NE or next bay NE. Dump appears inactive 2021.", "Layer Title": "Informal Site", "Latitude": 50.2954, "Longitude": -124.75364, "x": -13887511.679, "y": 6497592.481 }, "geometry": { "type": "Point", "coordinates": [ -124.75364, 50.2954 ] } },
{ "type": "Feature", "properties": { "Title": "Lewis Channel north", "Description": "Informal site primary", "Land Tenure": "Provincial Forest", "Tent Sites": "3 - 4", "Landing Comments": "Easy on beach N of peninsula facing NW. Fine gravel at high water. Cobble, scattered boulders at low water. Mid tide rock band with boulders, rougher below. Beach floods to logs at Springs. Protected from S. Frequent boat wash. Vessel traffic. W wind funnels N in Lewis Channel.", "Camp Comments": "Several brushed sites in open level forest. Good clear site N of 1 m x 3 m boulder at beach S end. Good potential for more sites if levelled. Beach camping feasible at most water levels.", "Other Comments": "View. Attractive. Old roads lead into mature second growth forest.", "Layer Title": "Informal Site", "Latitude": 50.21426, "Longitude": -124.95242, "x": -13909640.202, "y": 6483464.881 }, "geometry": { "type": "Point", "coordinates": [ -124.95242, 50.21426 ] } },
{ "type": "Feature", "properties": { "Title": "Lewis Channel central", "Description": "Informal site secondary", "Land Tenure": "Provincial Forest", "Tent Sites": "3", "Landing Comments": "Easy on pebble, sand, rubble beach on N side of small point. A few boulders at low water. Band of rocks has smoother section at centre beach. Protected from S.", "Camp Comments": "Undeveloped. Small sites at back of point up short trail. Exposed to S. Beach camping tide dependent. Further sites in forest above beach with brushing.", "Other Comments": "View. Attractive. Water possible at nearby seasonal creek. Aka Lewis Channel south", "Layer Title": "Informal Site", "Latitude": 50.20993, "Longitude": -124.94839, "x": -13909191.64, "y": 6482710.856 }, "geometry": { "type": "Point", "coordinates": [ -124.94839, 50.20993 ] } },
{ "type": "Feature", "properties": { "Title": "Roscoe Bay", "Description": "Campsite primary", "Land Tenure": "Marine Provincial Park", "Tent Sites": "4 - 6", "Landing Comments": "Easy on clam, oyster shell beach at head of long, very sheltered cove. Boat run cleared of oysters. Heavy vessel traffic particularly at high slack water for transits of narrow shoal entrance.", "Camp Comments": "Grassy tent sites at bay head. Pit toilet. Food bin. Picnic table. Little privacy from many passers-by. Many boaters anchored in bay walk to lake through occupied campsites to avoid rougher beach. Camping fees apply 1 June to 15 September. Either pre-pay permit via Internet or at Lund or Okeover launch sites, but no reservable sites. Camp only at designated sites.", "Other Comments": "Water at creek or at broken pipe that drips water off cliff near trail to ruins. Lake another potential year-round source. Lake swimming nearby along hiking trail. Busy anchorage - no discharge zone. Hiking trail to viewpoint. See <a href=\"https://bcparks.ca/roscoe-bay-park/\" target=\"_blank\" style=\"color:blue\">Roscoe Bay Provincial Park</a>", "Layer Title": "Campsite", "Latitude": 50.15837, "Longitude": -124.77492, "x": -13889880.558, "y": 6473748.043 }, "geometry": { "type": "Point", "coordinates": [ -124.77492, 50.15837 ] } },
{ "type": "Feature", "properties": { "Title": "Galley Bay", "Description": "Dispersed site secondary", "Land Tenure": "Marine Provincial Park", "Tent Sites": "1 - 2", "Landing Comments": "2 cleared boat runs through boulders, mixed rocks on moderate gradient beach in protected bay. NW aspect.", "Camp Comments": "1 large site at beach top. Small trails might lead to other possible sites in sloped forest. Hammock opportunities. Fire pit on bluff.", "Other Comments": "Stern ties for cruising boats. Aquaculture in bay. Some private homes. See <a href=\"https://bcparks.ca/desolation-sound-marine-park/\" target=\"_blank\" style=\"color:blue\">Desolation Sound Marine Provincial Park</a>", "Layer Title": "Dispersed Site", "Latitude": 50.0675, "Longitude": -124.786, "x": -13891113.978, "y": 6457973.869 }, "geometry": { "type": "Point", "coordinates": [ -124.786, 50.0675 ] } },
{ "type": "Feature", "properties": { "Title": "Gorges Islands", "Description": "Dispersed site secondary", "Land Tenure": "Provincial Park", "Tent Sites": "4", "Landing Comments": "Various awkward or difficult bare rock shelves or on small rock, oyster beach. Significant oyster band at low water. Likely easier at high water. Generally protected from winds, swell. Landing choice depends on site selected for use.", "Camp Comments": "Tent sites on rock ledges among bluffs. Favoured locations for paddlers on W island or on shelf at E side of main (E) island. Fire pit seen but No Fires rule in place.", "Other Comments": "View. Attractive. Wildlife habitat to be avoided during Spring nesting season. Busy anchorage. Water in seasonal creek at Butler Point. Pipe may may collection easier. See <a href=\"https://bcparks.ca/walsh-cove-park/\" target=\"_blank\" style=\"color:blue\">Walsh Cove Provincial Park</a>", "Layer Title": "Dispersed Site", "Latitude": 50.2673, "Longitude": -124.8, "x": -13892672.451, "y": 6492696.828 }, "geometry": { "type": "Point", "coordinates": [ -124.8, 50.2673 ] } },
{ "type": "Feature", "properties": { "Title": "Teakerne Arm", "Description": "Informal site primary", "Land Tenure": "Provincial Forest", "Tent Sites": "3 - 4", "Landing Comments": "Easy on pebble, small cobble beach in cove behind rocky peninsula W of park boundary. SE aspect. Reported as not obvious to find.", "Camp Comments": "Sloping grass bluffs of isthmus or peninsula have level areas of rock, grass. Geese evident on grass areas. Isthmus neck regularly floods at high water. Anchored pleasure boats reduce privacy.", "Other Comments": "Attractive. Park day use area nearby - access by water - has anchorage, floating dock, pit toilet, waterfall, hiking trail, lake swimming. Paddlers have been known to camp there on flat rock. Lacks privacy.", "Layer Title": "Informal Site", "Latitude": 50.19803, "Longitude": -124.85407, "x": -13898691.129000001, "y": 6480642.617 }, "geometry": { "type": "Point", "coordinates": [ -124.85407, 50.19803 ] } },
{ "type": "Feature", "properties": { "Title": "Lloyd Creek", "Description": "Informal site primary", "Land Tenure": "Crown tenure - Section 17 designated use area, Provincial Forest", "Tent Sites": "4", "Landing Comments": "Easy on sand, gravel, mixed cobble beach. Oyster band at lower water. N aspect.  Protected from S.", "Camp Comments": "Undeveloped. Camp in upland open forest N of creek. Berry bushes. Light brushing needed. Potential for more sites with brushng. Beach camping at lower tides.", "Other Comments": "Water at creek. Oyster lease to N. View.", "Layer Title": "Informal Site", "Latitude": 50.19201, "Longitude": -124.61037, "x": -13871562.947000001, "y": 6479594.972 }, "geometry": { "type": "Point", "coordinates": [ -124.61037, 50.19201 ] } },
{ "type": "Feature", "properties": { "Title": "Elworthy Bay", "Description": "Informal site primary", "Land Tenure": "Provincial Forest", "Tent Sites": "3 - 4", "Landing Comments": "Moderate on cobble beach, rough at low water. Reefs.", "Camp Comments": "3 tent sites, 2 fire pits all usable. Some wooden structures remain from earlier squatter occupation.", "Other Comments": "Water at creek. Part of site may be tenured as log dump. Anchorage.", "Layer Title": "Informal Site", "Latitude": 50.19756, "Longitude": -124.79199, "x": -13891780.259, "y": 6480560.45 }, "geometry": { "type": "Point", "coordinates": [ -124.79199, 50.19756 ] } },
{ "type": "Feature", "properties": { "Title": "Kinghorn Island", "Description": "Informal site secondary", "Land Tenure": "Crown", "Tent Sites": "10", "Landing Comments": "Moderate to difficult on moderately steep cobble, boulder beach E of headland. N aspect so exposed to NW. At mid water levels, narrow cleared boat run helps, but boulders above, below affect access at high, low water. Report received that rock ledge to N assists. High winds could make leaving difficult. tough landing, Beach floods to trees, drift logs. Another landing around headland might be easier on low gradient pebble beach. NW aspect.", "Camp Comments": "Undeveloped. Upland cleared sites in forest. Terrain flattens behind beach. Benches, fire pit. Rustic kitchen furniture. Olive barrel for food storage. Well shaded. Hammock opportunities.", "Other Comments": "Attractive. Views. Water at creek. Site regularly used by paddlers. Historic anchorage of Captain Vancouver. Occasional use by large guided parties.", "Layer Title": "Informal Site", "Latitude": 50.08605, "Longitude": -124.85203, "x": -13898464.493000001, "y": 6461191.925 }, "geometry": { "type": "Point", "coordinates": [ -124.85203, 50.08605 ] } },
{ "type": "Feature", "properties": { "Title": "Martin Islands", "Description": "Informal site primary", "Land Tenure": "Crown", "Tent Sites": "7", "Landing Comments": "Easy on either N or S of tombolo except S side reported blocked by log (2022). Shale, gravel with cleared boat run on N side running W to E through boulders, visible when close. S side has many drift logs.", "Camp Comments": "Undeveloped. Sheltered large clear site in centre, smaller areas on W island. Picnic table, benches. Suited to groups. Potential for more sites. 3 or more upland fire pits.", "Other Comments": "Attractive. On dry tombolo - islands not completely split as shown on chart. High use requires attention to good sanitation practices. Report received of high use by instructional or commercial groups for prolonged periods.", "Layer Title": "Informal Site", "Latitude": 50.11017, "Longitude": -124.82167, "x": -13895084.377, "y": 6465376.677 }, "geometry": { "type": "Point", "coordinates": [ -124.82167, 50.11017 ] } },
{ "type": "Feature", "properties": { "Title": "Openit east cove", "Description": "Informal site secondary", "Land Tenure": "IR", "Tent Sites": "8", "Landing Comments": "nan", "Camp Comments": "nan", "Other Comments": "This site is currently closed. Site closures may occur for a variety of reasons including environmental protection, weather-related damage, safety concerns or directives from First Nations. BC Marine Trails will update this site’s status as new information becomes available. We appreciate your understanding and cooperation in helping preserve these areas for future generations.", "Layer Title": "Closed", "Latitude": 49.36155, "Longitude": -126.2563, "x": -14054787.025, "y": 6336433.022 }, "geometry": { "type": "Point", "coordinates": [ -126.2563, 49.36155 ] } },
{ "type": "Feature", "properties": { "Title": "Sansum Narrows", "Description": "Dispersed site secondary", "Land Tenure": "Provincial Park", "Tent Sites": "3", "Landing Comments": "2 pebble beaches of moderate gradient with 1 m high bank. Beaches sit between small rock outcrops. A reporter could not find suitable landing beach at high water (3.6 m). NW aspect. Currents, vessel traffic.", "Camp Comments": "Dispersed camping permitted. Moderately level sites in attractive open forest, some on old roadbed, about 20 m above either of pebble beaches. Minor brushing likely required. No fires. Precise location might vary depending on site chosen. A reporter could find no suitable tent sites 2023.", "Other Comments": "Water at nearby seasonal creek. View. Hiking trail located 200 m to SE connects with main park trail #20 near junction with #23. Hydro right of way trail not maintained entirely. See: <a href=\"https://bcparks.ca/burgoyne-bay-park/\" target=\"_blank\" style=\"color:blue\">Burgoyne Bay Provincial Park</a>.", "Layer Title": "Dispersed Site", "Latitude": 48.79149, "Longitude": -123.54477, "x": -13752940.887, "y": 6239555.383 }, "geometry": { "type": "Point", "coordinates": [ -123.54477, 48.79149 ] } },
{ "type": "Feature", "properties": { "Title": "South Kendrick Islet", "Description": "Informal site secondary", "Land Tenure": "Crown", "Tent Sites": "3 - 5", "Landing Comments": "Moderate to difficult, on rock ledges at W shore approx 70 m SE of main tenting area indicated on map.  Easier at low water. Swells, current hazards, vessel traffic.", "Camp Comments": "Undeveloped, large semi-exposed grassy level area on islet top.", "Other Comments": "West Vancouver Yacht Club outstation nearby on main Kendrick Island W shore. Anchorage. Adjacent to Wakes Cove Provincial Park but not within Park.", "Layer Title": "Informal Site", "Latitude": 49.1207, "Longitude": -123.68766, "x": -13768847.24, "y": 6295367.278 }, "geometry": { "type": "Point", "coordinates": [ -123.68766, 49.1207 ] } },
{ "type": "Feature", "properties": { "Title": "Klaskino Lagoon", "Description": "Informal site secondary", "Land Tenure": "Provincial Forest", "Tent Sites": "3", "Landing Comments": "Low gradient sand beach makes for long carry at low water.  More protected than Keith R Site 4.", "Camp Comments": "Camp on beach. Possible upland sites.", "Other Comments": "Adjacent to clearcut.", "Layer Title": "Informal Site", "Latitude": 50.32697, "Longitude": -127.86337, "x": -14233685.495, "y": 6503095.167 }, "geometry": { "type": "Point", "coordinates": [ -127.86337, 50.32697 ] } },
{ "type": "Feature", "properties": { "Title": "Klaskino Site 1", "Description": "Informal site secondary", "Land Tenure": "Provincial Forest", "Tent Sites": "6", "Landing Comments": "Easy on steep gravel beach at N end of long beach.  Beach to S not accessible from seaward because of blocking reefs.", "Camp Comments": "Very limited space at Springs. 6 or more sites otherwise.", "Other Comments": "No comments.", "Layer Title": "Informal Site", "Latitude": 50.32405, "Longitude": -127.86313, "x": -14233658.89, "y": 6502585.879 }, "geometry": { "type": "Point", "coordinates": [ -127.86313, 50.32405 ] } },
{ "type": "Feature", "properties": { "Title": "Battle Bay Cove", "Description": "Dispersed site secondary", "Land Tenure": "Provincial Park", "Tent Sites": "2", "Landing Comments": "Easy landing on protected sand beach inside deep cove. S aspect. Moderately steep at low tide, accessible at all tides. Approach from SW. Other coves in vicinity. A cove to E appears connected, but is usually separated by jagged rocks.", "Camp Comments": "2 beach sites on pebble, small stones. Possible upland sites if heavily brushed. An area of sea grass could yield tent sites at Neaps. Hammock use also require brushing.", "Other Comments": "Attractive. See: <a href=\"https://bcparks.ca/muqqiwn-brooks-peninsula-park/\" target=\"_blank\" style=\"color:blue\">Mquqwin Brooks Peninsula Provincial Park</a>.", "Layer Title": "Dispersed Site", "Latitude": 50.12368, "Longitude": -127.55928, "x": -14199834.463, "y": 6467723.226 }, "geometry": { "type": "Point", "coordinates": [ -127.55928, 50.12368 ] } },
{ "type": "Feature", "properties": { "Title": "Too Tah Island", "Description": "Informal site primary", "Land Tenure": "Treaty Settlement Land designated for public access", "Tent Sites": "5 - 7", "Landing Comments": "Easy landing on sheltered sand beach at all tides. NE aspect. Alternate approaches, landings on beaches with W, S aspects.", "Camp Comments": "3 sheltered upland tent sites on treed neck between 2 beaches. Large private cabin with private outhouse at W aspect beach - no permission for public use of either. Exposed beach top sites suitable at Neaps but maybe not at Springs.", "Other Comments": "First Nations (KCFN) owned Maa-Nulth Treaty land. Reasonable public access to be provided. Fees not currently charged (2023). Aka Barneys Island or Gay Passage Island. Frequent water taxi drop-off / pick up site. Indirect report of campers being asked to leave when cabin owner is present.", "Layer Title": "Informal Site", "Latitude": 50.09277, "Longitude": -127.51253, "x": -14194630.299000001, "y": 6462356.978 }, "geometry": { "type": "Point", "coordinates": [ -127.51253, 50.09277 ] } },
{ "type": "Feature", "properties": { "Title": "Nipple Mountain", "Description": "Informal site secondary", "Land Tenure": "Provincial Recreation Reserve", "Tent Sites": "12", "Landing Comments": "Choose from S or N facing beaches. S side easy to moderate on steep pebble beach, various rocks.  N side easy on moderately sloped sand, pebble beach. Dumping surf in high swell can likely be avoided on one side or other. N side reported usually easier.", "Camp Comments": "Many camping possibilities on beach, upland either side of small peninsula. 1 good upland site on S beach. Hammock opportunities.", "Other Comments": "Water at S beach clear creek believed to be year-round. Swim hole. Trail between N & S beaches. Some hiking trails along creek on S beach. IMAP shows REC136267 Provincial Recreation Reserve.", "Layer Title": "Informal Site", "Latitude": 50.04702, "Longitude": -127.43755, "x": -14186283.174000001, "y": 6454422.29 }, "geometry": { "type": "Point", "coordinates": [ -127.43755, 50.04702 ] } },
{ "type": "Feature", "properties": { "Title": "Santa Gertrudis Cove", "Description": "Dispersed site secondary", "Land Tenure": "Marine Provincial Park", "Tent Sites": "2", "Landing Comments": "Easy. Small shale, gravel beach in very protected cove. E aspect.", "Camp Comments": "Reporter did not see the picnic table or the clearing which was described in earlier write ups. The landing is otherwise as described although there were many logs. 3-4 upper beach sites available behind the logs.", "Other Comments": "At Santa Gertrudis Cove, there is the main cove visible when entering and three smaller coves to the north. The closest cove is eel grass and mud at low tide. The small cove to the ocean becomes a passage at higher tides. Hiking trail to Jewitt Lake. https://bcparks.ca/santa-gertrudis-boca-del-infierno-park/Gloomy. See: <a href=https://bcparks.ca/santa-getrudis-boca-del-infierno-park/ target=_blank style=color:blue>Santa Gertrudis - Boca del Infierno Marine Provincial Park</a>.", "Layer Title": "Dispersed Site", "Latitude": 49.60162, "Longitude": -126.62305, "x": -14095613.449, "y": 6377566.603 }, "geometry": { "type": "Point", "coordinates": [ -126.62305, 49.60162 ] } },
{ "type": "Feature", "properties": { "Title": "Ross Islets", "Description": "Informal site primary", "Land Tenure": "Crown", "Tent Sites": "5 - 7", "Landing Comments": "Crushed shell beach. Mixed rocks, cobbles lower. Approach from E at all tides. Access at high water from W, N.", "Camp Comments": "Small sites in relatively close proximity. Protected.", "Other Comments": "Attractive but impacted heavily by users. Frequent use. Reported in July 2024: Established kitchen area used by boaters and paddlers. Grills left at site. .", "Layer Title": "Informal Site", "Latitude": 48.87364, "Longitude": -125.16024, "x": -13932774.507, "y": 6253447.491 }, "geometry": { "type": "Point", "coordinates": [ -125.16024, 48.87364 ] } },
{ "type": "Feature", "properties": { "Title": "Keeha Bay", "Description": "Campsite primary", "Land Tenure": "National Park Reserve", "Tent Sites": "unknown", "Landing Comments": "Crescent sand beach, rocky headlands. S aspect. Expect surf ranging upwards from minor in 1 m swell to heavy in high swell.  Easier at N end (IR) in NW conditions.  Could land at IR then wheel craft to within park.", "Camp Comments": "Toilet. Food cache. May be subject to park use restrictions e.g. no pets. Reservable dates in 2022 May 1, 2022 - October 11, 2022.", "Other Comments": "Attractive. Hiking trail to Bamfield 3.5 km, so expect heavy use. Suited to calm weather. Pacific Rim National Park Reserve. AKA Keeha Beach.", "Layer Title": "Campsite", "Latitude": 48.78753, "Longitude": -125.17545, "x": -13934467.22, "y": 6238886.057 }, "geometry": { "type": "Point", "coordinates": [ -125.17545, 48.78753 ] } },
{ "type": "Feature", "properties": { "Title": "Kirby Point southwest", "Description": "Commercial", "Land Tenure": "Treaty Settlement Land", "Tent Sites": "6 - 8", "Landing Comments": "E end of sand beach. SW aspect. Sheltered by island. Turbulent water likely at entrance in SW swell.", "Camp Comments": "Camping fees are normally charged. Permit required for overnight use. See: <a href=\"https://huuayaht.org/services/lands-permits/\" target=\"_blank\" style=\"color:blue\">=Camping Permit</a>. Rustic beach huts are no longer present. Any previous above beach camping areas were overgrown. We did not see anywhere to put a tent. A native graveyard was seen.", "Other Comments": "Huu-ay-aht Treaty Settlement Land.", "Layer Title": "Private or Commercial", "Latitude": 48.84747, "Longitude": -125.20178, "x": -13937398.763, "y": 6249019.205 }, "geometry": { "type": "Point", "coordinates": [ -125.20178, 48.84747 ] } },
{ "type": "Feature", "properties": { "Title": "Jepther Point", "Description": "Dispersed site secondary", "Land Tenure": "Provincial Park", "Tent Sites": "3 - 5", "Landing Comments": "Moderately steep cobble, pebble beach. Difficult in high swell. Landing easier at either end of the beach.", "Camp Comments": "Beach sites on gravel, cobble.", "Other Comments": "Attractive. Water at creek. No access to N Coast hiking Trail. Reported (7-2024) they were unable to locate any streams or other water sources or any dry creek beds. Also stated that water was available approximately 2.5km East along the coastline.See: <a href=\"https://bcparks.ca/cape-scott-park/\" target=\"_blank\" style=\"color:blue\">Cape Scott Provincial Park</a>", "Layer Title": "Dispersed Site", "Latitude": 50.87475, "Longitude": -127.90626, "x": -14238460.0, "y": 6599168.881 }, "geometry": { "type": "Point", "coordinates": [ -127.90626, 50.87475 ] } },
{ "type": "Feature", "properties": { "Title": "Tent Island", "Description": "Campsite primary", "Land Tenure": "IR", "Tent Sites": "8", "Landing Comments": "nan", "Camp Comments": "nan", "Other Comments": "This site is currently closed. Site closures may occur for a variety of reasons, including environmental protection, weather-related damage, safety concerns, or directives from First Nations. BC Marine Trails will update this site’s status as new information becomes available. We appreciate your understanding and cooperation in helping preserve these areas for future generations.", "Layer Title": "Closed", "Latitude": 48.92925, "Longitude": -123.63227, "x": -13762681.387, "y": 6262864.471 }, "geometry": { "type": "Point", "coordinates": [ -123.63227, 48.92925 ] } },
{ "type": "Feature", "properties": { "Title": "Carl’s Crab Shack and Nytom", "Description": "Informal site secondary", "Land Tenure": "IR", "Tent Sites": "unknown", "Landing Comments": "White sand beach. Surf tends to wrap around the point to W but  beach 10 m to S of site has a  channel with good sand landing. A  floating line usually marks entry. Keep rope on immediate port side.", "Camp Comments": "Beach camping on sand. Not a recognized Parks Canada site.", "Other Comments": "Seasonal food may be available from temporary restaurant/cafe.", "Layer Title": "Private or Commercial", "Latitude": 48.61307, "Longitude": -124.74605, "x": -13886666.765000001, "y": 6209460.127 }, "geometry": { "type": "Point", "coordinates": [ -124.74605, 48.61307 ] } },
{ "type": "Feature", "properties": { "Title": "Pacific Lions Marina", "Description": "Commercial Campground", "Land Tenure": "Private", "Tent Sites": "unknown", "Landing Comments": "No comments.", "Camp Comments": "Grassy sites. RV use. Services.", "Other Comments": "4 day minimum. Might apply to boat-based camping.", "Layer Title": "Private or Commercial", "Latitude": 48.32973, "Longitude": -123.63417, "x": -13762892.515000001, "y": 6161886.851 }, "geometry": { "type": "Point", "coordinates": [ -123.63417, 48.32973 ] } },
{ "type": "Feature", "properties": { "Title": "Coon Bay", "Description": "Campsite primary", "Land Tenure": "Marine Provincial Park", "Tent Sites": "15", "Landing Comments": "Easy on low gradient sand beach, steeper at top. N aspect. Surf possible in strong NW conditions. Alternate access by Parry Lagoon to SE of tombolo. Enter SE'most  lagoon entrance. Very low gradient, dries at low water. Third landing option 400 m to W of tombolo on moderate gradient gravel in well-protected Maple Bay. Longer carry but on good trail. High current, turbulence hazards in adjacent Porlier Pass.  Vessel traffic stays mostly well to N.", "Camp Comments": "Camping permitted only at specified forested sites away from shore. Each has gravel pad, picnic table. No fires. Shoreline for day use only. Pit toilets. Resident camp host in summer. Benches. Camping fees apply 1 May to 30 September. May pre-pay permit via Internet, but no reservable sites. Fee $5.00 per person per night (2022) via <a href=https://camping.bcparks.ca/ target=_blank style=color:blue>BC Parks Backcountry Registration System</a>.", "Other Comments": "Attractive. View. Water at pump May - September must be boiled or treated. Former village site named Quelus'. Swimming. Sandstone headlands, wildflowers, tidal lagoon. Wildlife viewing. No sanctioned road or trail access. Extensive hiking trails. Car-based camping discouraged, Used (unauthorized) by cyclists. Regularly visited by power boaters. See: <a href=https://bcparks.ca/dionisio-point-park/ target=_blank style=color:blue>Dionisio Provincial Park</a>", "Layer Title": "Campsite", "Latitude": 49.01093, "Longitude": -123.57414, "x": -13756210.117000001, "y": 6276716.869 }, "geometry": { "type": "Point", "coordinates": [ -123.57414, 49.01093 ] } },
{ "type": "Feature", "properties": { "Title": "Quarry Bay Finlayson Arm", "Description": "Informal site secondary", "Land Tenure": "Provincial Forest", "Tent Sites": "6", "Landing Comments": "No comments", "Camp Comments": "Secluded site used by campers and picnickers. Firepit.", "Other Comments": "No comments.", "Layer Title": "Informal Site", "Latitude": 48.56587, "Longitude": -123.51897, "x": -13750068.476, "y": 6201516.545 }, "geometry": { "type": "Point", "coordinates": [ -123.51897, 48.56587 ] } },
{ "type": "Feature", "properties": { "Title": "Edward King Island west", "Description": "Informal site secondary", "Land Tenure": "Crown", "Tent Sites": "3", "Landing Comments": "Small rocky beach has tiny pullout on N side. Little or no surf.", "Camp Comments": "Two upland sites, one small beach site. Secluded but rough. Two sources of water reported on SE shore of same island", "Other Comments": "Good picnic site.", "Layer Title": "Informal Site", "Latitude": 48.8292, "Longitude": -125.21605, "x": -13938986.925000001, "y": 6245929.744 }, "geometry": { "type": "Point", "coordinates": [ -125.21605, 48.8292 ] } },
{ "type": "Feature", "properties": { "Title": "Proud Outlook", "Description": "Informal site secondary", "Land Tenure": "Provincial Forest", "Tent Sites": "1 - 3", "Landing Comments": "Rough landing on slightly rounded rocks. At low water mixed rocks to 150+ mm.  At high water boulders range from 300 - 500 mm. Steep 20% grade to upland. 0.4 NM SW of Camp Potlatch.", "Camp Comments": "Pleasant upland tent sites beside creek, 2 in trees, 1 slightly lower in open glade. Sites 2 - 3 m above high water. Sunny.", "Other Comments": "Water at creek that appears to run year-round. Small waterfall. Potlach Creek 0.5 NM to NE has sure year-round water. Attractive. View.", "Layer Title": "Informal Site", "Latitude": 49.57782, "Longitude": -123.32883, "x": -13728902.166, "y": 6373480.081 }, "geometry": { "type": "Point", "coordinates": [ -123.32883, 49.57782 ] } },
{ "type": "Feature", "properties": { "Title": "Kin Beach", "Description": "Campsite secondary", "Land Tenure": "Provincial Park", "Tent Sites": "15 +", "Landing Comments": "Moderate to low gradient cobble, sand beach. NE aspect. Extensive cobble at low water.", "Camp Comments": "Developed vehicle-accessible campsite. Pit toilets. Playground. Picnic shelters. Day use area. Campsite reservations recommended. Call 250-339-6365. Group site.", "Other Comments": "Vehicle access via Ryan Road, to entrance to 19 Wing Comox. Turn left on Little River Road, right on Kilmorley Road. Stay left to the park. For closest parking to water go beyond park entrance to picnic shelter then approx 150 m further. Water at tap. Small store. Community-run Class C park. See: <a href=https://bcparks.ca/kin-beach-park/ target=_blank style=color:blue>Kin Beach Provincial Park</a>.", "Layer Title": "Campsite", "Latitude": 49.72802, "Longitude": -124.89683, "x": -13903451.528000001, "y": 6399306.89 }, "geometry": { "type": "Point", "coordinates": [ -124.89683, 49.72802 ] } },
{ "type": "Feature", "properties": { "Title": "Qualicum First Nation Campground", "Description": "Commercial Campground", "Land Tenure": "First Nation", "Tent Sites": "100 +", "Landing Comments": "Easy, protected pebble beach, more exposed at low tide. Optional launch in river.", "Camp Comments": "Developed commercial campground. Full facilities, tent pads, hookups, store, picnic shelter, picnic tables, playground, toilets, showers, sani dump. Site on S bank is let by season. Operates May-Sept. Gates closed 9 pm to 7 am. Fees charged.", "Other Comments": "Road access at 5861 Island Highway West (Hwy 19A). Operated by Qualicum First Nation Ph: 250-757-9322, 250-757-9337 (Oct-June). See <a href=http://campground.qualicumfirstnation.com/about-us/ target=_blank style=color:blue>&lt;Qualicum First Nation Campground</a>", "Layer Title": "Private or Commercial", "Latitude": 49.3999, "Longitude": -124.61001, "x": -13871523.061000001, "y": 6342989.802 }, "geometry": { "type": "Point", "coordinates": [ -124.61001, 49.3999 ] } },
{ "type": "Feature", "properties": { "Title": "Willingdon Beach", "Description": "Campsite primary", "Land Tenure": "Municipal", "Tent Sites": "65 +", "Landing Comments": "Easy  on moderate gradient beach. SW aspect. Mixed pebble, sand to E of breakwater jetty, cobble to W.", "Camp Comments": "Developed municipal campground. Full facilities. Showers, electric hookups. Flush toilets, laundry room. Fire pits, picnic tables. Playground, water park. All sites reservable.at 604.485.2242 or reservations@willingdonbeach.ca. Group campsite.", "Other Comments": "4845 Marine Avenue, Powell River. View. Parking. Water at taps. Swimming float. 1.5 km walk to central Powell River with all amenities. Hiking trails. Good launch site.", "Layer Title": "Campsite", "Latitude": 49.84773, "Longitude": -124.53274, "x": -13862921.605, "y": 6419947.26 }, "geometry": { "type": "Point", "coordinates": [ -124.53274, 49.84773 ] } },
{ "type": "Feature", "properties": { "Title": "Fairview Bay", "Description": "Campsite primary", "Land Tenure": "Provincial Recreation Site", "Tent Sites": "3 - 4", "Landing Comments": "Mixed low gradient beach in bay, mostly 30 - 60 mm gravel. SE aspect. Some oysters, scattered boulders, patches of gravel, sand. Moderately long carry at low water. Easy shore access up low bank with trail.", "Camp Comments": "One wooden tent pad, one clearing, one smaller site for tents. Might be more tent sites further from cabin but not seen. Beautiful public use cabin or hut built by volunteers 2009, modified, renovated 2014. Accommodates 10 in upper sleeping loft. Composting outhouse toilet (2016). Paddlers advised to carry tent because hut often full. Reservations not accepted. Picnic tables, outside fire pit, sleeping loft, covered porch. No lighting, stove or heater.", "Other Comments": "Year-round water nearby. View. Hut part of Sunshine Coast hiking Trail. Sections lead along coast to Saltery Bay (2 -3 hr), or N to Rainy Day Lake, Sarah Point terminus (173 km). Under care of Powell River Parks and Wilderness Society. Swimming. Oysters. See <a href=https://sunshinecoast-trail.com/ target=_blank style=color:blue>Sunshine Coast Trail</a>", "Layer Title": "Campsite", "Latitude": 49.78921, "Longitude": -124.12207, "x": -13817205.996, "y": 6409850.87 }, "geometry": { "type": "Point", "coordinates": [ -124.12207, 49.78921 ] } },
{ "type": "Feature", "properties": { "Title": "Gastineau Bay", "Description": "Informal site secondary", "Land Tenure": "Provincial Forest", "Tent Sites": "2", "Landing Comments": "Easy on sand, pebble beach, some boulders. S aspect. Rougher at low water. Might be awkward due to drift logs at very high water.", "Camp Comments": "Undeveloped. Cleared sites in trees. With brushing, many others possible", "Other Comments": "Water at creeks to S. View. Attractive. Shelter from outflow winds. Intended log dump use. Licencee willing to remove boom in bay and not use site in summer months. Per F Ullman RSTBC. Aka Toba Inlet Entrance.", "Layer Title": "Informal Site", "Latitude": 50.358, "Longitude": -124.73983, "x": -13885974.725, "y": 6508507.53 }, "geometry": { "type": "Point", "coordinates": [ -124.73983, 50.358 ] } },
{ "type": "Feature", "properties": { "Title": "Attwood Bay entrance", "Description": "Informal site primary", "Land Tenure": "Provincial Forest", "Tent Sites": "2 - 4", "Landing Comments": "Easy, on gravel beach with angular cobble above. Land N of creek mouth. Boat run at low - mid water levels. Little beach at high water, floods to treeline. Log boom may be across small bay mouth. W aspect. Exposed to W which causes strong chop at landing but not known to cause actual surf.", "Camp Comments": "Undeveloped. Some rough clearings N of creek. Good potential. If brushed, further tent sites feasible on flat dry ground growing ferns, brambles. Minor deadfall needs clearing. Hazard trees likely. Hammock opportunities.", "Other Comments": "Attractive. View. Water at seasonal creek with small waterfall. Creek might have year-round flow. Bathing opportunities. Float homes, development in bay to N. Log dump nearby to N.", "Layer Title": "Informal Site", "Latitude": 50.30984, "Longitude": -124.66141, "x": -13877244.238, "y": 6500107.891 }, "geometry": { "type": "Point", "coordinates": [ -124.66141, 50.30984 ] } },
{ "type": "Feature", "properties": { "Title": "Carriden Bay", "Description": "Dispersed site primary", "Land Tenure": "Provincial Recreation Site", "Tent Sites": "4", "Landing Comments": "Land in large protected bay on moderate to low gradient boulder beach at high water, Extensive low gradient clam bed at low water. Paddlers might avoid long low water carry by landing 150 m to SW of site. E aspect.", "Camp Comments": "Tent sites along faint trail at S side of stream in second growth forest. Grassy upper beach patches may offer additional sites at Neaps. Hammock opportunities.Many other camp possibilities within large bay. Approx. 700 m to S are beaches NE aspect bounded by a tall cliff. Land on boulders, cobble, mixed rocks, pebble. Protected. Low slope forest behind beach, but no tent sites seen July 2023. Dry seasonal stream.", "Other Comments": "Water at stream with lake source flowing in drought mid-July 2023 - assume year-round. Larger year-round creek 350 m to N at N50.9135, W126.9062. No tent sites seen there. Anchorage. Large 111.9 Ha. Provincial Recreation Site.", "Layer Title": "Dispersed Site", "Latitude": 50.91123, "Longitude": -126.91004, "x": -14127561.141000001, "y": 6605606.157 }, "geometry": { "type": "Point", "coordinates": [ -126.91004, 50.91123 ] } },
{ "type": "Feature", "properties": { "Title": "Burdwood Point south 2", "Description": "Informal site secondary", "Land Tenure": "Provincial Recreation Site", "Tent Sites": "12", "Landing Comments": "Navigate through rocks to small medium gradient sand, pebble beach. Beach moderately well protected by rocks on approach. More protected, less surf than Burdwood Bay.", "Camp Comments": "10 tent sites on beach at tombolo, 2 more in upland. Cabin behind rock outcrop, tombolo. Old toilet along trail S of cabin. Potential for beach flooding at springs but tombolo normally dry. Safe refuge in rough conditions.", "Other Comments": "Water at seasonal creek. Swim hole. Walking trail leads N from cabin.", "Layer Title": "Informal Site", "Latitude": 49.56828, "Longitude": -126.56343, "x": -14088977.126, "y": 6371841.818 }, "geometry": { "type": "Point", "coordinates": [ -126.56343, 49.56828 ] } },
{ "type": "Feature", "properties": { "Title": "Kitty Coleman", "Description": "Campsite primary", "Land Tenure": "Provincial Park", "Tent Sites": "65 +", "Landing Comments": "2 paved boat ramps, one in  creek mouth other larger ramp at road end to N. Cobble beach. Exposed to wind.", "Camp Comments": "Vehicle-accessible sites. Group camping by reservation in summer 250-338-1332. Picnic shelter, picnic tables, pit toilets. Shared fire pits. Many narrow gravel sites on waterfront.", "Other Comments": "Vehicle enter via Coleman Road off Hwy 19A. Turn on Left Road, right on Whittaker Road. Parking. Water might require boiling. Nature trails. Swimming, 900 m shoreline. Community-run Class C park. See: <a href=https://bcparks.ca/kitty-coleman-beach-park/ target=_blank style=color:blue>Kitty Coleman Provincial Park</a>.", "Layer Title": "Campsite", "Latitude": 49.78889, "Longitude": -124.99583, "x": -13914472.147, "y": 6409795.262 }, "geometry": { "type": "Point", "coordinates": [ -124.99583, 49.78889 ] } },
{ "type": "Feature", "properties": { "Title": "Shingle Bay", "Description": "Campsite primary", "Land Tenure": "National Park Reserve", "Tent Sites": "10", "Landing Comments": "Easy on sheltered beach of low gradient sand, gravel, pebble, mud, clam bed with angular stones, on NE side of bay with NW aspect. Protected by rocky headland, islet, reefs. Land at N side of open grass tent area in old orchard. Mud, weed at low water.", "Camp Comments": "Large gravel tent pads, picnic tables, in shaded orchard, vault toilet, kiosk, food lockers. No potable water. Hammock opportunities but may not use fruit trees, oaks or arbutus trees. Limit 5 persons per site, 2 tents/site. Fees charged year-round. Small overflow area for 3 tents lacks tables. All sites <a href=http://reservation.parkscanada.gc.ca/ target=_blank style=color:blue>reservable</a> Reservations advised in summer. Phone needed to call in on arrival if not already reserved. No fires permitted. 250-654-4000, Toll-free: 1-866-944-1744", "Other Comments": "Attractive. View. Gulf Islands National Park Reserve. Gated steep road access 240 m from end of Shingle Bay Road. Site shared with cyclists, walk-in users. Hiking trails. Small parking area for overnight use at gate. Irene Bay offers best local hand launch site. See <a href=https://www.pc.gc.ca/en/pn-np/bc/gulf/activ/camping target=_blank style=color:blue>camping</a>", "Layer Title": "Campsite", "Latitude": 48.78418, "Longitude": -123.31112, "x": -13726930.72, "y": 6238320.839 }, "geometry": { "type": "Point", "coordinates": [ -123.31112, 48.78418 ] } },
{ "type": "Feature", "properties": { "Title": "Klashkish Inlet", "Description": "Informal site secondary", "Land Tenure": "Provincial Forest", "Tent Sites": "5 - 7", "Landing Comments": "Steep gravel beach at high tide. Low gradient at mid, low tide. Gravel berm at beach top.", "Camp Comments": "Level sites on pebble berm top.", "Other Comments": "Water at creek in small bay to E.", "Layer Title": "Informal Site", "Latitude": 50.25288, "Longitude": -127.74748, "x": -14220784.446, "y": 6490186.45 }, "geometry": { "type": "Point", "coordinates": [ -127.74748, 50.25288 ] } },
{ "type": "Feature", "properties": { "Title": "Shehtekwahn east bay", "Description": "Informal site primary", "Land Tenure": "Treaty Settlement Land", "Tent Sites": "10", "Landing Comments": "Easy on broad moderate gradient beach of sand, gravel, pebble, other rocks. Drift logs. Scattered boulders. ENE aspect, protected from NW.", "Camp Comments": "A few small beach sites on sand among logs. Level upland areas in trees with sites for several tents, subject to minor brushing, levelling. Visible hazard trees. Crude camp furniture. Fire ring.", "Other Comments": "Water at seasonal stream crossing centre beach approx 200 m from site. Road or trail access so use possible by vehicle-based campers, fishers.", "Layer Title": "Informal Site", "Latitude": 49.72307, "Longitude": -124.41492, "x": -13849805.653000001, "y": 6398453.857 }, "geometry": { "type": "Point", "coordinates": [ -124.41492, 49.72307 ] } },
{ "type": "Feature", "properties": { "Title": "Holford Bay south", "Description": "Informal site secondary", "Land Tenure": "Crown", "Tent Sites": "3 - 4", "Landing Comments": "Protected beach in cove of small cobble, broken rock. SW aspect.", "Camp Comments": "Coordinates might refer to landing . Sea Trails Charts Seattle WA show a site 150 m to N at N48D 56.220M W125D 05.052M. Likely the same site but no further information.", "Other Comments": "Tzartus Island.", "Layer Title": "Informal Site", "Latitude": 48.93585, "Longitude": -125.08472, "x": -13924367.336, "y": 6263983.483 }, "geometry": { "type": "Point", "coordinates": [ -125.08472, 48.93585 ] } },
{ "type": "Feature", "properties": { "Title": "Diana Island northeast", "Description": "Informal site secondary", "Land Tenure": "Crown tenure - Section 17 designated use area, Crown?", "Tent Sites": "6", "Landing Comments": "Easy on sand, gravel beach. Access between rock reefs at low water. N aspect.", "Camp Comments": "Beach top sites behind drift logs. Upland forest sites. Hammock opportunities.", "Other Comments": "Attractive.", "Layer Title": "Informal Site", "Latitude": 48.84744, "Longitude": -125.18688, "x": -13935739.646, "y": 6249014.062 }, "geometry": { "type": "Point", "coordinates": [ -125.18688, 48.84744 ] } },
{ "type": "Feature", "properties": { "Title": "Baronet Passage west", "Description": "Informal site secondary", "Land Tenure": "Crown Conservancy", "Tent Sites": "2 - 3", "Landing Comments": "Clam bed beach in protected cove with pebble at high water, cobble, boulders at lower water levels. NW aspect.", "Camp Comments": "Some upland sites in second growth forest. Brushing likely needed.", "Other Comments": "2013 Conservancy management plan suggests new site in vicinity. See <a href=\"https://bcparks.ca/qwiquallaaq-boat-bay-conservancy/\" target=\"_blank\" style=\"color:blue\">Qwiquallaaq/Boat Bay Conservancy</a>.", "Layer Title": "Dispersed Site", "Latitude": 50.54826, "Longitude": -126.63152, "x": -14096556.325, "y": 6541771.652 }, "geometry": { "type": "Point", "coordinates": [ -126.63152, 50.54826 ] } },
{ "type": "Feature", "properties": { "Title": "Northeast Bay", "Description": "Informal site primary", "Land Tenure": "Provincial Forest", "Tent Sites": "6", "Landing Comments": "Low gradient broad open pebble beach with mixed rocks to 100 mm. Creek estuary in  wide bay, exposed to N. May approach up creek channel at low tide. Alternate landing on steeper gravel beach immediately to SE, with access to similar upland.", "Camp Comments": "Sites among forest margin. Several sites to S of creek where trail from road enters. 1 or 2 sites on N side of creek. Potential for additional sites with brushing or could camp directly on old road.", "Other Comments": "Attractive. View. Water at year-round Russ Creek, small waterfall, bathing pool. ATV access via broad trail or old road from larger main island road. AKA Russ Creek. UREP recreational status. Noted for recreational value by Regional District.", "Layer Title": "Informal Site", "Latitude": 49.71216, "Longitude": -124.37474, "x": -13845332.402000001, "y": 6396574.896 }, "geometry": { "type": "Point", "coordinates": [ -124.37474, 49.71216 ] } },
{ "type": "Feature", "properties": { "Title": "Single Tree Point", "Description": "Informal site secondary", "Land Tenure": "Provincial Forest", "Tent Sites": "2 - 4", "Landing Comments": "S of point proper, low gradient broad gravel, pebble beach at all water levels, steeper at top. Smooth area in centre between boulder, bedrock bands perpendicular to shoreline. Kelp.", "Camp Comments": "Beach top camp on gravel between drift logs dry at most tides. Minor brushing will give 1-2 upland sites. Hammock opportunities. Fire pit.", "Other Comments": "Water at seasonal stream (Suquash Creek) E of point, flowing in drought mid-July 2023. Route of inactive industrial road runs behind shore. Former Suquash village site assumed located in vicinity.", "Layer Title": "Informal Site", "Latitude": 50.63865, "Longitude": -127.24414, "x": -14164753.383, "y": 6557623.082 }, "geometry": { "type": "Point", "coordinates": [ -127.24414, 50.63865 ] } },
{ "type": "Feature", "properties": { "Title": "Crabapple Islets", "Description": "Dispersed site primary", "Land Tenure": "Provincial Park", "Tent Sites": "6", "Landing Comments": "Sand beach NW aspect. Easier landing than Marks Creek. Landing good in the bay behind islets.", "Camp Comments": "Beach sites. Random wilderness camping permitted. No fees (2018).", "Other Comments": "See: <a href=\"https://bcparks.ca/muqqiwn-brooks-peninsula-park/\" target=\"_blank\" style=\"color:blue\">&lt;Mquqwin Brooks Peninsula Provincial Park</a>.", "Layer Title": "Dispersed Site", "Latitude": 50.18505, "Longitude": -127.82955, "x": -14229920.414000001, "y": 6478385.132 }, "geometry": { "type": "Point", "coordinates": [ -127.82955, 50.18505 ] } },
{ "type": "Feature", "properties": { "Title": "Cape Cook Lagoon", "Description": "Dispersed site secondary", "Land Tenure": "Provincial Park", "Tent Sites": "10 +", "Landing Comments": "Moderate to difficult. Surf likely. Paddle into river channel to avoid sand bars. Easier approach at high water.", "Camp Comments": "Random wilderness camping. No fees (2018). Best sites on top of dune S of river mouth. Sheltered.", "Other Comments": "Water at creek. Attractive. Unique lagoon. Drift Whale Bay to N has area's finest white sand beach. See: <a href=\"https://bcparks.ca/muqqiwn-brooks-peninsula-park/\" target=\"_blank\" style=\"color:blue\">Mquqwin Brooks Peninsula Provincial Park</a>.", "Layer Title": "Dispersed Site", "Latitude": 50.1976, "Longitude": -127.80308, "x": -14226974.066, "y": 6480566.815 }, "geometry": { "type": "Point", "coordinates": [ -127.80308, 50.1976 ] } },
{ "type": "Feature", "properties": { "Title": "Jackobson Point northwest", "Description": "Dispersed site primary", "Land Tenure": "Provincial Park", "Tent Sites": "4 - 6", "Landing Comments": "Easy landing all tides on moderate gradient gravel, sand beach in sheltered cove.  Accumulates drift logs after SE storms. E aspect.", "Camp Comments": "Upland cleared tent sites, Hammock opportunities. Shaded in afternoon. Well protected. Appears to have occasional use by commercial groups, fishers.", "Other Comments": "Water at seasonal stream at N end of beach. Anchorage, Provincial Boat Haven. Lagoon nearby. Short marked hiking trail across neck to Jackobson Point small sand beach in Ecological Reserve where camping not permitted. See: <a href=https://bcparks.ca/muqqiwn-brooks-peninsula-park/ target=_blank style=color:blue>Mquqwin Brooks Peninsula Provincial Park</a>.", "Layer Title": "Dispersed Site", "Latitude": 50.13441, "Longitude": -127.69104, "x": -14214501.997, "y": 6469586.254 }, "geometry": { "type": "Point", "coordinates": [ -127.69104, 50.13441 ] } },
{ "type": "Feature", "properties": { "Title": "Nasparti Pocket Beach", "Description": "Dispersed site secondary", "Land Tenure": "Provincial Park", "Tent Sites": "2", "Landing Comments": "Easy landing on pebble beach.", "Camp Comments": "Camp on beach.", "Other Comments": "Small but adequate and quite secluded. See: <a href=\"https://bcparks.ca/muqqiwn-brooks-peninsula-park/\" target=\"_blank\" style=\"color:blue\">Mquqwin Brooks Peninsula Provincial Park</a>.", "Layer Title": "Dispersed Site", "Latitude": 50.16328, "Longitude": -127.65632, "x": -14210636.172, "y": 6474601.8 }, "geometry": { "type": "Point", "coordinates": [ -127.65632, 50.16328 ] } },
{ "type": "Feature", "properties": { "Title": "Rugged Point", "Description": "Campsite primary", "Land Tenure": "Marine Provincial Park", "Tent Sites": "10 - 14", "Landing Comments": "Low gradient sand beach to N of point protected from surf except in NE outflow wind. N aspect. Sand beaches S of point often have surf. Headlands give varying protection to parts. S aspect. Expect long carries.", "Camp Comments": "Beach on N side of point has 2 -3 wooden tent platforms, cleared upland sites for additional tents, picnic table, picnic shelter, fire pit, composting toilet, metal food lockers. A beach 400 m to E beyond low rocks has 4-6 further tent sites, camp furniture, Random beach camping on sand at various locations depending on tides, plus on at least 3 separate S facing beaches across headland trail. Hammock opportunities. No fees (2025).", "Other Comments": "Water at seasonal creeks on S beach, E beach, W beach accessible on foot below hide tide or by headland trails. Awkward access to first creek on S beach, Year-round water at head of McLean Cove 0.8 NM NE by boat and at Sandpiper Creek 45 min along S beach.. Attractive. View. See: <a href=https://bcparks.ca/rugged-point-marine-park/ target=_blank style=color:blue>Rugged Point Provincial Park</a>.", "Layer Title": "Campsite", "Latitude": 49.96675, "Longitude": -127.24601, "x": -14164960.794, "y": 6440519.707 }, "geometry": { "type": "Point", "coordinates": [ -127.24601, 49.96675 ] } },
{ "type": "Feature", "properties": { "Title": "Resolution Park", "Description": "Campsite primary", "Land Tenure": "Provincial Recreation Site", "Tent Sites": "4", "Landing Comments": "Easy on low gradient gravel beach. N aspect. Gravel boat launch. Float, dock under repair 2020/21.", "Camp Comments": "Developed maintained sites with fire pits, picnic tables. Toilets. No fees (2021).", "Other Comments": "Water at creek. View. Rough boat ramp usable at high tide. Floating dock. Located on gravel road to Fair Harbour about 10 km from Zeballos Halfway along, past prominent viewpoint, where road veers sharply right, is turnoff to Resolution Park (signed). AKA Rhodes Creek.", "Layer Title": "Campsite", "Latitude": 49.95439, "Longitude": -126.85753, "x": -14121715.086, "y": 6438381.169 }, "geometry": { "type": "Point", "coordinates": [ -126.85753, 49.95439 ] } },
{ "type": "Feature", "properties": { "Title": "Spring Island south", "Description": "Dispersed site primary", "Land Tenure": "Provincial Recreation Site", "Tent Sites": "10 +", "Landing Comments": "Steep shell sand gravel beach. Recommend approaching from E. W side landing more exposed.  Surf in some conditions.", "Camp Comments": "Sites in the trees N and S of tombolo plus numerous sites above beach but they can flood in storms. Wind may affect which sites can be reasonably used. Pit toilet in trees near rocks with old concrete pad. Recent observation 15 tenting areas.", "Other Comments": "Attractive, popular site. Site excluded from Treaty Settlement Lands in 2008 Maa_nulth Treaty. Rest of Spring Island FN owned but subject to public access under same Treaty. Careful of Giant Hogweed. Can burn skin. Toilet requires repair. Paddlers need to be aware that in certain sea states (strong winds from SE or NW and swells), this site is not easy to reach from Kyuquot Sound or to leave in bad weather. Surrounded by reefs. Allow a weather day.", "Layer Title": "Campsite", "Latitude": 49.99549, "Longitude": -127.4211, "x": -14184451.412, "y": 6445494.652 }, "geometry": { "type": "Point", "coordinates": [ -127.4211, 49.99549 ] } },
{ "type": "Feature", "properties": { "Title": "Vernaci Island", "Description": "Dispersed site secondary", "Land Tenure": "Marine Provincial Park", "Tent Sites": "3 - 5", "Landing Comments": "Easy on protected small shell, gravel, boulder beach. E aspect.", "Camp Comments": "Undeveloped. No fees. Camp in trees on benches above beach. 3-5 good sites available in clearing with tall trees surrounding. One potential site on other side of island. Hammock opportunities. Hazardous leaning tree reported 2022 over main site.", "Other Comments": "Attractive. Quiet. Serves as overflow site for Charlies Beach. See: <a href=\"https://bcparks.ca/bligh-island-marine-park/\" target=\"_blank\" style=\"color:blue\">Bligh Island Marine Provincial Park</a>.", "Layer Title": "Dispersed Site", "Latitude": 49.63718, "Longitude": -126.58035, "x": -14090860.106000001, "y": 6383677.867 }, "geometry": { "type": "Point", "coordinates": [ -126.58035, 49.63718 ] } },
{ "type": "Feature", "properties": { "Title": "Charlies Beach", "Description": "Campsite primary", "Land Tenure": "Marine Provincial Park", "Tent Sites": "6 - 8", "Landing Comments": "Easy on gravel, cobble beaches on both sides of isthmus. E side has finer gravel, more room for boat stowage. W side has some jagged bedrock. The fallen cedar and other leaning trees are easily seen when landing on the E side (preferred).", "Camp Comments": "Dispersed camping permitted. No fees. 5 open sites in upland forest above W beach with kitchen area, food cache, composting toilet. Three smaller sites on E beach. Other upland sites on E side were compromised by a large cedar tree taking out other trees when it fell. Users should exercise caution and make their own assessments.", "Other Comments": "Owner of float house in Cuttle Cove allowed some paddlers (June 2025) to obtain piped water. Other water sources very limited in summer. Anchorage. View. See: <a href=\"https://bcparks.ca/bligh-island-marine-park/\" target=\"_blank\" style=\"color:blue\">Bligh Island Marine Provincial Park</a>.", "Layer Title": "Campsite", "Latitude": 49.63468, "Longitude": -126.56585, "x": -14089245.974, "y": 6383248.157 }, "geometry": { "type": "Point", "coordinates": [ -126.56585, 49.63468 ] } },
{ "type": "Feature", "properties": { "Title": "Burdwood Bay", "Description": "Campsite primary", "Land Tenure": "Provincial Recreation Site", "Tent Sites": "10 +", "Landing Comments": "Sand beach. W aspect. W end of bay often has surf. NE corner, where the campsite is, may also have surf even in light winds. There is a small bay within the bay and to the southwest that is more protected from swell and has less surf. This bay is also suitable for beach camping above the high tide.", "Camp Comments": "Undeveloped beach camping. One protected upland forest tent site at NE end of bay, with more sites on the sand, gravel nearby. Many options. The area of strongest surf is near the creek so suggested camping at the other end of the bay on the SW side of the beach. . The NE end of the bay has 2 sea caves with the one closest to camp having a back door entrance accessible in most tides.", "Other Comments": "There is a tree leaning over the extended camping area at the NE end of the bay. The main area would not be affected, but campers should use caution as to where they set up their tent.", "Layer Title": "Campsite", "Latitude": 49.58055, "Longitude": -126.55469, "x": -14088003.648, "y": 6373948.899 }, "geometry": { "type": "Point", "coordinates": [ -126.55469, 49.58055 ] } },
{ "type": "Feature", "properties": { "Title": "Escalante Point north", "Description": "Campsite primary", "Land Tenure": "Provincial Recreation Site", "Tent Sites": "15 +", "Landing Comments": "Exposed, reefs, subject to high surf. Broad sand beach. S end more protected. where kelp in cove between point, rocks reduces surf.", "Camp Comments": "Camp on attractive, exposed beach. Undeveloped. Space for many tents.", "Other Comments": "Water at river 1 km N. View. Rugged hiking trail across point to Escalante Pt south. Park boundary at point - land to S is Hesquiat Peninsula Provincial Park. Huge Prov Rec Site 111 Ha. area runs N beyond Escalante River.", "Layer Title": "Campsite", "Latitude": 49.53455, "Longitude": -126.56586, "x": -14089246.597, "y": 6366054.749 }, "geometry": { "type": "Point", "coordinates": [ -126.56586, 49.53455 ] } },
{ "type": "Feature", "properties": { "Title": "Heelboom Bay", "Description": "Campsite primary", "Land Tenure": "Provincial Recreation Site", "Tent Sites": "9", "Landing Comments": "Easy landing on gravel beach.", "Camp Comments": "About 6 well established upland sites, 3 more on beach. Space in cabin but reported dirty and has mice. At least 2 more possible beach sites. camping,", "Other Comments": "Water source. Site needs toilet. Cabin might no longer be in usable condition. Anchorage, Provincial Boat Haven. Behind cabin, rough trail leads 4 hours to Great Cedar Loop, tree grove. Also accessible from Lemmens Inlet.", "Layer Title": "Campsite", "Latitude": 49.15283, "Longitude": -125.7989, "x": -14003869.49, "y": 6300833.907 }, "geometry": { "type": "Point", "coordinates": [ -125.7989, 49.15283 ] } },
{ "type": "Feature", "properties": { "Title": "Rassier Point", "Description": "Campsite secondary", "Land Tenure": "Provincial Recreation Site", "Tent Sites": "6", "Landing Comments": "Easy on smooth sand beach. Low gradient. S aspect. Protected from W, N.", "Camp Comments": "Camp on beach or on 2 small brushed upland sites in trees. Pit toilet (green throne) has recently filled, and has been moved to a fork down the trail. New hole was dug May 2025. Currently green throne is balanced on driftwood logs, centered over new pit. Functional and sturdy, but may not be a permanent solution. Old pit is overflowing with feces and is somewhat covered by sticks / grass. A new steel bear cache was dropped off last spring (2024), and was never installed. It is now semi buried on the beachFresh water should not be expected or depended upon anywhere on Vargas in summer months.", "Other Comments": "Attractive. 17.8 Ha Rec Site.", "Layer Title": "Campsite", "Latitude": 49.18578, "Longitude": -125.93629, "x": -14019163.787, "y": 6306443.196 }, "geometry": { "type": "Point", "coordinates": [ -125.93629, 49.18578 ] } },
{ "type": "Feature", "properties": { "Title": "Pirates Cove", "Description": "Campsite primary", "Land Tenure": "Marine Provincial Park", "Tent Sites": "6", "Landing Comments": "Easy on moderate to steep gradient shell, gravel beach facing Ruxton Passage in cove S of Pirates Cove proper. Some exposure to S. Landing in Pirates Cove proper not advised.", "Camp Comments": "Walk-in sites with wooden tent pads, picnic tables, 1 vault, 1 composting toilets. Access from beach top via stair up steep bank to N. No fires permitted. Campers must remove all garbage. Camping fees apply year-round. May pre-pay permit via Internet, but no reservable sites. Fee $5.00 per person per night (2019) via Internet or in drop box near water pump. <a href=https://camping.bcparks.ca/ target=_blank style=color:blue>BC Parks Backcountry Registration</a>", "Other Comments": "Potable water at pump 200 m from tent area. Walking trails. 2 dinghy docks in main cove to NW. Anchorage in adjacent NW (main) cove. Search for: <a href=\"https://bcparks.ca/pirates-cove-marine-park/\" target=\"_blank\" style=\"color:blue\">Pirates Cove Marine Provincial Park</a>", "Layer Title": "Campsite", "Latitude": 49.0945, "Longitude": -123.7255, "x": -13773059.658, "y": 6290911.305 }, "geometry": { "type": "Point", "coordinates": [ -123.7255, 49.0945 ] } },
{ "type": "Feature", "properties": { "Title": "Chivers Point", "Description": "Campsite primary", "Land Tenure": "Marine Provincial Park", "Tent Sites": "10", "Landing Comments": "Sand, pebble, rock beach, rocky ridges at low water. Narrow approach. Beach mostly floods at high water. Exposed to NW. Bring boats up bank at highest water levels.", "Camp Comments": "8 wooden tent platforms. Vault toilet. Food cache. Picnic table at each tent site. 2 small overflow tent sites. Hammock opportunities. No fires permitted. Camping fees apply year-round. Pre-pay permit via Internet, but no reservable sites or pay at site. Fee $5.00 per person per night (2025) via <a href=https://camping.bcparks.ca/ target=_blank style=color:blue>BC Parks Backcountry Registration System</a>.", "Other Comments": "Attractive. View from point, low ridge above tent sites. Hiking trails. Most popular of 3 sites on island for paddlers. See: <a href=https://bcparks.ca/wallace-island-marine-park/ target=_blank style=color:blue>Wallace Island Marine Provincial Park</a>", "Layer Title": "Campsite", "Latitude": 48.95583, "Longitude": -123.57367, "x": -13756157.653000001, "y": 6267370.549 }, "geometry": { "type": "Point", "coordinates": [ -123.57367, 48.95583 ] } },
{ "type": "Feature", "properties": { "Title": "Cabin Bay", "Description": "Campsite secondary", "Land Tenure": "Marine Provincial Park", "Tent Sites": "2", "Landing Comments": "Boat run through rocks onto sand, pebbles or rock ledges between rock ribs at neck behind small promontory. Slight Exposure to N.  Alternative landing from SE at high water. Approach from NW suited to all tide levels unless blocked by drift logs.", "Camp Comments": "Tent platforms for 2 tents, placed close together. Camp only on designated sites. 2 picnic tables. Pit toilet at Chivers Point site 10 min walk away. No fires permitted. Stairs lead up steep bank to main island trail. Camping fees apply year-round. Pre-pay permit via Internet, but no reservable sites or pay at site. Fee $5.00 per person per night (2025) via <a href=https://camping.bcparks.ca/ target=_blank style=color:blue>BC Parks Backcountry Registration System</a>.", "Other Comments": "Attractive, Bring water - closest available Montague Harbour Provincial Park, Dionisio Point Provincial Park. Promontory suited to day use. Hiking trails. See: <a href=https://bcparks.ca/wallace-island-marine-park/ target=_blank style=color:blue>Wallace Island Marine Provincial Park</a>", "Layer Title": "Campsite", "Latitude": 48.95179, "Longitude": -123.56582, "x": -13755283.884, "y": 6266684.579 }, "geometry": { "type": "Point", "coordinates": [ -123.56582, 48.95179 ] } },
{ "type": "Feature", "properties": { "Title": "Gooding Cove west", "Description": "Dispersed site secondary", "Land Tenure": "Provincial Recreation Site", "Tent Sites": "unknown", "Landing Comments": "Low gradient sand beach. Protected, especially from W and SW.", "Camp Comments": "Beach camping at W end away from road access. Easier landing conditions for paddlers not accessing road.", "Other Comments": "Water at creek crossing beach near site. Possible launch site. Anchorage - Provincial Boat Haven.", "Layer Title": "Campsite", "Latitude": 50.39846, "Longitude": -127.95419, "x": -14243795.71, "y": 6515570.417 }, "geometry": { "type": "Point", "coordinates": [ -127.95419, 50.39846 ] } },
{ "type": "Feature", "properties": { "Title": "Mahatta Creek", "Description": "Informal site primary", "Land Tenure": "Provincial Forest", "Tent Sites": "5 - 7", "Landing Comments": "Easy landing up river mouth near sign except for tides below 0.5 m. Alternate landing on beach to W is easy at all tides.", "Camp Comments": "5 or more sites on upland, connected by trail. Small boat storage areas beside trail near both beaches.", "Other Comments": "Collect water at highest navigable point up creek at waterfall 0.7 NM. Attractive. Anchorage. Provincial Boat Haven near Koskimo Islands. Cache location: 50.459230°N; 127.867490°W", "Layer Title": "Informal Site", "Latitude": 50.45917, "Longitude": -127.86752, "x": -14234146.848, "y": 6526178.455 }, "geometry": { "type": "Point", "coordinates": [ -127.86752, 50.45917 ] } },
{ "type": "Feature", "properties": { "Title": "Rowley Reefs Peninsula north", "Description": "Dispersed site secondary", "Land Tenure": "Provincial Recreation Site", "Tent Sites": "6 +", "Landing Comments": "Easy on very protected low gradient sand beach. No surf. N aspect. Bedrock, shingle at W side with steeper gradient.", "Camp Comments": "Beach appears to flood at Springs. Some tent sites on upper beach. Upland sites at centre beach and in open forest near cabin may need minor brushing. User-maintained cabin in good condition 2015 but roof leak reported 2017. Pit toilet. Float near cabin.", "Other Comments": "Seasonal creek near centre beach. Logging evident behind beach. Short hiking trail to Rowley Reefs Peninsula south starts at W end of beach.", "Layer Title": "Campsite", "Latitude": 50.38739, "Longitude": -127.96429, "x": -14244919.669, "y": 6513637.706 }, "geometry": { "type": "Point", "coordinates": [ -127.96429, 50.38739 ] } },
{ "type": "Feature", "properties": { "Title": "Rowley Reefs Peninsula south", "Description": "Campsite primary", "Land Tenure": "Provincial Recreation Site", "Tent Sites": "20 +", "Landing Comments": "Easy on broad pebble, gravel beach with some sand. S aspect. Protected from NW. Possible surf in SW wind, swell but reefs, kelp protect shores close to NW entrance. Treat reefs to W carefully on approach.", "Camp Comments": "Beach camping on fine gravel behind drift logs. Possible to clear upland level sites in mostly dense salal with open mossy forest behind. Good, large user-maintained public cabin. Stove. Propane cooker. Pit toilet. S aspect. Sunny.", "Other Comments": "Attractive. Water at year-round creek approx 1 km S. Smaller seasonal creek closer to site. Hiking trails to Rowley Reefs Peninsula north from cabin and to Gooding Cove via old road, starting approx 750 m S along beach, marked by hung floats.", "Layer Title": "Campsite", "Latitude": 50.38445, "Longitude": -127.96565, "x": -14245071.097, "y": 6513124.505 }, "geometry": { "type": "Point", "coordinates": [ -127.96565, 50.38445 ] } },
{ "type": "Feature", "properties": { "Title": "Kwakiutl Point", "Description": "Dispersed site primary", "Land Tenure": "Provincial Park", "Tent Sites": "10 +", "Landing Comments": "Use caution navigating between Kwakuitl Point and small reefs to protected beach. Easy landing on sand, gravel beach.", "Camp Comments": "Camp on beach. Random wilderness camping permitted. No fees (2018).", "Other Comments": "Attractive interesting shoreline to explore in calm conditions. Less exposed to SW winds than other nearby sites. See <a href=\"https://bcparks.ca/lawn-point-park/\" target=\"_blank\" style=\"color:blue\">Lawn Point Provincial Park</a>", "Layer Title": "Dispersed Site", "Latitude": 50.35067, "Longitude": -127.97382, "x": -14245980.811000001, "y": 6507229.177 }, "geometry": { "type": "Point", "coordinates": [ -127.97382, 50.35067 ] } },
{ "type": "Feature", "properties": { "Title": "Chuish Island (Island 40)", "Description": "Campsite secondary", "Land Tenure": "Marine Provincial Park", "Tent Sites": "3 - 5", "Landing Comments": "Easy on partly protected sand, gravel beach of moderate gradient (3 to 5 %). NNE aspect. Optional S side landing at same E point.", "Camp Comments": "5 or more good, partly sheltered sites on gravel bench. Protected rustic kitchen area. Smaller sites among drift logs or on pebbly upper S beach and in grassy treed areas. No fees (2025). Green throne pit toilet on S side, W of main camp area, along short marked trail. Hammock opportunities.", "Other Comments": "Attractive. Aka Island 40 or Second Island. See: <a href=\"https://bcparks.ca/nuchatlitz-park/\" target=\"_blank\" style=\"color:blue\">Nuchatlitz Provincial Park</a>.", "Layer Title": "Campsite", "Latitude": 49.81267, "Longitude": -126.99075, "x": -14136545.626, "y": 6413896.0 }, "geometry": { "type": "Point", "coordinates": [ -126.99075, 49.81267 ] } },
{ "type": "Feature", "properties": { "Title": "Catala Island south", "Description": "Dispersed site primary", "Land Tenure": "Marine Provincial Park", "Tent Sites": "10 +", "Landing Comments": "Moderate sand, gravel, small cobble beaches exposed to surge, occasional surf, especially on pebble beach areas in W, NW winds. Gradient 3 to 5 percent. S, SW or SE aspects.", "Camp Comments": "Random wilderness camping allowed. Several sheltered upland sites at point or in mossy forest. S aspect. Camp furniture. Fire pit. No fees (2025). Other exposed beach sites on coarse sand, pebble on either side of point. Hammock opportunities.", "Other Comments": "Attractive. Rock gardens, sea caves, tide pools, beach walks, wildlife viewing. See: <a href=https://bcparks.ca/catala-island-marine-park/ target=_blank style=color:blue>Catala Island Provincial Marine Park</a>.", "Layer Title": "Dispersed Site", "Latitude": 49.8283, "Longitude": -127.05277, "x": -14143449.772, "y": 6416592.49 }, "geometry": { "type": "Point", "coordinates": [ -127.05277, 49.8283 ] } },
{ "type": "Feature", "properties": { "Title": "Rosa Island", "Description": "Campsite primary", "Land Tenure": "Marine Provincial Park", "Tent Sites": "8 - 12", "Landing Comments": "Easy on sheltered small beach of fine sand, moderate gradient. N aspect. Beach entrance not easily seen behind reef from some directions.", "Camp Comments": "Several semi-developed upland tent sites of differing size. also some beach camping but little beach at Springs. Composting toilet. Metal food bins. Rustic kitchen area. Posted notice Re; no fires, no smoking. Reported Sept 2025: BC Parks has recommended not camping at Rosa due to unstable trees. They have done some work to remove hazards but not completed.You would want to use good judgment of overhead hazards if using the are in high winds.", "Other Comments": "Attractive. Often busy - frequent drop-off point for water transport. Wildlife viewing. Sea otters. Anchorage - Provincial Boat Haven at rocky bay on E side of island. Short trail across island. See: <a href=\"https://bcparks.ca/nuchatlitz-park/\" target=\"_blank\" style=\"color:blue\">Nuchatlitz Provincial Park</a>.", "Layer Title": "Campsite", "Latitude": 49.82744, "Longitude": -126.97083, "x": -14134327.585000001, "y": 6416445.12 }, "geometry": { "type": "Point", "coordinates": [ -126.97083, 49.82744 ] } },
{ "type": "Feature", "properties": { "Title": "Robert Point", "Description": "Dispersed site secondary", "Land Tenure": "Provincial Recreation Site", "Tent Sites": "3", "Landing Comments": "Easy on protected sand beach.", "Camp Comments": "3 upland sites. Beach camping during moderate tides. Evidence of beach flooding during storms. One reporter describes as rough and somewhat inadequate campsite.", "Other Comments": "Quiet, secluded. We have created a <a href=https://www.bcmarinetrails.org/paddling-within-the-ahousaht-hahoulthee/ target=_blank style=color:blue>Vargas Island webpage</a> with information about Ahousaht passes and a link to the Ahousaht map where there is allowable camping and day use.", "Layer Title": "Campsite", "Latitude": 49.22225, "Longitude": -125.93058, "x": -14018528.041, "y": 6312657.054 }, "geometry": { "type": "Point", "coordinates": [ -125.93058, 49.22225 ] } },
{ "type": "Feature", "properties": { "Title": "Whitesand Cove", "Description": "Dispersed site secondary", "Land Tenure": "Marine Provincial Park", "Tent Sites": "30 +", "Landing Comments": "Easy on broad sand beach. SE aspect. Occasional surf but more protected than Cow Bay.", "Camp Comments": "Beach and upland camping.", "Other Comments": "Wild Side hiking Trail to Cow Bay and Ahousaht village. $25 trail use fee (2014) applies outside park boundary. No camping fees (2018). Muddy hiking trail to warm spring in Matilda Inlet. Aka Gibson Marine Park, Whitesands Beach. See <a href=http://www.wildsidetrail.com target=_blank style=color:blue>Wildside Trail</a> See: <a href=https://bcparks.ca/gibson-marine-park/ target=_blank style=color:blue>Gibson Marine Provincial Park</a>", "Layer Title": "Dispersed Site", "Latitude": 49.25863, "Longitude": -126.07677, "x": -14034801.47, "y": 6318860.541 }, "geometry": { "type": "Point", "coordinates": [ -126.07677, 49.25863 ] } },
{ "type": "Feature", "properties": { "Title": "Conover Cove", "Description": "Campsite secondary", "Land Tenure": "Marine Provincial Park", "Tent Sites": "2 - 5", "Landing Comments": "Difficult, awkward on rock shelves, in sheltered cove. Easier at high water on tiny beach of pebble, some sand. High public float difficult for paddlecraft unloading or launching. Mud at low water. Alternate landing in Honeymoon Bay on E side of island N48D 56.283M, W123D 32.650M <br /><br />", "Camp Comments": "Numbered sites each with a picnic table plus possible additional random sites in open grass field, damp in Spring. Less suited for hammocks. Pit, vault toilets. No fires permitted. Food cache. Dining shelter. Camping fees apply year-round. May pre-pay permit via Internet, but no reservable sites. Fee $5.00 per person per night (2025) via <a href=https://camping.bcparks.ca/ target=_blank style=color:blue>BC Parks Backcountry Registration System</a>.", "Other Comments": "Dock, busy anchorage. Historic buildings. Bring water - closest available at Montague Harbour Provincial Park or Dionisio Point Provincial Park. Hiking trails. Mostly used by boaters who moor at dock or in cove. See <a href=https://bcparks.ca/wallace-island-marine-park/ target=_blank style=color:blue>Wallace Island Marine Provincial Park</a>", "Layer Title": "Campsite", "Latitude": 48.93722, "Longitude": -123.54388, "x": -13752842.18, "y": 6264215.088 }, "geometry": { "type": "Point", "coordinates": [ -123.54388, 48.93722 ] } },
{ "type": "Feature", "properties": { "Title": "Montague Harbour sum'nuw", "Description": "Campsite primary", "Land Tenure": "Marine Provincial Park", "Tent Sites": "40 +", "Landing Comments": "Easy shell, sand sheltered beaches on both sides of peninsula. Sand, mud at low water. Preferred beach E of dock near steps.", "Camp Comments": "28 designated walk-in sites of which 21 reservable mid-May to early-Sept. Fees apply year-round $25/night per party summer, $13 winter (2025). <a href=https://camping.bcparks.ca/ target=_blank style=color:blue>BC Parks Camping</a>. Group shelter. Picnic tables. Food bins. Vault and pit toilets. Fires rings. Additional sites in damp but pleasant mowed field to NE of main site. 16 additional drive-in reservable sites.", "Other Comments": "Water at taps. Anchorage. Amphitheatre, dock, boat launch. Pub, restaurant nearby. Trails. See: <a href=https://bcparks.ca/montague-harbour-marine-park/ target=_blank style=color:blue>Montague Harbour Marine Provincial Park</a>", "Layer Title": "Campsite", "Latitude": 48.89782, "Longitude": -123.40345, "x": -13737208.96, "y": 6257542.082 }, "geometry": { "type": "Point", "coordinates": [ -123.40345, 48.89782 ] } },
{ "type": "Feature", "properties": { "Title": "James Bay Prevost Island", "Description": "Campsite primary", "Land Tenure": "National Park Reserve", "Tent Sites": "10", "Landing Comments": "Easy on protected sand, gravel beach at high water. Low gradient. Mud, eel grass, long carry at low water. NW aspect.", "Camp Comments": "Sites in old orchard. Damp. Unmown tall grass may reduce sites usable for tenting. Also better sites in trees on adjacent high cove bank. Hammock opportunities. 4 picnic tables. Food cache. Composting toilet. Fee charged year-round $13.50 person/night (summer) $7.50 person/night (winter) 2025 rates. No fires, including below high tide mark. See <a href=https://www.pc.gc.ca/en/pn-np/bc/gulf/activ/camping target=_blank style=color:blue>camping</a>", "Other Comments": "Water at seasonal stream at bay head. Attractive. Popular anchorage. Gulf Islands National Park Reserve. Walking trail to bay head continues to Peile Pt. Main beach at bay head might also known as O'Reilly Beach but unclear.", "Layer Title": "Campsite", "Latitude": 48.83994, "Longitude": -123.3989, "x": -13736702.902000001, "y": 6247746.19 }, "geometry": { "type": "Point", "coordinates": [ -123.3989, 48.83994 ] } },
{ "type": "Feature", "properties": { "Title": "Sand Dune Cove", "Description": "Campsite primary", "Land Tenure": "Marine Provincial Park", "Tent Sites": "unknown", "Landing Comments": "Easy on broad sand beach. SE aspect. Occasional surf but more protected than Cow Bay.", "Camp Comments": "Beach and upland camping with tent platform. Functioning composting toilet with step ladder angle with 5 steps to get up. (2024). Bear cache.", "Other Comments": "Wild Side hiking Trail to Cow Bay and Ahousaht village. $25 trail use fee (2014) applies outside Park boundary. No camping fees (2018). See Wildside Trail. Aka Gibson Marine Park or Whitesands Beach. See: <a href=\"https://bcparks.ca/gibson-marine-park/\" target=\"_blank\" style=\"color:blue\">Gibson Marine Provincial Park</a>", "Layer Title": "Campsite", "Latitude": 49.2617, "Longitude": -126.06023, "x": -14032960.98, "y": 6319383.634 }, "geometry": { "type": "Point", "coordinates": [ -126.06023, 49.2617 ] } },
{ "type": "Feature", "properties": { "Title": "Maquinna Point", "Description": "Dispersed site secondary", "Land Tenure": "Provincial Recreation Site", "Tent Sites": "5 - 7", "Landing Comments": "Avoid reefs on W side of beach as you approach - visible at mid tides. Surf less at mid beach or behind a reef except at high water.  Semi protected from NW, somewhat exposed to swell. Both Maquinna Point and Maquinna Point East are east of Maquinna Point and can be subject to swell, especially from the W and SW. Maquinna Point is easier to land here than at Maquinna Point East which has a steeper gradient beach. More protected at lower tide.  Mixture of sand, rounded cobbles.", "Camp Comments": "Camp on upper beach. Maquinna Point's beach has a low to medium gradient and it is a short headland walk away from Maquinna Lagoon and Maquinna beach that extends toward Yuquot.", "Other Comments": "Water at creek. On Nootka hiking Trail. Short walk to Maquinna Pt. Outer Coast Nootka Island Recreation Site REC16199 as shown on IMAP.", "Layer Title": "Dispersed Site", "Latitude": 49.58424, "Longitude": -126.65911, "x": -14099627.574, "y": 6374582.01 }, "geometry": { "type": "Point", "coordinates": [ -126.65911, 49.58424 ] } },
{ "type": "Feature", "properties": { "Title": "Hunt Islets", "Description": "Informal site primary", "Land Tenure": "Crown", "Tent Sites": "7", "Landing Comments": "N beach has preferred easy landing with boat run and small boat stowage area. S beach has boulders, rocks, unapproachable at mid, low tides.", "Camp Comments": "4 separate secluded campsites along trail connecting the N,S beaches. 3 more on S. beach upland. Green throne pit toilet.", "Other Comments": "Attractive, comfortable site. Logbook cache located in stump at head of trail.", "Layer Title": "Informal Site", "Latitude": 50.47223, "Longitude": -128.03188, "x": -14252444.054, "y": 6528463.57 }, "geometry": { "type": "Point", "coordinates": [ -128.03188, 50.47223 ] } },
{ "type": "Feature", "properties": { "Title": "Quatsino Park Beaches", "Description": "Dispersed site secondary", "Land Tenure": "Provincial Park", "Tent Sites": "1 - 2", "Landing Comments": "Easy on rock, pebble beaches.  Easiest on most easterly beach of group.  Steeper gradient on these beaches than elsewhere in the Sound so fewer low tide issues than elsewhere. S aspect.", "Camp Comments": "Possible to squeeze in one or two tents on each beach. Not enough room for 3 tents.", "Other Comments": "Several small dispersed beaches suitable for one or two tents each. See <a href=\"https://bcparks.ca/quatsino-park/\" target=\"_blank\" style=\"color:blue\">Quatsino Provincial Park</a>", "Layer Title": "Dispersed Site", "Latitude": 50.48412, "Longitude": -127.82157, "x": -14229031.717, "y": 6530542.313 }, "geometry": { "type": "Point", "coordinates": [ -127.82157, 50.48412 ] } },
{ "type": "Feature", "properties": { "Title": "Grant Bay", "Description": "Campsite primary", "Land Tenure": "Provincial Recreation Site", "Tent Sites": "12", "Landing Comments": "Low gradient sand beach. S aspect. Exposed to S, SW, wind, surf. Protected from NW winds, swell.", "Camp Comments": "Camp on grassy upland. Pit toilet.", "Other Comments": "Water at seasonal creek. Trail access to road to Winter Harbour. Popular with hikers. W wind blows out of bay.", "Layer Title": "Campsite", "Latitude": 50.47892, "Longitude": -128.0987, "x": -14259882.055, "y": 6529632.621 }, "geometry": { "type": "Point", "coordinates": [ -128.0987, 50.47892 ] } },
{ "type": "Feature", "properties": { "Title": "Escalante Point south", "Description": "Dispersed site secondary", "Land Tenure": "Provincial Park", "Tent Sites": "10", "Landing Comments": "Easy on sand beach protected by reefs, Escalante Island. te?\tThe start of the 1 km trail to North Escalante Point is marked with buoys. However with some blowdowns and vegetation growth in the middle section of the trail, it would be wise to add more flagging tape to avoid following wolf or bear paths", "Camp Comments": "2022 ALERT: NO CAMPING AT REQUEST OF LOCAL FIRST NATIONS WITH SUPPORT OF BC PARKS.", "Other Comments": "Attractive. 1 km rugged hiking trail to Escalante Point north marked by buoys. Expect some blowdowns, Year-round water at Escalante R. See: <a href=https://bcparks.ca/hesquiat-peninsula-park/ target=_blank style=color:blue>Hesquiat Peninsula Provincial Park</a>.", "Layer Title": "Dispersed Site", "Latitude": 49.52583, "Longitude": -126.5593, "x": -14088516.831, "y": 6364559.901 }, "geometry": { "type": "Point", "coordinates": [ -126.5593, 49.52583 ] } },
{ "type": "Feature", "properties": { "Title": "Balaklava Island Booms", "Description": "Campsite primary", "Land Tenure": "Provincial Recreation Site", "Tent Sites": "5", "Landing Comments": "Sheltered, landing on moderately steep smooth pebble, shale beach. Be aware of back eddy near shore. More difficult at high water.", "Camp Comments": "Was at one time a very spacious, grassy site. Former log sort area now re-vegetating so needs serious brushing if more than a handful of tents are used. Rustic camp furniture.", "Other Comments": "Attractive. Water at creek. Old roads for hiking. Former log dump. Strategic for paddling outside Nigei, Balaklava Islands.", "Layer Title": "Campsite", "Latitude": 50.85548, "Longitude": -127.63872, "x": -14208676.949, "y": 6595770.094 }, "geometry": { "type": "Point", "coordinates": [ -127.63872, 50.85548 ] } },
{ "type": "Feature", "properties": { "Title": "Nahwitti River", "Description": "Dispersed site secondary", "Land Tenure": "Provincial Park", "Tent Sites": "10 +", "Landing Comments": "Land at river mouth at W side of bay on sand beaches with N aspect. Subject to surf in high swell conditions, more so on E'erly shores.", "Camp Comments": "Dispersed camping permitted. Camp on beach or in upland near river mouth. Pit toilet. Bear cache, toilet, tent pads at separate North Coast hiking trail. Camping fees apply 1 May to 30 September. Either pre-pay permit via Internet or at San Josef Bay trailhead, but no reservable sites.", "Other Comments": "May paddle up river. Drinking water at river above tidal zone. On N Coast hiking Trail. Cabin ruins. See: <a href=\"https://bcparks.ca/cape-scott-park\" target=\"_blank\" style=\"color:blue\">Cape Scott Provincial Park</a>", "Layer Title": "Dispersed Site", "Latitude": 50.85914, "Longitude": -128.00739, "x": -14249717.116, "y": 6596414.571 }, "geometry": { "type": "Point", "coordinates": [ -128.00739, 50.85914 ] } },
{ "type": "Feature", "properties": { "Title": "Harlequin Bay", "Description": "Dispersed site secondary", "Land Tenure": "Marine Provincial Park", "Tent Sites": "3", "Landing Comments": "Easy landing on sand, crushed shell beach. Entrance to beach blocked at low water by rocks which might be fish trap weir.", "Camp Comments": "Sites in 2 mossy forest clearings above steep bank on N side of bay. Picnic table. Random wilderness camping allowed. No fees. Obvious midden location, so fires should be particularly avoided except on beach. Potential for additional sites if brushed.", "Other Comments": "Anchorage across bay. Trail across island from bay head to resort reported but not verified. See: <a href=\"https://bcparks.ca/gods-pocket-marine-park/\" target=\"_blank\" style=\"color:blue\">God's Pocket Marine Provincial Park</a>", "Layer Title": "Dispersed Site", "Latitude": 50.84426, "Longitude": -127.57519, "x": -14201605.022, "y": 6593791.466 }, "geometry": { "type": "Point", "coordinates": [ -127.57519, 50.84426 ] } },
{ "type": "Feature", "properties": { "Title": "Shell Beach", "Description": "Campsite primary", "Land Tenure": "National Park Reserve", "Tent Sites": "6", "Landing Comments": "Easy on protected shell beach at all water levels. S aspect. Vessel traffic hazards.", "Camp Comments": "Gravel tent pads. Hammock opportunities. Pit toilet. Picnic tables, food cache bin. Sunny SW aspect. Fee charged year-round. First come, first served. No fires, including below high tide mark. Sensitive areas have been damaged by trampling, so avoid overflow camping. Large parties should use Princess Bay instead. See <a href=https://www.pc.gc.ca/en/pn-np/bc/gulf/activ/camping target=_blank style=color:blue>camping</a>", "Other Comments": "Attractive. View. Extensive trails. Large midden. Gulf Islands National Park Reserve.", "Layer Title": "Campsite", "Latitude": 48.72195, "Longitude": -123.38383, "x": -13735025.495, "y": 6227813.146 }, "geometry": { "type": "Point", "coordinates": [ -123.38383, 48.72195 ] } },
{ "type": "Feature", "properties": { "Title": "Musgrave Point", "Description": "Campsite primary", "Land Tenure": "Provincial Recreation Site", "Tent Sites": "6 - 8", "Landing Comments": "Easy on sand, pebble, cobble beach. More rocks at small point. Protected from SE by islet. Sign visible from water. S aspect. Please do not land on sensitive small Musgrave Rock AKA 'Cactus Island' just off site.", "Camp Comments": "Beach floods at Springs. Several sites on old road in upland at SE end of beach. 2 smaller, marginal beach-top sites on gravel. Picnic table. Pit toilet. No fires in upland. Vehicle accessible from Musgrave Road so roadway sites vulnerable to being driven over.", "Other Comments": "Water at seasonal creek approx 300 m to SW. Attractive, view. From parking just off Musgrave Road, road leads SW to private residence, but branches S along old roadbed ending at site. Hiking trails in adjacent Musgrave Greenbelt including to 2 waterfalls. Rec Site area 35.5 Ha. Site maintained by Cowichan Kayak & Canoe Club.", "Layer Title": "Campsite", "Latitude": 48.74393, "Longitude": -123.54328, "x": -13752775.021, "y": 6231522.842 }, "geometry": { "type": "Point", "coordinates": [ -123.54328, 48.74393 ] } },
{ "type": "Feature", "properties": { "Title": "Arbutus Point", "Description": "Campsite primary", "Land Tenure": "National Park Reserve", "Tent Sites": "6", "Landing Comments": "Large moderate gradient shell beach W of point suited to most water levels. N aspect. Also choice of 2 closer easy shell beaches at high water only. Rock shelf at low water. Ship wash likely from frequent ferries.", "Camp Comments": "Tent pads in trees. Composting toilet. Picnic tables. Fee charged year-round. First come, first served for campsites. No fires, including below high tide mark. Sensitive areas have been damaged by trampling, so avoid overflow camping. Hammock use restricted to trees with durable bark. Large parties should use Princess Bay instead. See <a href=https://www.pc.gc.ca/en/pn-np/bc/gulf/activ/camping target=_blank style=color:blue>camping</a>", "Other Comments": "View. Attractive. Wildlife viewing. Extensive walking trails. Gulf Islands National Park Reserve. Fallen tree on trail to camping area, reported May 7, 2025.", "Layer Title": "Campsite", "Latitude": 48.73482, "Longitude": -123.36613, "x": -13733055.14, "y": 6229984.539 }, "geometry": { "type": "Point", "coordinates": [ -123.36613, 48.73482 ] } },
{ "type": "Feature", "properties": { "Title": "Pool Point", "Description": "Informal site secondary", "Land Tenure": "Crown (Hanson Island Lease)", "Tent Sites": "6", "Landing Comments": "Moderate on sand on SE with boulders to N. Approach from E or W sides.", "Camp Comments": "Attractive. Open rocky area, trees.", "Other Comments": "Views, close to former fishing resort in Double Bay. Small brackish rock pool. 2014 to be leased to commercial operator by Yukusam Heritage Society but currently unused by any known commercial operator.", "Layer Title": "Informal Site", "Latitude": 50.5879, "Longitude": -126.76813, "x": -14111764.048, "y": 6548719.208 }, "geometry": { "type": "Point", "coordinates": [ -126.76813, 50.5879 ] } },
{ "type": "Feature", "properties": { "Title": "Drake Island", "Description": "Informal site primary", "Land Tenure": "Crown", "Tent Sites": "10 - 14", "Landing Comments": "Easy landing in protected Pamphlet Cove with cleared boat runs through cobbles, boulders on two separate beaches. W aspect. BCMTN sign at the more northerly beach. Space at both beaches for boat stowage.", "Camp Comments": "Main area near sign on level grass on foundation of former Central Hotel, store. Approx 10-12 sites. Secondary single large site for up to 3 tents under fir tree off beach to W but may flood at Springs. Green throne pit toilet.", "Other Comments": "Historic settlement site. Boat wreck near secondary campsite. Short hiking trail between sites. Aka Limestone Island, Pamphlet Cove. Cache location: 50.520810°N; 127.655570°W", "Layer Title": "Informal Site", "Latitude": 50.52003, "Longitude": -127.65555, "x": -14210550.823000001, "y": 6536828.322 }, "geometry": { "type": "Point", "coordinates": [ -127.65555, 50.52003 ] } },
{ "type": "Feature", "properties": { "Title": "Yellow Bluff", "Description": "Informal site primary", "Land Tenure": "Provincial Recreation Reserve", "Tent Sites": "20 +", "Landing Comments": "Easy to moderate depending on swell height. Moderately steep gradient cobble, pebble, sand beach. Surf possible. Beach with E aspect NE of bluff most protected. Sheltered. Optional landing on sand, with W aspect across neck of bluff also offers shelter from NW.", "Camp Comments": "Beach camping on sand in various locations on both sides of neck. No known upland tent sites. Hammock opportunities.", "Other Comments": "Water at stream crossing beach across Yellow Bluff Bay to ENE 1.2 NM. It can be accessed using the trail from Yellow Bluff Bay across the isthmus to the bay (approximately 150 meters). Flow was steady, likely year round. Water had tannins. Might be possible to use old Port Eliza Main road to walk to stream. Alternative stream at Tatchu 13 Indian Reserve across bay to W. Other closer streams appear less reliable. Attractive. Staging for rounding Tatchu Point. Anchorage. Sea Cave Cove 1.6 NM to ENE might offer further sites. Area 108.9 Ha.", "Layer Title": "Informal Site", "Latitude": 49.85722, "Longitude": -127.12197, "x": -14151152.602, "y": 6421584.91 }, "geometry": { "type": "Point", "coordinates": [ -127.12197, 49.85722 ] } },
{ "type": "Feature", "properties": { "Title": "Haven Cove", "Description": "Dispersed site secondary", "Land Tenure": "Provincial Recreation Site", "Tent Sites": "1 - 2", "Landing Comments": "Easy landing on small low-gradient gravel, rock beach in well-protected cove.", "Camp Comments": "In salal above beach with brushing. Some grassy areas might remain dry at Neaps. You can set up two tents on a grassy slope on creek left (approaching paddlers’ right of creek). Boats would need lifting onto rock ledge.", "Other Comments": "Water at creek. Sometimes used as anchorage for very small boats. There are two fish farms across the inlet that can be herd until 11ish", "Layer Title": "Campsite", "Latitude": 49.87997, "Longitude": -126.78048, "x": -14113138.844000001, "y": 6425514.08 }, "geometry": { "type": "Point", "coordinates": [ -126.78048, 49.87997 ] } },
{ "type": "Feature", "properties": { "Title": "Gregoire Point", "Description": "Informal site secondary", "Land Tenure": "Provincial Recreation Reserve", "Tent Sites": "6", "Landing Comments": "Hazardous, exposed rock, reef barrier, boomers extend S from point. Kelp. Good protection from NW, W, SE inside barrier. When entering bay, watch for avoidable small surf wave that may form on left two thirds beside rocks.", "Camp Comments": "Beach sites on sand. Comfortable, secure bad weather refuge.", "Other Comments": "Reliable water source reported at stream N of point. Walk on beach, through bush 1 km from site or reach by boat. Attractive. Protected site on a difficult shoreline. Area 42.6 Ha.", "Layer Title": "Informal Site", "Latitude": 49.90099, "Longitude": -127.18755, "x": -14158453.301000001, "y": 6429146.677 }, "geometry": { "type": "Point", "coordinates": [ -127.18755, 49.90099 ] } },
{ "type": "Feature", "properties": { "Title": "Garden Point", "Description": "Informal site primary", "Land Tenure": "Aboriginal Title Land", "Tent Sites": "10 +", "Landing Comments": "Sand tombolo joins to islet. Approach from NE behind islet to sheltered sand, mud, shell, cobble beach. Low gradient beach dries far, so long carry at low water. At low water if swell low, approach from W to follow creek channel with steeper but unstable pebble bank onto moderate gradient pebble beach. N, NE aspect.<br /><br />", "Camp Comments": "Tent sites in shady or sheltered forested upland at base of tombolo, or on upper beach. Two brighter campsites on islet. Pit toilet unserviceable (2021). Fire pit. Hammock opportunities. Good all weather site.", "Other Comments": "Water at year-round Brodick Creek alongside site. Attractive. View. Wildlife viewing. Some forestry work in progress behind site 2024, 2025.This site is located within the Nuchatlaht Nation's Aboriginal Title Lands. See map of the Title area <a href=https://www.bcmarinetrails.org/wp-content/uploads/2025/05/nuchatlaht_title.jpg target=_blank style=color:blue>here</a>. Look up term of <a href=https://www.bcmarinetrails.org/first-nations-guidelines/ target=_blank style=color:blue> Aboriginal Title lands</a> in our glossary.", "Layer Title": "Informal Site", "Latitude": 49.84703, "Longitude": -126.90002, "x": -14126445.241, "y": 6419826.588 }, "geometry": { "type": "Point", "coordinates": [ -126.90002, 49.84703 ] } },
{ "type": "Feature", "properties": { "Title": "Catala Island north", "Description": "Dispersed site primary", "Land Tenure": "Marine Provincial Park", "Tent Sites": "8 - 12", "Landing Comments": "Easy to moderate landing on steep sand, gravel, cobble beach, depending on swell height, direction. Some shelter from SW. Expect surf on approaches in high wind conditions.", "Camp Comments": "Random wilderness camping allowed among many drift logs. Camp near N point or on pebble bench. Limited camping off the beach. Several fire pits. E aspect. No shade. Unofficial pit toilet in need of maintenance 30 m inland from beach. No fees (2020)", "Other Comments": "Attractive. Sea caves nearby. MV Uchuck passes site. See: <a href=\"https://bcparks.ca/catala-island-marine-park/\" target=\"_blank\" style=\"color:blue\">Catala Island Provincial Marine Park</a>.", "Layer Title": "Dispersed Site", "Latitude": 49.84242, "Longitude": -127.04853, "x": -14142978.033, "y": 6419029.783 }, "geometry": { "type": "Point", "coordinates": [ -127.04853, 49.84242 ] } },
{ "type": "Feature", "properties": { "Title": "Shuttleworth Bight", "Description": "Campsite primary", "Land Tenure": "Provincial Park", "Tent Sites": "20 +", "Landing Comments": "Low gradient sand beach. Light to moderate surf likely. Some protection from W. W side favoured, also has creek entering at extreme W.", "Camp Comments": "Beach or upland camping. Large beach. Random wilderness camping allowed. Camping fees apply 1 May to 30 September. Either pre-pay permit via Internet or at San Josef Bay trailhead, but no reservable sites. Hiking trail campsite located to W of Irony Creek mouth approx 1 NM to NE.", "Other Comments": "Attractive. Water at creek. Historic settlement site. On N Coast hiking Trail. See: <a href=\"https://bcparks.ca/cape-scott-park/\" target=\"_blank\" style=\"color:blue\">Cape Scott Provincial Park</a>", "Layer Title": "Campsite", "Latitude": 50.83894, "Longitude": -128.14474, "x": -14265006.826, "y": 6592852.965 }, "geometry": { "type": "Point", "coordinates": [ -128.14474, 50.83894 ] } },
{ "type": "Feature", "properties": { "Title": "Bell Island", "Description": "Dispersed site primary", "Land Tenure": "Marine Provincial Park", "Tent Sites": "12", "Landing Comments": "Easy landing in cove on protected white shell beach. Limited room for boat stowage.", "Camp Comments": "Grassy, partially treed area on an obvious midden shelf above beach. Sheltered. Trail up to campsite can be very slippery and path closest to edge is giving way (so use inland path up and down if possible). No facilities. No fees. Avoid fires unless on beach.", "Other Comments": "Attractive. Popular. Location gives access to multiple day trip options. Noisy generator at nearby fish farm reported to shut down 9 pm each evening. Overlooks fish farm. See: <a href=\"https://bcparks.ca/gods-pocket-marine-park/\" target=\"_blank\" style=\"color:blue\">God's Pocket Marine Provincial Park</a>", "Layer Title": "Dispersed Site", "Latitude": 50.83425, "Longitude": -127.5287, "x": -14196429.946, "y": 6592026.672 }, "geometry": { "type": "Point", "coordinates": [ -127.5287, 50.83425 ] } },
{ "type": "Feature", "properties": { "Title": "Nolan Point", "Description": "Dispersed site primary", "Land Tenure": "Provincial Recreation Site", "Tent Sites": "7 - 10", "Landing Comments": "Easy on low gradient cobble beach. Long carry at low water.", "Camp Comments": "Spacious, sheltered, grassy area between trees, towards point. Afternoon sun. Rustic camp furniture.", "Other Comments": "Seasonal water at small creek. Attractive, popular site. Short trail. Glen-gla-ouch 5 Indian Reserve adjacent to W.", "Layer Title": "Campsite", "Latitude": 50.82975, "Longitude": -127.62252, "x": -14206873.573000001, "y": 6591233.543 }, "geometry": { "type": "Point", "coordinates": [ -127.62252, 50.82975 ] } },
{ "type": "Feature", "properties": { "Title": "Nissen Bight", "Description": "Campsite primary", "Land Tenure": "Provincial Park", "Tent Sites": "20 +", "Landing Comments": "W beach is more protected.  Surf low to high.", "Camp Comments": "Many sites among drift logs. W side floods at extreme tides. Pit toilet. Bear caches. Dispersed camping allowed. Camping fees apply 1 May to 30 September. Either pre-pay permit via Internet or at San Josef Bay trailhead, but no reservable sites.", "Other Comments": "On Cape Scott and N Coast hiking Trails. Water at creek E of beach approx. 1 km from camp. See: <a href=\"https://bcparks.ca/cape-scott-park/\" target=\"_blank\" style=\"color:blue\">Cape Scott Provincial Park</a>", "Layer Title": "Campsite", "Latitude": 50.79463, "Longitude": -128.30644, "x": -14283007.911, "y": 6585045.74 }, "geometry": { "type": "Point", "coordinates": [ -128.30644, 50.79463 ] } },
{ "type": "Feature", "properties": { "Title": "Songhees Creek", "Description": "Informal site secondary", "Land Tenure": "Provincial Recreation Reserve", "Tent Sites": "10 +", "Landing Comments": "Easy on well protected steep cobble, gravel beach. 100 m carry at low water.", "Camp Comments": "Spacious, semi-exposed camp on level gravel bar. Some protection from NW.", "Other Comments": "Water at creek. Attractive. Road nearby.", "Layer Title": "Informal Site", "Latitude": 50.7852, "Longitude": -127.57745, "x": -14201856.771, "y": 6583385.683 }, "geometry": { "type": "Point", "coordinates": [ -127.57745, 50.7852 ] } },
{ "type": "Feature", "properties": { "Title": "San Josef  WFP Campground", "Description": "Campsite secondary", "Land Tenure": "Private", "Tent Sites": "10", "Landing Comments": "Good dirt ramp to river.  Advisable to paddle river at high tide. Low water impedes 3 NM channel, gives high surf at river mouth.", "Camp Comments": "NB. Road closure for bridge replacement Sept 2018. Developed campground. Picnic tables, pit toilets, fire pits. Nice secluded sites.", "Other Comments": "Easy access to San Josef River. Overnight parking. May paddle river to access San Josef Bay. High water preferred. Western Forest Products San Josef Recreation site.", "Layer Title": "Private or Commercial", "Latitude": 50.68035, "Longitude": -128.23642, "x": -14275212.608, "y": 6564944.93 }, "geometry": { "type": "Point", "coordinates": [ -128.23642, 50.68035 ] } },
{ "type": "Feature", "properties": { "Title": "Union Island north", "Description": "Informal site secondary", "Land Tenure": "Provincial Recreation Reserve", "Tent Sites": "8", "Landing Comments": "Easy landing on steep pebble beach at E side of small peninsula. Good protection.", "Camp Comments": "Twin sites on both sides of peninsula neck usable at all water levels. E site preferred. Light use so some sites will need brushing. High step up bank to trail at W landing. 8 usable sites reported in 2022.", "Other Comments": "Trail joins E to W beach. reported as overgrown 2022. Water at small seasonal stream at E end of E site. IMAP shows REC107035 Recreation Reserve.", "Layer Title": "Informal Site", "Latitude": 50.03941, "Longitude": -127.27278, "x": -14167940.728, "y": 6453103.55 }, "geometry": { "type": "Point", "coordinates": [ -127.27278, 50.03941 ] } },
{ "type": "Feature", "properties": { "Title": "Calvin Creek Falls", "Description": "Campsite secondary", "Land Tenure": "Provincial Recreation Site", "Tent Sites": "4", "Landing Comments": "Exposed low gradient sand beach. SW aspect. Often difficult, expect high surf.", "Camp Comments": "Most hikers are using sites next to the falls but the kayak sites on the north end of the beach showed very little evidence of prior use but take time to find. 4 upland sheltered sites. Additional sites on beach in good weather. Pit toilet.", "Other Comments": "Water at falls. Campsite is used by hikers on Nootka (hiking) Trail.", "Layer Title": "Campsite", "Latitude": 49.65787, "Longitude": -126.84042, "x": -14119810.599, "y": 6387233.865 }, "geometry": { "type": "Point", "coordinates": [ -126.84042, 49.65787 ] } },
{ "type": "Feature", "properties": { "Title": "Marvinas Bay", "Description": "Dispersed site secondary", "Land Tenure": "Provincial Recreation Site", "Tent Sites": "4 +", "Landing Comments": "Easy landing. Broad protected beach of pebble and cobble.", "Camp Comments": "Several possible sites. Old road bed behind beach offers flat areas but bush is mostly dense. S bank of large creek above beach is another option at most tides.", "Other Comments": "Water at creek. Fishing resort and float home visible at N end of bay. Historic site.", "Layer Title": "Dispersed Site", "Latitude": 49.65658, "Longitude": -126.62695, "x": -14096047.595000001, "y": 6387013.172 }, "geometry": { "type": "Point", "coordinates": [ -126.62695, 49.65658 ] } },
{ "type": "Feature", "properties": { "Title": "Ahous Bay", "Description": "Dispersed site primary", "Land Tenure": "Provincial Park", "Tent Sites": "unlimited", "Landing Comments": "Potentially difficult surf landing, light to heavy depending on conditions. N, S ends of overall large bay more protected, may be calm. S corner has hook for additional landing protection.", "Camp Comments": "Entire expansive sand beach suited to camping. Random wilderness camping allowed. Composting toilet at Fingers at N end (rock bound coves). Please use animal-proof food bins at N and S ends of bay.", "Other Comments": "Water at creek in centre of bay. Attractive long sandy beach. Hiking trail across S Vargas I. See <a href=\"http://www.env.gov.bc.ca/bcparks/explore/parkpgs/vargas_is/\" target=\"_blank\" style=\"color:blue\">Vargas Island Provincial Park</a>. See <a href=\"https://www.bcmarinetrails.org/paddling-within-the-ahousaht-hahoulthee/\" target=\"_blank\" style=\"color:blue\">Vargas Island webpage</a> with information on Ahousaht access passes.", "Layer Title": "Dispersed Site", "Latitude": 49.18669, "Longitude": -126.01357, "x": -14027766.701, "y": 6306598.252 }, "geometry": { "type": "Point", "coordinates": [ -126.01357, 49.18669 ] } },
{ "type": "Feature", "properties": { "Title": "Milties Beach", "Description": "Campsite primary", "Land Tenure": "Provincial Recreation Site", "Tent Sites": "10", "Landing Comments": "Easy on gently sloped sand beach. N aspect. Sand bar to E.", "Camp Comments": "Camp either end of beach or on upland clearing at E end. Centre of beach floods at moderate water levels. Entire beach floods at Springs. Please use animal-proof steel food bin. Green throne pit toilet in good condition (2019) but trail could use clearing as seen in 2024. Sometimes used by guided groups.There are two trails leading to open area upland tent sites and the beach is a pleasant area to walk. A safe refuge when the surf is too high and Dick and Janes Beach.", "Other Comments": "Small seasonal creek enters W end. We have created a <a href=\"https://www.bcmarinetrails.org/vargas-island\" target=\"_blank\" style=\"color:blue\">Vargas Island webpage</a> with information about Ahousaht passes and a link to the Ahousaht map where there is allowable camping and day use.", "Layer Title": "Campsite", "Latitude": 49.20878, "Longitude": -125.9744, "x": -14023406.061000001, "y": 6310362.09 }, "geometry": { "type": "Point", "coordinates": [ -125.9744, 49.20878 ] } },
{ "type": "Feature", "properties": { "Title": "Dick and Jane Beach", "Description": "Dispersed site primary", "Land Tenure": "Provincial Park", "Tent Sites": "10 +", "Landing Comments": "Low gradient sand beach. More protected than beaches on W of Vargas Island but subject to surf in some conditions.", "Camp Comments": "Random wilderness camping allowed. Sheltered beach camping on sand among driftwood. Pit toilet. Please use animal-proof steel food bins. Note: See <a href=\"http://www.env.gov.bc.ca/bcparks/explore/parkpgs/vargas_is/\" target=\"_blank\" style=\"color:blue\">Vargas Island Provincial Park</a>. See <a href=\"https://www.bcmarinetrails.org/paddling-within-the-ahousaht-hahoulthee/\" target=\"_blank\" style=\"color:blue\">Vargas Island webpage</a> with information on Ahousaht access passes. Two distinct sites at Dick and Jane beach. One at the top; northern corner of the beach and another midway along the beach. Both have food caches.", "Other Comments": "Water at seasonal creek entering beach near S end. Some upland is private. Paddlers must respect owners privacy. Do not trespass. It's possible to pick up passes at Tofino Kayaking or Paddlewest Kayaking offices.", "Layer Title": "Dispersed Site", "Latitude": 49.213, "Longitude": -126.02129, "x": -14028626.055, "y": 6311081.134 }, "geometry": { "type": "Point", "coordinates": [ -126.02129, 49.213 ] } },
{ "type": "Feature", "properties": { "Title": "Narvaez Bay", "Description": "Campsite primary", "Land Tenure": "National Park Reserve", "Tent Sites": "7", "Landing Comments": "Easy, on protected sand, gravel beach at all water levels. W aspect. Known as Little Bay.", "Camp Comments": "Gravel tent pads. Picnic tables. Pit toilet. Food cache. Fee charged year-round. Reservable mid May - Sept. No fires, including below high tide mark. All sites <a href=http://reservation.parkscanada.gc.ca/ target=_blank>reservable</a> Overflow area for 3+ tents.", "Other Comments": "Attractive bay, coves. Road access gated 1.3 km from beach area. Hiking trails to Monarch Head, Echo Bay. Swimming. Gulf Islands National Park Reserve. See", "Layer Title": "Campsite", "Latitude": 48.77395, "Longitude": -123.09841, "x": -13703251.94, "y": 6236592.168 }, "geometry": { "type": "Point", "coordinates": [ -123.09841, 48.77395 ] } },
{ "type": "Feature", "properties": { "Title": "Ruckle", "Description": "Campsite secondary", "Land Tenure": "Provincial Park", "Tent Sites": "75 +", "Landing Comments": "Small exposed shell, pebble beach unsuited to high water levels 150 m SW of Beaver Point light, close to campsites on a mostly rocky shore. Alternative landings in sheltered coves to N or S, distant from camp area. Otherwise exposed rock shelves.", "Camp Comments": "Camp at numbered sites in huge open field or under trees. Some tent platforms. Most sites non-reservable. Pit toilets. Picnic table at each tent site. Shared fire pits. 3 group sites. Wheelbarrows. Garbage collection. Field partly mowed twice each season.", "Other Comments": "Attractive, View. Water at 6 taps. 7 km shoreline. Extensive trails, wildflowers. Intact historic farm. Trail access to road 200 - 600 m. Parking. See: <a href=https://bcparks.ca/ruckle-park/ target=_blank style=color:blue>Ruckle Park</a>", "Layer Title": "Campsite", "Latitude": 48.77057, "Longitude": -123.36802, "x": -13733265.167, "y": 6236021.208 }, "geometry": { "type": "Point", "coordinates": [ -123.36802, 48.77057 ] } },
{ "type": "Feature", "properties": { "Title": "Lawn Point", "Description": "Dispersed site primary", "Land Tenure": "Provincial Park", "Tent Sites": "6 - 8", "Landing Comments": "From N, take care when navigating around reefs. Usually better to approach in morning. Behind reefs, beach is well protected but expect surf in high S wind, swell. Reefs to SW.", "Camp Comments": "Beach sites, on pebble, gravel, exposed to S. Random wilderness camping permitted. No fees (2020).", "Other Comments": "Attractive. Grassy peninsula deceivingly rugged. Historic plane crash monument. See <a href=\"https://bcparks.ca/lawn-point-park/\" target=\"_blank\">Lawn Point Provincial Park</a>", "Layer Title": "Dispersed Site", "Latitude": 50.32527, "Longitude": -127.97332, "x": -14245924.45, "y": 6502798.026 }, "geometry": { "type": "Point", "coordinates": [ -127.97332, 50.32527 ] } },
{ "type": "Feature", "properties": { "Title": "Keith River Site 4", "Description": "Informal site secondary", "Land Tenure": "Provincial Forest", "Tent Sites": "4", "Landing Comments": "Easy protected landing on sand beach in bay. This might be only at high water. A report received that at low to mid water levels landing difficult to see with large sections of beach fronted by rocks/reefs.", "Camp Comments": "3 or 4 beach sites, possibly fewer at Springs.", "Other Comments": "Year-round water to N at Keith River. Attractive.", "Layer Title": "Informal Site", "Latitude": 50.32765, "Longitude": -127.86552, "x": -14233924.209000001, "y": 6503213.6 }, "geometry": { "type": "Point", "coordinates": [ -127.86552, 50.32765 ] } },
{ "type": "Feature", "properties": { "Title": "Newton Entrance", "Description": "Dispersed site secondary", "Land Tenure": "Provincial Park", "Tent Sites": "nan", "Landing Comments": "Easy landing on sand beach with moderate gradient except in strong SW conditions.  More protected than other nearby sites.  .", "Camp Comments": "Beach camping among drift logs. Protected from NW. Random wilderness camping permitted. No fees (2018).", "Other Comments": "Attractive. See <a href=\"https://bcparks.ca/lawn-point-park/\" target=\"_blank\" style=\"color:blue\">Lawn Point Provincial Park</a>", "Layer Title": "Dispersed Site", "Latitude": 50.32267, "Longitude": -127.94482, "x": -14242751.845000001, "y": 6502344.69 }, "geometry": { "type": "Point", "coordinates": [ -127.94482, 50.32267 ] } },
{ "type": "Feature", "properties": { "Title": "Calvin Creek north", "Description": "Dispersed site primary", "Land Tenure": "Provincial Recreation Site", "Tent Sites": "6 - 8", "Landing Comments": "Landing moderate to difficult on low gradient sand beach. Prone to surf, especially near centre beach at Falls area, so N end usually preferred. Extensive low reef or shoal gives some protection at less than very high water levels. Swells break at outer edge rather than at beach so often minor at beach. Go wide of extensive shoals to W to clear offshore breaking waves.<br />", "Camp Comments": "Several sites on upper beach. Beach floods at higher tides or during storms. Report received that beach sites remain dry up to 3.9 m tide if tent is at forest edge, assuming no storm surge. Hiker shack, decorated with flotsam, in the woods. A new outhouse has been installed (one of those urine diversion toilets with the pedal).", "Other Comments": "Attractive. Water at falls. On Nootka (hiking) Trail.", "Layer Title": "Dispersed Site", "Latitude": 49.66112, "Longitude": -126.8556, "x": -14121500.54, "y": 6387793.911 }, "geometry": { "type": "Point", "coordinates": [ -126.8556, 49.66112 ] } },
{ "type": "Feature", "properties": { "Title": "Hanna Beach", "Description": "Informal site secondary", "Land Tenure": "First Nation, Provincial Recreation Reserve", "Tent Sites": "6 - 8", "Landing Comments": "Easy landing. Small, gently sloping cobble, pebble beach. SW aspect. Limited landing area at high water. Some exposure to SW wind.", "Camp Comments": "Ample room behind beach logs. Small forest upland clearings could also support 2-3 tents. An overgrown roadway reported in area but not found during June 2025 assessment, however tenure sings present on beach.", "Other Comments": "Water at creeks. Nearby fishing shacks, dock visible from parts of site.", "Layer Title": "Informal Site", "Latitude": 49.68102, "Longitude": -126.4781, "x": -14079477.689, "y": 6391215.725 }, "geometry": { "type": "Point", "coordinates": [ -126.4781, 49.68102 ] } },
{ "type": "Feature", "properties": { "Title": "Whaleview Beach", "Description": "Dispersed site secondary", "Land Tenure": "Provincial Park", "Tent Sites": "unknown", "Landing Comments": "Easy landing on sand, shell, gravel beach. Well protected from all directions.", "Camp Comments": "Random wilderness camping allowed. Beach camping possible almost any tide including summer Springs. Small forested upland sites likely need brushing. Ahousaht Stewardship Fee required. Please avoid Ahousaht Nation Tootoowilteno Indian Reserve at E end of beach.", "Other Comments": "Year-round water likely available by paddlecraft access to river approx. 0.5 NM to NE around point. Small, quiet, protected site. A good alternative to nearby Half Moon Beach in poor conditions. See:", "Layer Title": "Dispersed Site", "Latitude": 49.35976, "Longitude": -126.2306, "x": -14051925.97, "y": 6336127.622 }, "geometry": { "type": "Point", "coordinates": [ -126.2306, 49.35976 ] } },
{ "type": "Feature", "properties": { "Title": "Hesquiat Harbour", "Description": "Dispersed site primary", "Land Tenure": "Provincial Park", "Tent Sites": "unknown", "Landing Comments": "Long sweeping sand beach. Shallow, confused water. breaking waves over Hesquiat Bar.  Good protection beyond Bar. To avoid long carry at low water, avoid broad sand shelf at S corner of beach, adjacent to bar.", "Camp Comments": "Random wilderness camping allowed. No fees (2018). Entire beach is suitable for camping. See: <a href=\"https://bcparks.ca/hesquiat-peninsula-park/\" target=\"_blank\" style=\"color:blue\">Hesquiat Peninsula Provincial Park</a>.", "Other Comments": "Water.", "Layer Title": "Dispersed Site", "Latitude": 49.42147, "Longitude": -126.4897, "x": -14080768.56, "y": 6346681.553 }, "geometry": { "type": "Point", "coordinates": [ -126.4897, 49.42147 ] } },
{ "type": "Feature", "properties": { "Title": "Obstruction Island", "Description": "Dispersed site secondary", "Land Tenure": "Provincial Park", "Tent Sites": "3", "Landing Comments": "Moderate landing on sloping bedrock shoreline. Tricky at lowest tides.", "Camp Comments": "Random wilderness camping permitted. Rough camping on small level areas of rock, gravel, grass.", "Other Comments": "Attractive. Anchorage - Provincial Boat Haven in cove.", "Layer Title": "Dispersed Site", "Latitude": 49.39986, "Longitude": -126.08722, "x": -14035965.382, "y": 6342984.362 }, "geometry": { "type": "Point", "coordinates": [ -126.08722, 49.39986 ] } },
{ "type": "Feature", "properties": { "Title": "Barcester Bay", "Description": "Dispersed site secondary", "Land Tenure": "Provincial Park", "Tent Sites": "10 +", "Landing Comments": "Low gradient broad sand beach. Open to NW wind, swell. Expect low to high surf with less to S. Recommend use in settled conditions only.", "Camp Comments": "Beach camping between drift logs. Some shelter from S.", "Other Comments": "Attractive. Water at creek crossing beach at S end.", "Layer Title": "Dispersed Site", "Latitude": 49.44432, "Longitude": -126.55143, "x": -14087641.114, "y": 6350591.697 }, "geometry": { "type": "Point", "coordinates": [ -126.55143, 49.44432 ] } },
{ "type": "Feature", "properties": { "Title": "Isle de Lis", "Description": "Campsite primary", "Land Tenure": "National Park Reserve", "Tent Sites": "3", "Landing Comments": "Easy on exposed gravel, pebble tombolo between Rum and Gooch Islands. Choose either N or S aspect depending on conditions.", "Camp Comments": "3 tent pads 150 m above beach. 2 pit toilets. Hammock opportunities. Fee charged year-round. No fires, including below high tide mark. Possible overflow site on tombolo. See <a href=https://www.pc.gc.ca/en/pn-np/bc/gulf/activ/camping target=_blank>camping</a>", "Other Comments": "On Rum Island. Small attractive island with views, trail. seal, bird colonies. Isle de Lis (Lily Island) name given by former owner. Gulf Islands National Park Reserve.", "Layer Title": "Campsite", "Latitude": 48.66237, "Longitude": -123.27903, "x": -13723358.622, "y": 6217765.115 }, "geometry": { "type": "Point", "coordinates": [ -123.27903, 48.66237 ] } },
{ "type": "Feature", "properties": { "Title": "Sidney Island", "Description": "Campsite primary", "Land Tenure": "National Park Reserve", "Tent Sites": "25 +", "Landing Comments": "Easy sheltered sand beach at all water levels. BW aspect. Small seasonal dock. W aspect. Lagoon closed to all boating.", "Camp Comments": "Open grassy sites, tent pads. Picnic tables. Gear carts. Picnic shelter. Vault toilets. Fee charged year-round. Site closed for hunting 1 Nov - 28 Feb. Group camping site. No fires, including below high tide mark. IMPORTANT 100% reservable from May 15 to Sept 30 so paddlers advised to reserve. 2 small overflow areas. Mid-week sites often available on first come, first served basis. 250-654-4000,Toll-free: 1-866-944-1744. All sites <a href=https://reservation.pc.gc.ca/ target=>reservable</a>", "Other Comments": "Site no longer offers drinking water. Trails. Swimming. Anchorage. Birding, fallow deer, wildlife. Frequent foot passenger ferry in summer from Sidney. Gulf Islands National Park Reserve. See", "Layer Title": "Campsite", "Latitude": 48.6355, "Longitude": -123.3295, "x": -13728977.14, "y": 6213238.171 }, "geometry": { "type": "Point", "coordinates": [ -123.3295, 48.6355 ] } },
{ "type": "Feature", "properties": { "Title": "Princess Bay", "Description": "Campsite primary", "Land Tenure": "National Park Reserve", "Tent Sites": "12", "Landing Comments": "Easy on beach in protected bay. Gravel at high water, mud at low water, some sand, pebble. SE aspect. Dinghy dock.", "Camp Comments": "Camp in damp mown open field, an old orchard. Composting toilet. Picnic tables. Food cache. Short concrete steps give access up bank. Fees charged year-round. First come, first served. No fires, including below high tide mark. Suited to groups or overflow from smaller sites on Portland Island. See <a href=https://www.pc.gc.ca/en/pn-np/bc/gulf/activ/camping target=_blank>camping</a>", "Other Comments": "Anchorage. Small seasonal dock. Aka Tortoise Bay. Kanaka (Hawaiian) history. Volunteers provide information service in season. Extensive walking trails. Gulf Islands National Park Reserve.", "Layer Title": "Campsite", "Latitude": 48.72095, "Longitude": -123.36991, "x": -13733475.56, "y": 6227643.734 }, "geometry": { "type": "Point", "coordinates": [ -123.36991, 48.72095 ] } },
{ "type": "Feature", "properties": { "Title": "Paddlers Beach Raft Cove", "Description": "Dispersed site primary", "Land Tenure": "Provincial Park", "Tent Sites": "10 +", "Landing Comments": "Land to S of Macjack River mouth. Landing weather dependent but usually lower surf than on main beach. Protected from SW but expect high surf in strong NW winds.", "Camp Comments": "Numerous sites on sand, gravel beach. Camping fees apply 1 May to 30 September. May pre-pay permit via Internet, but no reservable sites. Fee $5.00 per person per night (2018) via BC Parks Backcountry Registration System.", "Other Comments": "Water at Macjack River upstream. Navigable for some distance. Hiking trail on N side of river leads in 2.5 km to industrial road. See:", "Layer Title": "Dispersed Site", "Latitude": 50.58015, "Longitude": -128.23615, "x": -14275183.042, "y": 6547359.925 }, "geometry": { "type": "Point", "coordinates": [ -128.23615, 50.58015 ] } },
{ "type": "Feature", "properties": { "Title": "DArcy Island", "Description": "Campsite primary", "Land Tenure": "National Park Reserve", "Tent Sites": "7", "Landing Comments": "Pebble beach. Exposed to SE winds. Strong SE wind may cause hazardous steep surf conditions. Alternative beach, NNE aspect, nearby to N offers longer but easy carry to tent sites.", "Camp Comments": "Gravel tent pads near beach with some shelter in mature forest. Pit toilet. 7 picnic tables. Hammock opportunities. Fee charged year-round. First come, first serve. No fires, including below high tide mark. See <a href=https://www.pc.gc.ca/en/pn-np/bc/gulf/activ/camping target=_blank style=color:blue>camping</a>", "Other Comments": "Attractive. View. Rough trail across island to historic former leper colony. Gulf Islands National Park Reserve.", "Layer Title": "Campsite", "Latitude": 48.56783, "Longitude": -123.27362, "x": -13722756.239, "y": 6201847.369 }, "geometry": { "type": "Point", "coordinates": [ -123.27362, 48.56783 ] } },
{ "type": "Feature", "properties": { "Title": "Nordstrom Creek", "Description": "Dispersed site secondary", "Land Tenure": "Provincial Park", "Tent Sites": "nan", "Landing Comments": "Approx 100 m W of creek mouth, rocks of large outcrop extend into sea. Land at side of rocks in protected area about 6 m wide, navigating around reefs. Approach, landing depends on swell height, direction. Surf likely.", "Camp Comments": "Beach sites on sand E of creek. Grass above beach too steep for tents. Random wilderness camping allowed. No fees (2018).", "Other Comments": "Water at creek. See: <a href=\"https://bcparks.ca/muqqiwn-brooks-peninsula-park/\" target=\"_blank\" style=\"color:blue\">Mquqwin Brooks Peninsula Provincial Park</a>.", "Layer Title": "Dispersed Site", "Latitude": 50.09449, "Longitude": -127.86114, "x": -14233436.83, "y": 6462655.19 }, "geometry": { "type": "Point", "coordinates": [ -127.86114, 50.09449 ] } },
{ "type": "Feature", "properties": { "Title": "Tongue Point west", "Description": "Informal site primary", "Land Tenure": "Provincial Recreation Reserve", "Tent Sites": "4 - 6", "Landing Comments": "Moderate gradient all-tide sand beach protected from SW behind small rock islet. Approaches from both sides of islet well protected. W might be preferred. N aspect.<br />All tide landing to west of Rock protection with a small swell at times. Mid to high tide the landing to the east side of the rock fronting the Beach is more protected and provides and easy landing. Only at low low tides is the east side not as accessible.", "Camp Comments": "Sand beach not really suitable for flat tent sites as sloped. Only one decent sized forested site with 2 very small nearby sites.", "Other Comments": "Attractive. Aka Oldham Beach after Margaret and Ted Oldham, paddlers who spent many a summer week here. Recreation Reserve REC107007. Trail head to Louie Bay at easterly side of Beach. Trail marker to start but not well used trail.", "Layer Title": "Informal Site", "Latitude": 49.74712, "Longitude": -126.9505, "x": -14132065.016000001, "y": 6402595.545 }, "geometry": { "type": "Point", "coordinates": [ -126.9505, 49.74712 ] } },
{ "type": "Feature", "properties": { "Title": "Benson Point", "Description": "Campsite primary", "Land Tenure": "Provincial Recreation Site", "Tent Sites": "8 - 12", "Landing Comments": "Land E of point to avoid surf on W side. Easy on long sand, gravel beach. Gradient 3 - 5%. SE aspect. Moderate protection. Next beach to E is similar or better protected if overflow site needed.", "Camp Comments": "Exposed beach sites. Aspect S , W. As of July 31, 2021 Warning: Benson Point currently has no toilet so BCMT strongly urges visitors to bring wag bags or similar to pack out human waste. On-site disposal is not recommended. There are a couple additional tent sites in the trees / sheltered from wind. Next beach to E suitable as overflow site.", "Other Comments": "Small waterfall at far W end of beach had flow Aug 2022 so might be year-round. Similar report of creek with waterfall just above the beach, 0.6 NM W of site, but measured distance might be 1 NM instead. Attractive. Interesting shorelines. Sea caves. Lagoon nearby.", "Layer Title": "Campsite", "Latitude": 49.77933, "Longitude": -126.88062, "x": -14124285.643, "y": 6408147.597 }, "geometry": { "type": "Point", "coordinates": [ -126.88062, 49.77933 ] } },
{ "type": "Feature", "properties": { "Title": "Third Beach", "Description": "Campsite primary", "Land Tenure": "Provincial Recreation Site", "Tent Sites": "Many", "Landing Comments": "Extensive moderately steep sand beach at high water. Low gradient at low water. S aspect. Protected from NW. Prominent large treed rock outcrop at W entrance breaks swell for surf-free landing behind.", "Camp Comments": "Beach sites on sand. Report of upland forest margin sites.", "Other Comments": "Attractive. Water at year-round creek to E up along log into edge of woods. Freshwater bathing pool across E side of beach. Rope hang ladder on trail up onto treed rock outcrop. On Nootka (hiking) Trail. Frequently used as first night stop by hikers starting from Louie Bay. by float plane.", "Layer Title": "Campsite", "Latitude": 49.718, "Longitude": -126.9399, "x": -14130885.196, "y": 6397581.23 }, "geometry": { "type": "Point", "coordinates": [ -126.9399, 49.718 ] } },
{ "type": "Feature", "properties": { "Title": "Strange Island", "Description": "Informal site primary", "Land Tenure": "Provincial Forest", "Tent Sites": "5 - 7", "Landing Comments": "Easy to moderately difficult at S end or elsewhere on long, 250+m gravel mixed rock, sand beach. Oysters at some water levels. Not enough beach space at high water to pull boat ashore. Middle beach area appears to be easiest for landing having a gentle slope and large sand/gravel areas at mid tides. <br />W beach required water exit, carrying boats up onto cobble/ boulder shore. <br />Slightly exposed to SW. Surf possible.", "Camp Comments": "At least 6 tent sites behind driftwood logs for beach camping. However this option would be unsuitable during spring tides as the area may flood.Otherwise look for a blue line strung from hemlock to alder trees marking a trail into the forest (see photos). Follow the trail 40 meters inland to find 2-3 tent sites. The area could be opened up with some brushing work. Danger trees present in this area and therefore the inland tent sites would be unsafe in 40km+ winds.Aprox location of trailhead: 49.682887N, -126.599995W", "Other Comments": "Attractive site. Work needed to remove danger trees from camping area.", "Layer Title": "Informal Site", "Latitude": 49.68305, "Longitude": -126.59993, "x": -14093040.109, "y": 6391565.549 }, "geometry": { "type": "Point", "coordinates": [ -126.59993, 49.68305 ] } },
{ "type": "Feature", "properties": { "Title": "Loquillilla Cove", "Description": "Informal site primary", "Land Tenure": "Provincial Recreation Reserve", "Tent Sites": "7 - 10", "Landing Comments": "2 locations. Main beach: easy, on sand, gravel, cobble. SE aspect. E cove: easy, but some soft mud at low water. NW aspect.", "Camp Comments": "Sheltered sites in trees in both areas. 1 or 2 possible sites on main beach. Better camping in cove 0.5 NM E of main beach with spacious, level upland sites. Short walk to view over Goletas Channel.", "Other Comments": "Water at seasonal creeks at SW, NE corners of main beach. Creek at SW hard to see but substantial. Creek on N side of E cove. Spring reported but location unknown.", "Layer Title": "Informal Site", "Latitude": 50.86237, "Longitude": -127.75807, "x": -14221963.72, "y": 6596985.288 }, "geometry": { "type": "Point", "coordinates": [ -127.75807, 50.86237 ] } },
{ "type": "Feature", "properties": { "Title": "Discovery Island", "Description": "Campsite primary", "Land Tenure": "Marine Provincial Park", "Tent Sites": "10 - 14", "Landing Comments": "Pebble beach. Vessel wash. Strong currents near island. Pull kayaks up out of the water a bit higher as passing ships can cause larger hitting waves on the beach.", "Camp Comments": "Camp only in designated large open field SW of Pandora Hill. Pit toilet. Picnic tables. Food caches. No fires or pets permitted. Camping fees apply year-round. Pre-pay via Internet, or use drop-box but no reservable sites. Fee $5.00 per person per night (2019) via <a href=https://camping.bcparks.ca/ target=_blank>BC Parks Backcountry Registration System</a>.", "Other Comments": "See: <a href=\"https://bcparks.ca/discovery-island-marine-park/\" target=\"_blank\" style=\"color:blue\">Discovery Island</a>.", "Layer Title": "Campsite", "Latitude": 48.42411, "Longitude": -123.23192, "x": -13718114.139, "y": 6177703.226 }, "geometry": { "type": "Point", "coordinates": [ -123.23192, 48.42411 ] } },
{ "type": "Feature", "properties": { "Title": "Medallion Beach", "Description": "Dispersed site primary", "Land Tenure": "Provincial Park", "Tent Sites": "8", "Landing Comments": "Some exposure to surf. E side of beach usually preferred. W end of beach has low dunes causing erratic waves on lower tides.", "Camp Comments": "Random wilderness camping allowed. Camp on beach or on grassy upland. Many options. Composting toilet at W point of beach. Please use animal-proof steel food bin.", "Other Comments": "See <a href=\"http://www.env.gov.bc.ca/bcparks/explore/parkpgs/vargas_is/\" target=\"_blank\" style=\"color:blue\">Vargas Island Provincial Park</a>. See <a href=\"https://www.bcmarinetrails.org/paddling-within-the-ahousaht-hahoulthee/\" target=\"_blank\" style=\"color:blue\">Vargas Island webpage</a> with information on Ahousaht access passes. Link to the Ahousaht map showing where camping and day use allowed.", "Layer Title": "Dispersed Site", "Latitude": 49.15069, "Longitude": -125.97969, "x": -14023994.641000001, "y": 6300469.036 }, "geometry": { "type": "Point", "coordinates": [ -125.97969, 49.15069 ] } },
{ "type": "Feature", "properties": { "Title": "Cape Sutil", "Description": "Campsite primary", "Land Tenure": "Provincial Park", "Tent Sites": "10 +", "Landing Comments": "Easy to moderate landing on sand beach. E aspect. Protected from NW. N'erly of 2 beaches. Paddlers mostly land on S half of N beach.", "Camp Comments": "Beach sites on sand. Dispersed camping permitted. N Coast hiking trail campsite around headland to SE has pit toilet, food cache, ranger yurt. Awkward access over logs in forest in first surge channel. Camping fees apply 1 May to 30 September. Either pre-pay permit via Internet or at San Josef Bay trailhead, but no reservable sites.", "Other Comments": "Water at small seasonal creeks near N Coast hiking trail campsite. Attractive. Cape Sutil proper lies in I.R. so permission required to visit. See: <a href=\"https://bcparks.ca/cape-scott-park/\" target=\"_blank\" style=\"color:blue\">Cape Scott Provincial Park</a>", "Layer Title": "Campsite", "Latitude": 50.87206, "Longitude": -128.05425, "x": -14254933.904, "y": 6598693.745 }, "geometry": { "type": "Point", "coordinates": [ -128.05425, 50.87206 ] } },
{ "type": "Feature", "properties": { "Title": "San Josef Bay", "Description": "Campsite primary", "Land Tenure": "Provincial Park", "Tent Sites": "20", "Landing Comments": "2 broad low-gradient sand beaches. Some surf. N beach provides more protection.", "Camp Comments": "Beach camping. Pit toilets. Bear caches. Camping fees apply 1 May to 30 September. Either pre-pay permit via Internet or at San Josef Bay trailhead, but no reservable sites.", "Other Comments": "Water at river or waterfall on stream crossing N beach. Popular site with hikers. Hiking trail 2.5 km to parking lot. Longer trails to Lowrie Bay, Cape Scott etc. Sea caves, stacks. See: <a href=https://bcparks.ca/cape-scott-park/ target=_blank style=color:blue>Cape Scott Provincial Park</a>", "Layer Title": "Campsite", "Latitude": 50.67762, "Longitude": -128.29178, "x": -14281375.99, "y": 6564464.756 }, "geometry": { "type": "Point", "coordinates": [ -128.29178, 50.67762 ] } },
{ "type": "Feature", "properties": { "Title": "Cape Palmerston", "Description": "Informal site secondary", "Land Tenure": "Provincial Recreation Reserve", "Tent Sites": "7 - 10", "Landing Comments": "Gravel, rock beach. Watch for some rocks, reefs.  Easier landing than Cape Palmerston Recreation Site just to N or some of the Raft Cove options just to S. Some protection from NW.", "Camp Comments": "Beach camping. User maintained cabin.", "Other Comments": "More protected in NW wind conditions than Raft Cove sites.", "Layer Title": "Informal Site", "Latitude": 50.6017, "Longitude": -128.26536, "x": -14278434.562000001, "y": 6551139.195 }, "geometry": { "type": "Point", "coordinates": [ -128.26536, 50.6017 ] } },
{ "type": "Feature", "properties": { "Title": "Topknot Point", "Description": "Informal site primary", "Land Tenure": "Provincial Recreation Reserve", "Tent Sites": "5 - 7", "Landing Comments": "Sand, gravel beach. Light to moderate surf landing at N end, E of prominent creek.", "Camp Comments": "Exposed sites on sand, gravel above landing beach. Beach topography varies annually. Some more protected sites alongside smaller creek at centre beach.", "Other Comments": "Attractive. Water at creeks. Visitor logbook at base of fir tree through salal underbrush at N50D 32.11M, W128D 12.681M.", "Layer Title": "Informal Site", "Latitude": 50.54835, "Longitude": -128.21137, "x": -14272424.467, "y": 6541787.296 }, "geometry": { "type": "Point", "coordinates": [ -128.21137, 50.54835 ] } },
{ "type": "Feature", "properties": { "Title": "Raft Cove", "Description": "Campsite secondary", "Land Tenure": "Provincial Park", "Tent Sites": "20 +", "Landing Comments": "Low gradient sand beach. Easier landing S of river mouth. Expect surf at low water or when swell  exceeds 1 m.", "Camp Comments": "Upland sites N of river mouth. Also beach camping. Spit at river mouth may be used as campsite. 5-6 toilets. 5 or 6 Food caches. Camping fees apply 1 May to 30 September. May pre-pay permit via Internet, but no reservable sites. Fee $5.00 per person per night (2018) via BC Parks Backcountry Registration System.", "Other Comments": "Attractive. Water at river upstream. Macjack River navigable for some distance. Hiking trail 2.5 km to industrial road. See: <a href=\"https://bcparks.ca/raft-cove-park/\" target=\"_blank\" style=\"color:blue\">Raft Cove Provincial Park.</a>", "Layer Title": "Campsite", "Latitude": 50.58396, "Longitude": -128.23082, "x": -14274589.464, "y": 6548028.748 }, "geometry": { "type": "Point", "coordinates": [ -128.23082, 50.58396 ] } },
{ "type": "Feature", "properties": { "Title": "Quatsino Park west", "Description": "Dispersed site secondary", "Land Tenure": "Provincial Park", "Tent Sites": "2 - 3", "Landing Comments": "Easy launch, landing at low water on long cobble beach, S aspect,", "Camp Comments": "Beach camping depending on tide level. Little space. Too small for 4 tents.", "Other Comments": "May be noisy due to proximity to Koskimo industrial area. See <a href=\"https://bcparks.ca/quatsino-park/\" target=\"_blank\" style=\"color:blue\">Quatsino Provincial Park</a> AKA Prideaux Point.", "Layer Title": "Dispersed Site", "Latitude": 50.49018, "Longitude": -127.84198, "x": -14231304.617000001, "y": 6531603.174 }, "geometry": { "type": "Point", "coordinates": [ -127.84198, 50.49018 ] } },
{ "type": "Feature", "properties": { "Title": "Shelter Bay", "Description": "Informal site primary", "Land Tenure": "Crown tenure - Section 17 designated use area", "Tent Sites": "12", "Landing Comments": "Easy, white sand, mud beach in protected cove accessible at all tides but high water preferred to allow site access from N side of sand tombolo. Kelp.", "Camp Comments": "Camp on sheltered white sand beach E of Wescott Pt at most tides or in approx. 6+ cleared sites in forested upland. Additional forest site at E end of beach.", "Other Comments": "Water at creek in NE corner is likely year-round. Located at N50D 57.89M, W127D 24.70M (WGS84). Intertidal life. Some commercial use. Some lands are 'designated use area'. Anchorage. Trail E of creek to First Nations site accessed by climbing a rope.", "Layer Title": "Informal Site", "Latitude": 50.97687, "Longitude": -127.46095, "x": -14188887.56, "y": 6617204.002 }, "geometry": { "type": "Point", "coordinates": [ -127.46095, 50.97687 ] } },
{ "type": "Feature", "properties": { "Title": "Cape Palmerston Recreation Site", "Description": "Dispersed site secondary", "Land Tenure": "Provincial Recreation Site", "Tent Sites": "variable", "Landing Comments": "Rocks, boulders at landing near river mouth. Gravel beach with high, unstable gravel berm above high water line.  Difficult to haul boats up.", "Camp Comments": "Camp on gravel beach. Likely 6 or more tent sites, but beach conditions change from year to year.", "Other Comments": "RSTBC Recreation Site lies across river. Difficult haul with boats across creek. Toilet. Trail access to road.", "Layer Title": "Campsite", "Latitude": 50.60445, "Longitude": -128.27413, "x": -14279410.967, "y": 6551621.699 }, "geometry": { "type": "Point", "coordinates": [ -128.27413, 50.60445 ] } },
{ "type": "Feature", "properties": { "Title": "Guise Bay", "Description": "Campsite primary", "Land Tenure": "Provincial Park", "Tent Sites": "unknown", "Landing Comments": "Difficult in SW wind. Surf, shallow sand beach.", "Camp Comments": "Camping on beach, upland. Exposed to strong gap winds. Pit toilet on E side. Sheltered from NW but exposed otherwise. Camping fees apply 1 May to 30 September. Either pre-pay permit via Internet or at San Josef Bay trailhead or pay site host, but no reservable sites. Frequent use by hikers.", "Other Comments": "Water available seasonally. See: <a href=\"https://bcparks.ca/cape-scott-park/\" target=\"_blank\" style=\"color:blue\">Cape Scott Provincial Park</a>", "Layer Title": "Campsite", "Latitude": 50.77261, "Longitude": -128.41183, "x": -14294739.817, "y": 6581169.731 }, "geometry": { "type": "Point", "coordinates": [ -128.41183, 50.77261 ] } },
{ "type": "Feature", "properties": { "Title": "Lowrie Bay", "Description": "Dispersed site secondary", "Land Tenure": "Provincial Park", "Tent Sites": "10", "Landing Comments": "Broad sand beach. Expect surf. Difficult except in calm weather. SW portion by rocky outcrop usually easiest landing at high water, when poles at sand spit might be visible.", "Camp Comments": "Beach camping. User maintained old cabin in good condition at last report 2014. Camping fees apply 1 May to 30 September. Either pre-pay permit via Internet or at San Josef Bay trailhead, but no reservable sites. Green throne toilet. Report of overgrown trails (2021).", "Other Comments": "Isolated. Attractive. Rough, muddy hiking trail to Sea Otter Cove, San Josef Bay. See: <a href=https://bcparks.ca/cape-scott-park/ target=_blank style=color:blue>Cape Scott Provincial Park</a>", "Layer Title": "Dispersed Site", "Latitude": 50.69418, "Longitude": -128.3658, "x": -14289615.491, "y": 6567375.534 }, "geometry": { "type": "Point", "coordinates": [ -128.3658, 50.69418 ] } },
{ "type": "Feature", "properties": { "Title": "Helen Islands", "Description": "Campsite primary", "Land Tenure": "Provincial Park", "Tent Sites": "5 - 7", "Landing Comments": "Sheltered, easy landing on pebble beach at mid to high water.  More difficult, large rocks, boulders, weed at lower water levels. W winds may bend to blow out of Sea Otter Cove. Landing on north beach is more sheltered and preferable.", "Camp Comments": "Camp on beach. Sites likely need leveling. Sheltered. Random wilderness camping permitted. Camping fees apply 1 May to 30 September. Either pre-pay permit via Internet or at San Josef Bay trailhead, but no reservable sites.", "Other Comments": "Attractive. See: <a href=\"https://bcparks.ca/cape-scott-park/\" target=\"_blank\">Cape Scott Provincial Park</a>", "Layer Title": "Campsite", "Latitude": 50.66827, "Longitude": -128.35475, "x": -14288385.678, "y": 6562823.049 }, "geometry": { "type": "Point", "coordinates": [ -128.35475, 50.66827 ] } },
{ "type": "Feature", "properties": { "Title": "Lawn Point east", "Description": "Dispersed site secondary", "Land Tenure": "Provincial Park", "Tent Sites": "nan", "Landing Comments": "Pebble beach with easy to moderate landing depending on conditions. Surf possible.", "Camp Comments": "Beach camping. More sheltered from wind, more secluded than main Lawn Point site. Random wilderness camping permitted. No fees (2018).", "Other Comments": "Attractive. See <a href=\"https://bcparks.ca/lawn-point-park/\" target=\"_blank\" style=\"color:blue\">Lawn Point Provincial Park</a>", "Layer Title": "Dispersed Site", "Latitude": 50.32245, "Longitude": -127.95528, "x": -14243916.981000001, "y": 6502306.907 }, "geometry": { "type": "Point", "coordinates": [ -127.95528, 50.32245 ] } },
{ "type": "Feature", "properties": { "Title": "Heater Point", "Description": "Dispersed site primary", "Land Tenure": "Provincial Recreation Site", "Tent Sites": "2 - 4", "Landing Comments": "Easy landing on moderate gradient sand beach. NE aspect  Protected from W, SW. Landing on beaches on SW side of point subject to surf.", "Camp Comments": "Beach sites on NE aspect beach. More space near point. Additional unlimited sites on other beaches but access more difficult due to surf.", "Other Comments": "Possible water at creek, from small lake, crossing beach approx 200 m to E. Take rough trail across headland to beach on opposite side then head south across small 2nd headland to next beach, at the end of that beach is a very large cave work visiting.", "Layer Title": "Campsite", "Latitude": 50.29091, "Longitude": -127.85564, "x": -14232824.495, "y": 6496809.606 }, "geometry": { "type": "Point", "coordinates": [ -127.85564, 50.29091 ] } },
{ "type": "Feature", "properties": { "Title": "Klaskino Anchorage", "Description": "Informal site secondary", "Land Tenure": "Provincial Recreation Reserve", "Tent Sites": "10 +", "Landing Comments": "Protected from SE, SW. More protected in bad weather than Heater Point.", "Camp Comments": "Camp on gravel bench NE of creek. Roomy, protected site.", "Other Comments": "Water at creek. Provincial Boat Haven.", "Layer Title": "Informal Site", "Latitude": 50.29583, "Longitude": -127.81649, "x": -14228466.025, "y": 6497666.906 }, "geometry": { "type": "Point", "coordinates": [ -127.81649, 50.29583 ] } },
{ "type": "Feature", "properties": { "Title": "Red Point", "Description": "Informal site primary", "Land Tenure": "Provincial Forest", "Tent Sites": "10 - 14", "Landing Comments": "Easy on steep exposed beach of cobble, pebble, sand, bedrock in cove N side Parson Bay. S aspect. At E end of beach. Dark slate outcrop nearby. Easier at mid to high water. Many rocks at low water.", "Camp Comments": "Sheltered, attractive cleared tent sites. 3 tents on the lower level. A long and steep hike leads to many tent sites in the forest. Occasional commercial use reported.", "Other Comments": "Views, wildlife viewing. Geological features, fossils. Good view of Blackney Passage. Vessel traffic.", "Layer Title": "Informal Site", "Latitude": 50.58607, "Longitude": -126.67817, "x": -14101749.824, "y": 6548398.175 }, "geometry": { "type": "Point", "coordinates": [ -126.67817, 50.58607 ] } },
{ "type": "Feature", "properties": { "Title": "Turnour Island", "Description": "Informal site primary", "Land Tenure": "Provincial Forest", "Tent Sites": "7 - 10", "Landing Comments": "Bay N of rocky islet. Shell beach at mid water levels. Rock shelf, muck, clam bed at very low water. A few boulders. Land on either side of rocky peninsula. S side preferred.", "Camp Comments": "Upland semi-developed level tent sites on duff in open second growth forest. Rustic furniture. Hammock opportunities. Additional level forest sites approx. 50 -100 m uphill.", "Other Comments": "Large, well-established site.", "Layer Title": "Informal Site", "Latitude": 50.60462, "Longitude": -126.56613, "x": -14089276.698000001, "y": 6551651.341 }, "geometry": { "type": "Point", "coordinates": [ -126.56613, 50.60462 ] } },
{ "type": "Feature", "properties": { "Title": "Leg Cove", "Description": "Campsite primary", "Land Tenure": "Crown (Hanson Island Lease)", "Tent Sites": "5", "Landing Comments": "Sheltered sand, gravel, cobble beach in cove. NW aspect. Strong currents in Weynton Passage, Plumper Islands.", "Camp Comments": "Semi-developed spacious site in forested upland. Rough kitchen.", "Other Comments": "Attractive. Whale watching. Aka Mossy Knoll. One of the few sites on Hanson I that is sanctioned by Yukusam Heritage Society for public use.", "Layer Title": "Campsite", "Latitude": 50.57573, "Longitude": -126.77667, "x": -14112713.982000001, "y": 6546586.228 }, "geometry": { "type": "Point", "coordinates": [ -126.77667, 50.57573 ] } },
{ "type": "Feature", "properties": { "Title": "Keith River", "Description": "Informal site primary", "Land Tenure": "Provincial Forest", "Tent Sites": "4 - 6", "Landing Comments": "Easy landing protected by rocks, reef, on low gradient sand beach.", "Camp Comments": "10-20 or more good all-tide beach sites.", "Other Comments": "Attractive. May walk on beach to Keith River Estuary on most tides.", "Layer Title": "Informal Site", "Latitude": 50.333, "Longitude": -127.87228, "x": -14234677.386, "y": 6504146.639 }, "geometry": { "type": "Point", "coordinates": [ -127.87228, 50.333 ] } },
{ "type": "Feature", "properties": { "Title": "Keith River Site 3", "Description": "Informal site secondary", "Land Tenure": "Provincial Forest", "Tent Sites": "3", "Landing Comments": "Easy landing on protected sand, gravel beach. Drift logs.", "Camp Comments": "Drift logs hinder beach camping but sites can be found.", "Other Comments": "Attractive.", "Layer Title": "Informal Site", "Latitude": 50.3304, "Longitude": -127.86708, "x": -14234098.602, "y": 6503693.142 }, "geometry": { "type": "Point", "coordinates": [ -127.86708, 50.3304 ] } },
{ "type": "Feature", "properties": { "Title": "Wy ash Island (Island 44)", "Description": "Dispersed site primary", "Land Tenure": "Aboriginal Title Land", "Tent Sites": "10 - 14", "Landing Comments": "Easy on sand, gravel beach. Sheltered on N, E sides. Gradient 3 to 5 percent. N aspect. Beaches on S shore, E point similar but more exposed to swell, wind.", "Camp Comments": "Random camping allowed. No fees (2018). Most of tent sites on beach. Undeveloped sites on gravel bench at high water line on N side and in protected clearings in trees. 'Green Throne' toilets placed next to each other at NW corner of island. (July 2024: New Toilet Material has been delivered. 2 food cache bins. Some tent sites on S shore at undeveloped beach sites, also at SE point on gravel, pebble tombolo or in adjacent forest.", "Other Comments": "150 m hiking trail across to S beach. Gravel bar to Nuchatlitz Island IR to E dries on low tides. Sea otters. Aka Island 44. See: <a href=\"https://bcparks.ca/nuchatlitz-park/\" target=\"_blank\" style=\"color:blue\">Nuchatlitz Provincial Park</a>.This site is located within the Nuchatlaht Nation's Aboriginal Title Lands. See map of the Title area <a href=\"https://www.bcmarinetrails.org/wp-content/uploads/2025/05/nuchatlaht_title.jpg\" target=\"_blank\" style=\"color:blue\">here</a>. Look up term of <a href=\"https://www.bcmarinetrails.org/first-nations-guidelines/\" target=\"_blank\" style=\"color:blue\"> Aboriginal Title lands</a> in our glossary.", "Layer Title": "Dispersed Site", "Latitude": 49.80998, "Longitude": -126.98147, "x": -14135512.592, "y": 6413433.338 }, "geometry": { "type": "Point", "coordinates": [ -126.98147, 49.80998 ] } },
{ "type": "Feature", "properties": { "Title": "Belmont Point", "Description": "Campsite primary", "Land Tenure": "Provincial Recreation Site", "Tent Sites": "5", "Landing Comments": "Easy on broad sand, pebble beach. S aspect. Protected. Gradient 3-5%. Beach opposite near creek subject to surf.", "Camp Comments": "Beach camping.", "Other Comments": "Attractive. Water at creek at SE side of beach, via 500 m beach walk. Flowing July 2025, so might be year-round. Recreation Site REC6081.", "Layer Title": "Campsite", "Latitude": 49.7933, "Longitude": -126.92343, "x": -14129051.965, "y": 6410555.697 }, "geometry": { "type": "Point", "coordinates": [ -126.92343, 49.7933 ] } },
{ "type": "Feature", "properties": { "Title": "Cow Bay", "Description": "Dispersed site primary", "Land Tenure": "Provincial Park", "Tent Sites": "20 +", "Landing Comments": "Exposed to surf, some submerged rocks. The SE and NW beaches offer more protection. Landing by the creek on south and slightly west end of Cow Bay is a protected area to land.", "Camp Comments": "Random wilderness camping. Entire beach suitable for camping. Most popular places are SE end, NW beach or near information kiosk, tent pads, bear cache, pit toilets on SE beach.", "Other Comments": "Attractive. Water at year-round stream crossing centre of W (Fourth) beach. Also seasonal creeks at other beaches e.g. near SE site. Avoid private residence at Fourth Beach - W'most beach, Camp instead on W side of stream or in another bay. Whale viewing. Wild Side hiking Trail to Ahousaht village has $25 trail use fee (2018) for area outside park. No camping fees (2018). See <a href=http://www.wildsidetrail.com target=_blank style=color:blue>Wildside Trail</a> for more info. See: <a href=https://bcparks.ca/flores-island-park/ target=_blank style=color:blue>Flores Island Provincial Park</a>", "Layer Title": "Dispersed Site", "Latitude": 49.26925, "Longitude": -126.13547, "x": -14041336.536, "y": 6320670.805 }, "geometry": { "type": "Point", "coordinates": [ -126.13547, 49.26925 ] } },
{ "type": "Feature", "properties": { "Title": "Half Moon Beach Flores Island", "Description": "Dispersed site primary", "Land Tenure": "Provincial Park", "Tent Sites": "10 +", "Landing Comments": "Easy to difficult landing on sand beach, depending on wind, swell. Exposed to SW. Rocks, boomers, some surf.", "Camp Comments": "Lots of space on beach above high water.", "Other Comments": "Attractive. Spectacular views. Do not confuse with Half Moon Bay near Tofino in Pacific Rim Park. See: <a href=\"https://bcparks.ca/flores-island-park/\" target=\"_blank\" style=\"color:blue\">Flores Island Provincial Park</a>", "Layer Title": "Dispersed Site", "Latitude": 49.35579, "Longitude": -126.22964, "x": -14051819.181, "y": 6335448.631 }, "geometry": { "type": "Point", "coordinates": [ -126.22964, 49.35579 ] } },
{ "type": "Feature", "properties": { "Title": "Experiment Bight", "Description": "Campsite primary", "Land Tenure": "Provincial Park", "Tent Sites": "10", "Landing Comments": "Moderate on sand beach in wide bay. N aspect. Exposed with surf likely. W side normally preferred.", "Camp Comments": "Exposed on sand. Pit toilet at Guise Bay. Camping fees apply 1 May to 30 September. Either pre-pay permit via Internet or at San Josef Bay trailhead or pay site host, but no reservable sites.", "Other Comments": "Less busy than other Cape Scott beaches. See: <a href=\"https://bcparks.ca/cape-scott-park/\" target=\"_blank\" style=\"color:blue\">Cape Scott Provincial Park</a>", "Layer Title": "Campsite", "Latitude": 50.7751, "Longitude": -128.41117, "x": -14294665.689, "y": 6581607.522 }, "geometry": { "type": "Point", "coordinates": [ -128.41117, 50.7751 ] } },
{ "type": "Feature", "properties": { "Title": "Goodnuff Beach", "Description": "Informal site secondary", "Land Tenure": "Provincial Recreation Reserve", "Tent Sites": "2", "Landing Comments": "Easy on protected pocket gravel beach at high water, large smooth rocks at low water. E aspect.", "Camp Comments": "Small sloped beach margin sites. Dense vegetation in upland. Reported space for 1 hammock. Marginal due to small size.", "Other Comments": "Marginal site but suitable for emergency or transitory use.", "Layer Title": "Informal Site", "Latitude": 50.77697, "Longitude": -127.53597, "x": -14197238.871, "y": 6581936.136 }, "geometry": { "type": "Point", "coordinates": [ -127.53597, 50.77697 ] } },
{ "type": "Feature", "properties": { "Title": "Nels Bight", "Description": "Campsite secondary", "Land Tenure": "Provincial Park", "Tent Sites": "20", "Landing Comments": "Some surf, long low gradient sand beach. Exposed but protected from S, NE", "Camp Comments": "Beach or sheltered upland sites. Pit toilet. Food caches. Camping fees apply 1 May to 30 September. Either pre-pay permit via Internet or at San Josef Bay trailhead or pay site host, but no reservable sites. Ranger cabin (Park Facility Operator) at mid beach, reported to be open for public use Oct - May. Sleeps 6.", "Other Comments": "Water at creek or pipe. Most popular Cape Scott site with hikers. Can be very busy. See: <a href=\"https://bcparks.ca/cape-scott-park/\" target=\"_blank\" style=\"color:blue\">Cape Scott Provincial Park</a>", "Layer Title": "Campsite", "Latitude": 50.78225, "Longitude": -128.36768, "x": -14289825.139, "y": 6582866.279 }, "geometry": { "type": "Point", "coordinates": [ -128.36768, 50.78225 ] } },
{ "type": "Feature", "properties": { "Title": "Newcastle Island Saysutshun", "Description": "Campsite primary", "Land Tenure": "Marine Provincial Park", "Tent Sites": "15 +", "Landing Comments": "Generally easy, depending on water level. Land in channel between Newcastle, Protection Islands. Protected S or E aspect. Sand beach adjacent to boat shed. Mixed beaches of gravel, bedrock, sand, smaller rocks elsewhere. Oyster band at low water. Dinghy dock (fee charged), other options but hauling out boats officially restricted to developed S end of island. Vessel traffic.", "Camp Comments": "Developed year round campground inland 300 m. from official landing beach. Picnic tables. Flush, vault toilets, hot showers. Dining shelters, food bins at some group sites. Pavilion. Food sold in summer. 5 large additional field sites for group camping nearer beach. Small boats may be wheeled or carried to campsites. Reservations available for half of sites. reservable mid-May to early-Sept. Fees apply year-round $18/night per party summer,$11 winter (2024). <a href=https://camping.bcparks.ca/ target=_blank>BC Parks</a>", "Other Comments": "Water at taps, extensive hiking trails, museum, history, wildlife. Frequent foot passenger ferry to Nanaimo. Anchorage, small vessel dock. See: <a href=https://bcparks.ca/saysutshun-newcastle-island-marine-park/ target=_blank style=color:blue>Newcastle Island Marine Provincial Park</a>. Snuneymuxw First Nation manage site.", "Layer Title": "Campsite", "Latitude": 49.18267, "Longitude": -123.92893, "x": -13795705.749, "y": 6305913.14 }, "geometry": { "type": "Point", "coordinates": [ -123.92893, 49.18267 ] } },
{ "type": "Feature", "properties": { "Title": "Descanso Bay Regional Park", "Description": "Campsite primary", "Land Tenure": "Regional", "Tent Sites": "30 +", "Landing Comments": "Easy on protected rock shelf at high water or small gravel beach at low water.", "Camp Comments": "Developed year-round vehicle-accessible campground. Short walk from shore to camping area. Picnic tables, fire pits, flush, chemical toilets. Many sites have room for 2 tents. May reserve to be closer to water 250-247-8255. Resident attendant. Potable water.", "Other Comments": "595 Taylor Bay Road. Water at pumps. Kayak rentals avaiable. 1 km to ferry, village. Parking. Vehicle access by ferry from Nanaimo. 16 ha park run by Regional District of Nanaimo. Adjacent 50 ha Cox Community Park has hiking trails. See: <a href=https://www.rdn.bc.ca/descanso-bay-regional-park target=_blank style=color:blue>Descanso Bay Regional Park</a>.", "Layer Title": "Campsite", "Latitude": 49.1825, "Longitude": -123.86167, "x": -13788217.666, "y": 6305884.751 }, "geometry": { "type": "Point", "coordinates": [ -123.86167, 49.1825 ] } },
{ "type": "Feature", "properties": { "Title": "Hardy Bay northwest", "Description": "Informal site secondary", "Land Tenure": "Provincial Forest", "Tent Sites": "2", "Landing Comments": "Easy on sheltered beach of small stones in protected cove. E aspect.", "Camp Comments": "Camp on pea gravel below drift logs, 1 large level site, 1 more smaller site. Site floods in tides above 4.6m. Subject to occasional drift log movement. No upland sites seen but if brushed has low slope so likely would yield hammock & tent sites.", "Other Comments": "Attractive. Conveniently close to Pt Hardy.", "Layer Title": "Informal Site", "Latitude": 50.76042, "Longitude": -127.49108, "x": -14192242.106000001, "y": 6579023.712 }, "geometry": { "type": "Point", "coordinates": [ -127.49108, 50.76042 ] } },
{ "type": "Feature", "properties": { "Title": "Pig Ranch", "Description": "Informal site primary", "Land Tenure": "Crown Conservancy", "Tent Sites": "3 - 4", "Landing Comments": "Moderate gradient pebble beach in second bay from S. Beach floods at high water - logs awash. Boat run in mid beach section. W aspect. Exposed to NW wind.", "Camp Comments": "Sheltered attractive tent sites in sloped forest. many more tent sites if brushed. Rustic kitchen area. Small trails between sites. Hammock opportunities. Composting toilet reported but not seen 2023.", "Other Comments": "Water at seasonal creek but not seen 2023. Former commercial site - Views. See <a href=\"https://bcparks.ca/qwiquallaaq-boat-bay-conservancy/\" target=\"_blank\" style=\"color:blue\">Qwiquallaaq/Boat Bay Conservancy</a>.", "Layer Title": "Dispersed Site", "Latitude": 50.52865, "Longitude": -126.60927, "x": -14094079.099, "y": 6538337.101 }, "geometry": { "type": "Point", "coordinates": [ -126.60927, 50.52865 ] } },
{ "type": "Feature", "properties": { "Title": "Pig Ranch South Point", "Description": "Informal site secondary", "Land Tenure": "Crown Conservancy", "Tent Sites": "3 - 5", "Landing Comments": "Moderately steep beach with many boulders at low water, smoother pebble, cobble, scattered boulders above. W aspect. Exposed to NW. Another rougher beach across neck of point offers access from S.", "Camp Comments": "Semi exposed attractive sites in open at forest edge. Old platforms in disrepair (2023). Rustic kitchen area, table, benches. Additional sites if cleared of brush, debris. Currently not used commercially.", "Other Comments": "Attractive. View. Trail nearby to Eagle Eye whale lookout, Boat Bay. See <a href=https://bcparks.ca/qwiquallaaq-boat-bay-conservancy/ target=_blank style=color:blue>Qwiquallaaq/Boat Bay Conservancy</a>. See 2013 management plan.", "Layer Title": "Dispersed Site", "Latitude": 50.52713, "Longitude": -126.61345, "x": -14094545.116, "y": 6538071.455 }, "geometry": { "type": "Point", "coordinates": [ -126.61345, 50.52713 ] } },
{ "type": "Feature", "properties": { "Title": "Sophia Islands west", "Description": "Informal site secondary", "Land Tenure": "Crown Conservancy", "Tent Sites": "2", "Landing Comments": "Easy, rock/pebble/cobble only at mid water levels. Most or all beaches flood at high water making landing difficult on angular bedrock. Boulders present at low water. Exposed E aspect. Larger W island of group. Another high water landing beach reported on S side but unverified, unlikely viable at Springs.", "Camp Comments": "Exposed, attractive small tent sites in open just above shoreline requiring difficult access up steep rocks. Challenging place to load, unload stow boats. At least 2 parties have tried to camp here but have given up.", "Other Comments": "View, wild flowers. See <a href=https://bcparks.ca/qwiquallaaq-boat-bay-conservancy/ target=_blank style=color:blue>Qwiquallaaq/Boat Bay Conservancy</a>.", "Layer Title": "Dispersed Site", "Latitude": 50.53435, "Longitude": -126.63485, "x": -14096927.464, "y": 6539335.319 }, "geometry": { "type": "Point", "coordinates": [ -126.63485, 50.53435 ] } },
{ "type": "Feature", "properties": { "Title": "Francisco Island", "Description": "Dispersed site primary", "Land Tenure": "Provincial Recreation Site", "Tent Sites": "6", "Landing Comments": "Easy on protected pebble, cobble low gradient beach in either of two bays. S bay rougher, long carry at low water with some outcrops, boulders. Bay to NW has easier shore access but further from tent sites. SW aspect. Tidal rapids nearby. Landing on E shore subject to strong currents.", "Camp Comments": "3 sites brushed out at head of S bay. 2 sites brushed out at NW bay.", "Other Comments": "Attractive. View. Staging for local channels. Rough trail leads to W bay", "Layer Title": "Campsite", "Latitude": 50.28835, "Longitude": -125.20798, "x": -13938088.944, "y": 6496363.549 }, "geometry": { "type": "Point", "coordinates": [ -125.20798, 50.28835 ] } },
{ "type": "Feature", "properties": { "Title": "Surge Narrows north", "Description": "Dispersed site secondary", "Land Tenure": "Provincial Park", "Tent Sites": "2 - 3", "Landing Comments": "Boat run through low gradient beach slightly to right of obvious grassy camp area viewed from water. Beach floods entirely. Strong currents nearby. Kelp. SE aspect, Beware of broken glass in beach silt.", "Camp Comments": "Large open grass area between beach, forest. Sunny. Long grass can make summer tenting awkward.", "Other Comments": "Water at seasonal stream. View. Walking trail around point. See <a href=\"https://bcparks.ca/surge-narrows-park/\" target=\"_blank\" style=\"color:blue\">Surge Narrows Park</a>.", "Layer Title": "Dispersed Site", "Latitude": 50.23772, "Longitude": -125.14244, "x": -13930793.154, "y": 6487546.577 }, "geometry": { "type": "Point", "coordinates": [ -125.14244, 50.23772 ] } },
{ "type": "Feature", "properties": { "Title": "Robertson Cove south", "Description": "Dispersed site primary", "Land Tenure": "Marine Provincial Park", "Tent Sites": "4 - 6", "Landing Comments": "Easy on varied shingle, pebble, cobble beach. Exposed to W.", "Camp Comments": "1 clear upland sloping forest site. 2-3 sites on pebbles at either end of beach. Hammock opportunities. Pit toilet. Potential for many additional tent sites. User maintained wilderness site.", "Other Comments": "Attractive, view. Old road. Hiking trail from centre beach 260 m to Robertson Lake on S side of creek which is often dry. Hike 10 min up trail for year-round water. See <a href=https://bcparks.ca/hathayim-marine-park-aka-von-donop-marine-park/ target=_blank style=color:blue>Ha'thayim (Von Donop) Marine Provincial Park</a>", "Layer Title": "Dispersed Site", "Latitude": 50.19389, "Longitude": -124.9752, "x": -13912175.626, "y": 6479922.13 }, "geometry": { "type": "Point", "coordinates": [ -124.9752, 50.19389 ] } },
{ "type": "Feature", "properties": { "Title": "White Cliff Islets", "Description": "Dispersed site secondary", "Land Tenure": "Marine Provincial Park", "Tent Sites": "6 - 8", "Landing Comments": "Drying cove on SE of largest islet. Lifting boats from here is not easy. Alternative high water landing on exposed sloped rock shelf, slippery at low water. Feasible at low water when barnacles exposed. Visit only in settled weather, low swell, low wind. Little significant protection from wind, swell if conditions turn rough during or after landing. Waters to NE towards Owl I quickly turn rough when large ebb runs out of Knight Inlet.", "Camp Comments": "Exposed, no shade. Grassy areas or level rock ledges offer some shelter from wind. Prone to overcrowding by large groups. Paddlers are known to have used NW islet as overflow site but not recommended. Essential to use sanitation method recommended in Code of Conduct.", "Other Comments": "Attractive. View. Wildlife viewing. See <a href=\"https://bcparks.ca/broughton-archipelago-park/\" target=\"_blank\" style=\"color:blue\">Broughton Archipelago Provincial Park</a>.", "Layer Title": "Dispersed Site", "Latitude": 50.65228, "Longitude": -126.72868, "x": -14107372.494000001, "y": 6560015.623 }, "geometry": { "type": "Point", "coordinates": [ -126.72868, 50.65228 ] } },
{ "type": "Feature", "properties": { "Title": "Owl Island north", "Description": "Campsite primary", "Land Tenure": "Marine Provincial Park", "Tent Sites": "10", "Landing Comments": "Pebble beach, small cobble, gravel in small cove at NW side of island. Mud at low water. N aspect. Boat run suited to tides to 0.1 m.", "Camp Comments": "Open, spacious treed upland site. Mouldering toilet. Heavy use including by guided commercial groups. 2 rustic kitchen areas. Numerous hammock opportunities.", "Other Comments": "Attractive. Small trail leads across neck of land to boulder beach with W aspect for evening sun. See <a href=\"https://bcparks.ca/broughton-archipelago-park/\" target=\"_blank\" style=\"color:blue\">Broughton Archipelago Provincial Park</a>", "Layer Title": "Campsite", "Latitude": 50.6495, "Longitude": -126.695, "x": -14103622.886, "y": 6559526.957 }, "geometry": { "type": "Point", "coordinates": [ -126.695, 50.6495 ] } },
{ "type": "Feature", "properties": { "Title": "Diana Island east", "Description": "Informal site primary", "Land Tenure": "Crown, Crown tenure - Section 17 designated use area", "Tent Sites": "2 - 5", "Landing Comments": "Pocket sand beach facing Helby Island. Low to moderate gradient. Protected NE aspect. Good for most water levels but little beach at high water. Floods at Springs. Some boulders at W end at high water.", "Camp Comments": "Semi-cleared flat upland sites reported for 2 tents in the trees 10 m above beach. Potential for 4 more. Beach camping unreliable at Springs. Camp furniture. Basic toilet but not reported by most recent visitor. Hammock opportunities.", "Other Comments": "Attractive. Easy access.", "Layer Title": "Informal Site", "Latitude": 48.84737, "Longitude": -125.18357, "x": -13935371.19, "y": 6249003.084 }, "geometry": { "type": "Point", "coordinates": [ -125.18357, 48.84737 ] } },
{ "type": "Feature", "properties": { "Title": "Turn Bay Recreation Site", "Description": "Informal site secondary", "Land Tenure": "Provincial Forest, Provincial Recreation Reserve", "Tent Sites": "3", "Landing Comments": "Easy on low gradient sand, pebble, cobble beach in small bay. Beach mostly floods. W aspect but generally well protected.", "Camp Comments": "Undeveloped. Camp on moderately level sites in open forest with easy shore access at creek mouth. Minor brushing, levelling likely needed. Numerous hammock opportunities.", "Other Comments": "Water at seasonal creek. Previously named East Thurlow Island west 1, Walkem Islands inside 1. Recreation Site (Reserve) named Turn Bay but it lies outside of Turn Bay proper. 8 Ha area.", "Layer Title": "Informal Site", "Latitude": 50.3614, "Longitude": -125.49726, "x": -13970290.712, "y": 6509101.097 }, "geometry": { "type": "Point", "coordinates": [ -125.49726, 50.3614 ] } },
{ "type": "Feature", "properties": { "Title": "Ramillies Channel ínaḵa Lhaxwm", "Description": "Campsite primary", "Land Tenure": "Provincial Recreation Site", "Tent Sites": "5 - 7", "Landing Comments": "Wide 7% gradient sand, gravel, pebble beach in small bay. Scattered boulders. NE aspect. Beach may flood at Springs. Drift logs. Prominent sign visible from water. Similar beaches to N.", "Camp Comments": "Small level upland forest sites along narrow grassy bench just behind beach. Other possible small sites on pebble berm between drift logs except at Springs. Further options nearby. Composting toilet along shore trail heading to N up bank. All upland at the S end of the beach is private property. Please do not go beyond centre beach or posted signs. 2 aluminum food bins. Picnic table. Visitor log book. Fire bucket.", "Other Comments": "View. Attractive. Year-round water available 1 NM N at Gambier Creek. Squamish (Coast Salish) name ínaḵa Lhaxwm. Please do not trespass on adjacent private property immediately to S. Site stewards: Sea Kayak Assn of BC.", "Layer Title": "Campsite", "Latitude": 49.50088, "Longitude": -123.34182, "x": -13730348.229, "y": 6360282.146 }, "geometry": { "type": "Point", "coordinates": [ -123.34182, 49.50088 ] } },
{ "type": "Feature", "properties": { "Title": "Bold Island", "Description": "Informal site secondary", "Land Tenure": "Provincial Recreation Reserve", "Tent Sites": "1 - 2", "Landing Comments": "Moderate on steep cobble, boulder beach. SW aspect. Drift logs. Easier access at high water. Protected except from S.", "Camp Comments": "Undeveloped. Camp on old road that flattens above beach to W or on E side of beach. Minor brushing, levelling likely needed. Hammock opportunities.", "Other Comments": "View. Secluded. Walking on old roads feasible. Beach fires are banned all year round.", "Layer Title": "Informal Site", "Latitude": 50.16312, "Longitude": -125.16848, "x": -13933691.824, "y": 6474572.849 }, "geometry": { "type": "Point", "coordinates": [ -125.16848, 50.16312 ] } },
{ "type": "Feature", "properties": { "Title": "Undercover Cove", "Description": "Informal site secondary", "Land Tenure": "Provincial Forest", "Tent Sites": "4 +", "Landing Comments": "Easy at all tides on steep beach of small cobbles. No large visible rocks at mid tide. SW aspect. Beach is not obvious at high water. BCMTN sign.", "Camp Comments": "Short trail rises to level upland area. 4 cleared tent sites in sparse undergrowth, trees.", "Other Comments": "Short hiking trail to lookout, further beach to E. Two small boat storage areas on upland above beach, beside sign or above beach centre. Cache location: 50.500366°N; 127.770371°W", "Layer Title": "Informal Site", "Latitude": 50.50056, "Longitude": -127.77031, "x": -14223326.193, "y": 6533418.734 }, "geometry": { "type": "Point", "coordinates": [ -127.77031, 50.50056 ] } },
{ "type": "Feature", "properties": { "Title": "Lewis Channel south", "Description": "Informal site secondary", "Land Tenure": "Provincial Forest", "Tent Sites": "2 - 4", "Landing Comments": "Unmaintained boat run on sharp rough boulder beach over coarse gravel. Low gradient at low water, but steep at high water. Some protection. W aspect.", "Camp Comments": "Undeveloped. Fire pit. Flat area on headland for large tent, more sloping area for smaller tent. 1 or 2 mmall sites on coarse gravel at beach top, also1 small grassy spot reported by beach. Some overgrowth.", "Other Comments": "Afternoon sun on bluff to N. Aka West Redonda.", "Layer Title": "Informal Site", "Latitude": 50.15121, "Longitude": -124.86953, "x": -13900412.44, "y": 6472503.179 }, "geometry": { "type": "Point", "coordinates": [ -124.86953, 50.15121 ] } },
{ "type": "Feature", "properties": { "Title": "Okisollo north entrance", "Description": "Informal site secondary", "Land Tenure": "Provincial Recreation Reserve", "Tent Sites": "5", "Landing Comments": "Easy in sheltered, shallow bay. Mud, pebble, tidal grass. Bay dries at low water.", "Camp Comments": "Sites in open forest or on narrow grassy bank. Damp grassy area near shore. Some reporters say it is gloomy.", "Other Comments": "Water at creek.", "Layer Title": "Informal Site", "Latitude": 50.2901, "Longitude": -125.36748, "x": -13955844.403000001, "y": 6496668.456 }, "geometry": { "type": "Point", "coordinates": [ -125.36748, 50.2901 ] } },
{ "type": "Feature", "properties": { "Title": "Howcraft Bay", "Description": "Informal site secondary", "Land Tenure": "Provincial Forest", "Tent Sites": "3 - 5", "Landing Comments": "Low gradient mixed beach in large semi-protected bay. Long carry at low water. Patches of sand at all tide levels. Scattered boulders, bedrock outcrops. SW aspect.", "Camp Comments": "Camp among drift logs on sand beach at neaps or on beach grass by creek at higher water levels. Beach at N end reported dry at 3.9 m water level. Dense vegetation makes upland camping difficult but upland access feasible.", "Other Comments": "Attractive. Water at seasonal creek crossing centre beach. Island at bay mouth 11 m high, not 1 m as charted on CHS 3547. CMTs.", "Layer Title": "Informal Site", "Latitude": 50.84027, "Longitude": -127.07352, "x": -14145759.35, "y": 6593088.175 }, "geometry": { "type": "Point", "coordinates": [ -127.07352, 50.84027 ] } },
{ "type": "Feature", "properties": { "Title": "Warren Islands north", "Description": "Informal site secondary", "Land Tenure": "Crown", "Tent Sites": "2", "Landing Comments": "Land at NE point on bedrock ramp or on shell, boulder tiny beach. Protected from W.", "Camp Comments": "Small bluff sites at NE tip. Fire ring, camp furniture. Easy carry.", "Other Comments": "Attractive. View.", "Layer Title": "Informal Site", "Latitude": 50.58728, "Longitude": -126.17167, "x": -14045365.745, "y": 6548611.167 }, "geometry": { "type": "Point", "coordinates": [ -126.17167, 50.58728 ] } },
{ "type": "Feature", "properties": { "Title": "Deep Harbour Narrows", "Description": "Informal site secondary", "Land Tenure": "Provincial Forest", "Tent Sites": "4", "Landing Comments": "Protected rough beach with broken rocks, some scattered boulders. Moderate gradient. NE aspect.", "Camp Comments": "3 sites on grassy forest edge, subject to moderate tides. Could be damp in wet weather. 1 site on duff at forest margin. Adjacent inactive log dump to W has overgrown level sites in former clearings or roads, subject to brushing. Hammock opportunities.", "Other Comments": "Attractive. Water possible but unlikely at seasonal stream crossing landing. Inactive log dump (2004, 2014) to W. Seasketch shows no licence or tenure here so industrial tenure might be retired.", "Layer Title": "Informal Site", "Latitude": 50.79811, "Longitude": -126.564, "x": -14089040.144, "y": 6585659.823 }, "geometry": { "type": "Point", "coordinates": [ -126.564, 50.79811 ] } },
{ "type": "Feature", "properties": { "Title": "Call Inlet north entrance", "Description": "Informal site secondary", "Land Tenure": "Provincial Forest", "Tent Sites": "1", "Landing Comments": "Beach of angular cobble beach with gravel above. Land at creek mouth fan.", "Camp Comments": "Site on bank of W creek in open woods. Hammock opportunities. Another site is 200 m to W in level forest at grassy beach top. Steep forest behind. Poor landing on boulders.", "Other Comments": "Water at year-round creek, flowing during mid-July 2023 drought.", "Layer Title": "Informal Site", "Latitude": 50.58405, "Longitude": -126.18447, "x": -14046791.18, "y": 6548043.878 }, "geometry": { "type": "Point", "coordinates": [ -126.18447, 50.58405 ] } },
{ "type": "Feature", "properties": { "Title": "Cattle Islands north", "Description": "Dispersed site secondary", "Land Tenure": "Provincial Recreation Site", "Tent Sites": "1", "Landing Comments": "Sand beach. Channel protected, suited for lining out boat.", "Camp Comments": "N of sand tombolo. Quite long carry.", "Other Comments": "nan", "Layer Title": "Dispersed Site", "Latitude": 50.71649, "Longitude": -127.40265, "x": -14182397.589, "y": 6571297.255 }, "geometry": { "type": "Point", "coordinates": [ -127.40265, 50.71649 ] } },
{ "type": "Feature", "properties": { "Title": "Estítkw Apodaca", "Description": "Campsite primary", "Land Tenure": "Provincial Park", "Tent Sites": "4", "Landing Comments": "Moderate gradient coarse gravel beach in small drying cove. Boulders with wide gaps at low water. S aspect. Sheltered from N outflow wind but exposed to S. Little or no beach area at Springs. Prone to accumulate drift logs. Ship wash from frequent passing ferries. Vessel traffic.", "Camp Comments": "4 tent platforms on level mossy benches high above beach. Access trail up steep bank near creek steers users away from sensitive bluffs. No fires. No overflow sites - to preserve vegetation. Composting green throne roofless toilet. Food cache bin, Canoe/kayak rack. Kiosk with signage", "Other Comments": "Attractive. View. Seasonal water at Optimist Creek. Waterfall, pool. Ecological values unique rocky knoll vegetation. Higher elevations are Ecological Reserve. See <a href=https://bcparks.ca/apodaca-park/ target=_blank style=color:blue>Apodaca Provincial Park</a> Squamish language name (Coast Salish) Estítkw. Pronunciation <a href=https://nrs.objectstore.gov.bc.ca/kuwyyf/estitkw_park_name_audio_ab43483a30.m4a/ target=_blank style=color:blue>how to pronounce name</a>", "Layer Title": "Campsite", "Latitude": 49.35346, "Longitude": -123.33931, "x": -13730069.429, "y": 6335050.812 }, "geometry": { "type": "Point", "coordinates": [ -123.33931, 49.35346 ] } },
{ "type": "Feature", "properties": { "Title": "Islet View Lhemlhemḵwús", "Description": "Campsite primary", "Land Tenure": "Provincial Recreation Site", "Tent Sites": "7", "Landing Comments": "Cleared boat run through boulder beach, 5-10% grade. Substrate pebble, sand, mud. S aspect. Protected by low treeless rock islet. Prominent sign visible from water.", "Camp Comments": "2 small, 1 larger cleared sites along upland strip of level ground. 2 or more sites up trail with steps to composting toilet. 2 wooden tent platforms along shore to E. Steel food bin. Any fires must be on beach only. Visitor log book, shared picnic table. Some users have blocked use of some tent sites with table etc. Please share this small site, its table and beach fire ring with other users.", "Other Comments": "Attractive. View. Very small seasonal creek. Larger year round creek, waterfall 250 m to SW accessible by boat only. Avoid disturbing birds, seals on islet. Squamish (Coast Salish) name Lhemlhemḵwús. Site stewards: Sea Kayak Assn of BC.", "Layer Title": "Campsite", "Latitude": 49.58232, "Longitude": -123.29774, "x": -13725442.145, "y": 6374251.953 }, "geometry": { "type": "Point", "coordinates": [ -123.29774, 49.58232 ] } },
{ "type": "Feature", "properties": { "Title": "Von Donop entrance", "Description": "Dispersed site secondary", "Land Tenure": "Marine Provincial Park", "Tent Sites": "2 - 4", "Landing Comments": "Easy on pebble, cobble beach. Drift logs. Protected by islet.", "Camp Comments": "Level clearing in upland forest. Undeveloped user maintained dispersed camping. Might be partly overgrown.", "Other Comments": "View. See <a href=\"https://bcparks.ca/hathayim-marine-park-aka-von-donop-marine-park/\" target=\"_blank\" style=\"color:blue\">Ha'thayim (Von Donop) Marine Provincial Park</a>. Hazard - please note there are many snags and danger trees on this site. Not recommended on any windy day. Exercise caution.", "Layer Title": "Dispersed Site", "Latitude": 50.18167, "Longitude": -124.9825, "x": -13912988.258, "y": 6477796.958 }, "geometry": { "type": "Point", "coordinates": [ -124.9825, 50.18167 ] } },
{ "type": "Feature", "properties": { "Title": "Elk Bay", "Description": "Campsite primary", "Land Tenure": "Provincial Recreation Site", "Tent Sites": "9", "Landing Comments": "Easy, on pebble beach but exposed to N.", "Camp Comments": "Vehicle accessible site can also accommodate tents. 2 sites are S of creek, separate from main group. Toilets, picnic tables, fire rings. Maintained.", "Other Comments": "Water at creek. View. Boat launch. See:  Elk Bay Recreation Site", "Layer Title": "Campsite", "Latitude": 50.27453, "Longitude": -125.42669, "x": -13962435.463, "y": 6493956.882 }, "geometry": { "type": "Point", "coordinates": [ -125.42669, 50.27453 ] } },
{ "type": "Feature", "properties": { "Title": "Cinque Bay", "Description": "Informal site secondary", "Land Tenure": "Provincial Forest, Provincial Recreation Reserve", "Tent Sites": "2", "Landing Comments": "Two bays on Sonora Is 150 m apart separated by rocky promontory.  S bay has better beach of sand, pebblr, cobble, boulders. N bay landing rougher with sharp rocks, Beaches mostly flood at high water. W aspect. Ship wash.", "Camp Comments": "Undeveloped marginal sites. Camp in trees. Some brushing needed. N site rougher than S but less damp..", "Other Comments": "Water in N bay at stream from lake, so may be year-round. Aka Cinque Islands inside.", "Layer Title": "Informal Site", "Latitude": 50.30205, "Longitude": -125.39983, "x": -13959445.589, "y": 6498750.838 }, "geometry": { "type": "Point", "coordinates": [ -125.39983, 50.30205 ] } },
{ "type": "Feature", "properties": { "Title": "Loggers Bay", "Description": "Informal site secondary", "Land Tenure": "Provincial Recreation Reserve", "Tent Sites": "6", "Landing Comments": "Easy, pebble beach, exposed. Rougher with boulders on N side at low water. Currents, vessel traffic.", "Camp Comments": "Exposed to W. Large site. Camp either side of creek on grass in alders or on grassy small headland on N side of bay.", "Other Comments": "View. Water at small seasonal creek. View. Aka 'South of Point 45'. John Kimantas gives position as 50 12.75N 125 21.39W. Believed to be former log dump. Beach fires are banned all year round.", "Layer Title": "Informal Site", "Latitude": 50.21239, "Longitude": -125.35539, "x": -13954498.016000001, "y": 6483140.402 }, "geometry": { "type": "Point", "coordinates": [ -125.35539, 50.21239 ] } },
{ "type": "Feature", "properties": { "Title": "Arm Islands", "Description": "Informal site secondary", "Land Tenure": "Crown tenure - Section 17 designated use area", "Tent Sites": "1 - 2", "Landing Comments": "Pocket gravel beach among boulders on E side at NE tip of main, longest island. Protected from all directions.", "Camp Comments": "Small lumpy upland forest margin sites above landing. Might flood at Springs. Hammock opportunities.", "Other Comments": "Water at seasonal creek 150 m to E on mainland shore. Passage to N reported navigable by small craft at all water levels to N of small islet. Seasketch shows as Provincial Forest or Crown rather than Sec 17 Reserve, so land tenure unclear.", "Layer Title": "Informal Site", "Latitude": 50.99325, "Longitude": -127.51424, "x": -14194819.709000001, "y": 6620100.343 }, "geometry": { "type": "Point", "coordinates": [ -127.51424, 50.99325 ] } },
{ "type": "Feature", "properties": { "Title": "Deep Harbour south", "Description": "Informal site secondary", "Land Tenure": "Provincial Forest", "Tent Sites": "1", "Landing Comments": "Small shell, pebble beach. N end of beach between rock points.", "Camp Comments": "Usable tent site seen. Access to forest up steep bank. Several potential sites if brushed or deadfall moved. Lumpy site, steeper behind. Marginal as camp.", "Other Comments": "Year-round water reported approx 50 m up from creek mouth but not viewed July 2023. Might be former village site along E bank of main creek. Musgamakw Dzawada’enuxw traditional territory sign.", "Layer Title": "Informal Site", "Latitude": 50.79505, "Longitude": -126.56981, "x": -14089686.354, "y": 6585120.376 }, "geometry": { "type": "Point", "coordinates": [ -126.56981, 50.79505 ] } },
{ "type": "Feature", "properties": { "Title": "Sangster Island", "Description": "Emergency Pullout", "Land Tenure": "Private upland, public foreshore", "Tent Sites": "n/a", "Landing Comments": "Long sand, pebble beach.Drift logs. SE aspect. Smaller beach on opposite side of peninsula has NW aspect, so one or other should be sheltered.", "Camp Comments": "Entire island is private. Foreshore suited to short-term bivouac or emergency camp.", "Other Comments": "Situated close to crossing from Winchelseas to Lasqueti.", "Layer Title": "Emergency Pullout", "Latitude": 49.42554, "Longitude": -124.19572, "x": -13825404.131, "y": 6347378.14 }, "geometry": { "type": "Point", "coordinates": [ -124.19572, 49.42554 ] } },
{ "type": "Feature", "properties": { "Title": "Peel Island west", "Description": "Campsite secondary", "Land Tenure": "Provincial Recreation Site", "Tent Sites": "4 - 6", "Landing Comments": "2 small beaches of white shell at high water, boulders, weed at low water. SW aspect. Easier access from S.", "Camp Comments": "At one time, semi-developed camp with covered picnic shelter. Subsequently returned to more natural state, so might need minor brushing. Open to NW wind.", "Other Comments": "Windows and garbage collected on site March 2025. View of Fort Rupert and Seven Hills Peninsula.", "Layer Title": "Campsite", "Latitude": 50.72662, "Longitude": -127.40527, "x": -14182690.204, "y": 6573078.009 }, "geometry": { "type": "Point", "coordinates": [ -127.40527, 50.72662 ] } },
{ "type": "Feature", "properties": { "Title": "Thornbrough Channel txwnaḿ Chá7elkwnech", "Description": "Campsite primary", "Land Tenure": "Provincial Recreation Site", "Tent Sites": "9", "Landing Comments": "Cleared boat run on small cobbles, pebble, through gaps in boulders, 5-10% grade.  Exposed S aspect. Several options at low water but limited pocket beach only at high water. Prone to blockage by drift logs. Alternate beach 30 m to W at creek mouth has smaller more rounded stones, but access to tent sites more awkward. Reasonable portable boat stowage at beach top at candelabra cedars. Prominent sign visible from water.", "Camp Comments": "2 very small level cleared sites in steep forested upland near landing. 4 large wooden tent platforms, several other small sites on open mossy rock bluffs to SW accessed by bridge across creek then up steep, rough trail. 200 m carry to upper sites. Composting toilet on trail high above landing. Aluminum food bin near landing below trail, lower tent sites. Second bin higher. Visitor log book. 2 picnic tables intended for sharing near platforms. Fire bucket at landing. No fires in upland.", "Other Comments": "Water at seasonal creek. Sunny beach, bluff, view. Keep to cleared trails on bluffs to prevent damage to mosses, vegetation. Squamish (Coast Salish) name txwnaḿ Chá7elkwnech. Aka Thornbrough Point. Site stewards: Sea Kayak Assn of BC.", "Layer Title": "Campsite", "Latitude": 49.55583, "Longitude": -123.36268, "x": -13732670.754000001, "y": 6369706.008 }, "geometry": { "type": "Point", "coordinates": [ -123.36268, 49.55583 ] } },
{ "type": "Feature", "properties": { "Title": "Rathtrevor", "Description": "Campsite secondary", "Land Tenure": "Provincial Park", "Tent Sites": "100 +", "Landing Comments": "Low gradient sand beach in Craig Bay. Exposed. From E very long (900 m) carry at low water. From N or NE approx 200 m carry to cobble spit at Brandt Point. Advisable to avoid low water due to tidally-dependent access.", "Camp Comments": "Large developed campground, Walk-in tent camping in separate pleasant field with picnic tables. Full facilities including water, parking, washrooms, showers, picnic tables, shelters. Playground. Nature house. Group sites. Reservations <a href=https://camping.bcparks.ca/ target=_blank>BC Parks</a>", "Other Comments": "3 km S of Parksville on Highway 19A, Take exit 51 off Inland Island Highway (Highway 19) and follow signs. Water at taps, Wildlife viewing. Attractive. See: <a href=https://bcparks.ca/rathtrevor-beach-park/ target=_blank>Rathtrevor Beach Park</a> Fees apply year-round.", "Layer Title": "Campsite", "Latitude": 49.32105, "Longitude": -124.26378, "x": -13832981.025, "y": 6329514.01 }, "geometry": { "type": "Point", "coordinates": [ -124.26378, 49.32105 ] } },
{ "type": "Feature", "properties": { "Title": "Christie Passage", "Description": "Dispersed site secondary", "Land Tenure": "Marine Provincial Park", "Tent Sites": "unknown", "Landing Comments": "Not visible from main passage. Protected beach in sheltered bay approx. 500 m SW of God's Pocket resort.", "Camp Comments": "Up steep bank 4 M high on obvious midden. A nice sand/rock beach that is accessible both low and high tides. 4 - 5 tent sites are available in the grass area as well the forest. . No facilities. Random wilderness camping. No fees charged. Obvious midden location, so avoid all fires except on beach. 50° 50.278'N 127° 35.618'W", "Other Comments": "Entrance to the campsite area is very steep. Alternate entrance under trees to the left of main entrance is not as steep. See: <a href=\"https://bcparks.ca/gods-pocket-marine-park/\" target=\"_blank\" style=\"color:blue\">God's Pocket Marine Provincial Park</a>", "Layer Title": "Dispersed Site", "Latitude": 50.83799, "Longitude": -127.59361, "x": -14203656.017000001, "y": 6592685.733 }, "geometry": { "type": "Point", "coordinates": [ -127.59361, 50.83799 ] } },
{ "type": "Feature", "properties": { "Title": "Walkem Bay central 2", "Description": "Informal site secondary", "Land Tenure": "Provincial Forest", "Tent Sites": "4", "Landing Comments": "Easy landing on cobble beach. Sw aspect.", "Camp Comments": "Easy upland access. Mossy forest with some level areas. Minor brushing likely needed.", "Other Comments": "Site lies on border with Turn Bay Recreation Site immediately to N.", "Layer Title": "Informal Site", "Latitude": 50.3603, "Longitude": -125.49882, "x": -13970464.548, "y": 6508909.431 }, "geometry": { "type": "Point", "coordinates": [ -125.49882, 50.3603 ] } },
{ "type": "Feature", "properties": { "Title": "Walkem Bay central 1", "Description": "Informal site secondary", "Land Tenure": "Provincial Forest", "Tent Sites": "4", "Landing Comments": "Small rough beach of cobble, boulders. SW aspect.", "Camp Comments": "Access at creek mouth through dense salal forest fringe to open dark forest with some level areas.", "Other Comments": "Water at seasonal creek.", "Layer Title": "Informal Site", "Latitude": 50.3579, "Longitude": -125.49659, "x": -13970216.128, "y": 6508489.209 }, "geometry": { "type": "Point", "coordinates": [ -125.49659, 50.3579 ] } },
{ "type": "Feature", "properties": { "Title": "Bear Beach", "Description": "Campsite secondary", "Land Tenure": "Provincial Park", "Tent Sites": "10 - 14", "Landing Comments": "Difficult on exposed rocky beach of cobble, some boulders at high water. Sand at low water. Potential for high surf, particularly in Fall, Winter, Spring. Swell normal. Watch for a back eddy at the point that gives protection from surf.", "Camp Comments": "10 platforms added 2023/24. 2 food bins. Pit toilet. Access to camping area via hiking trail reportedly requires 3 m or lower tide height, but unclear if this is maximum tide level to access site from landing beach. Approximate location only. Fire pits. Camping fees apply year-round. May pre-pay permit via Internet, but no reservable sites. Fee $10.00 per adult per night (2018) via BC Parks Backcountry Registration System.", "Other Comments": "Hiker use. Old growth forest. On Juan De Fuca hiking trail. See: <a href=\"https://bcparks.ca/juan-de-fuca-park/\" target=\"_blank\" style=\"color:blue\">Juan de Fuca Provincial Park</a>.", "Layer Title": "Campsite", "Latitude": 48.45225, "Longitude": -124.17361, "x": -13822942.723, "y": 6182426.036 }, "geometry": { "type": "Point", "coordinates": [ -124.17361, 48.45225 ] } },
{ "type": "Feature", "properties": { "Title": "Meade Bay south", "Description": "Informal site secondary", "Land Tenure": "Provincial Forest", "Tent Sites": "3", "Landing Comments": "Rock ledges at point W of islet or rough beach adjacent to smooth rocks.", "Camp Comments": "At moderate tides camp on flat bedrock shelf rock at shore.", "Other Comments": "Attractive. View.", "Layer Title": "Informal Site", "Latitude": 50.70383, "Longitude": -126.59333, "x": -14092305.401000001, "y": 6569071.528 }, "geometry": { "type": "Point", "coordinates": [ -126.59333, 50.70383 ] } },
{ "type": "Feature", "properties": { "Title": "Bassett Bay", "Description": "Dispersed site primary", "Land Tenure": "Provincial Recreation Site", "Tent Sites": "8", "Landing Comments": "Easy on protected beach of gravel, large pebbles, small cobble. Larger rocks at low water. E aspect.", "Camp Comments": "Camp on possibly damp road end. 3 or 4 above beach, others to N of creek in upland. Some local access evident. Benches for hikers at trail end. Fallen tree blocks one site (2017). Potential for additional sites.", "Other Comments": "Water at seasonal creek at N end of beach by campsites. Recreation Site or Reserve. Mainly intended for Eagle Lake where setup is for day use. Well-marked trail or rough road connects on S branch to Eagle Lake, Big Bay (3 km), on N branch to airstrip (1 km) . Bassett Bay is local name; not charted. Anchorage. Another possible site lies 450 m NE but has poorer landing.", "Layer Title": "Campsite", "Latitude": 50.40934, "Longitude": -125.12026, "x": -13928323.865, "y": 6517469.901 }, "geometry": { "type": "Point", "coordinates": [ -125.12026, 50.40934 ] } },
{ "type": "Feature", "properties": { "Title": "Meade Bay northeast", "Description": "Informal site secondary", "Land Tenure": "Provincial Forest", "Tent Sites": "4", "Landing Comments": "Creek mouth in cove at NE side of bay. Protected clam bed beach with cobble, some boulders at top. W aspect.", "Camp Comments": "Large level site in second growth forest on N side of estuary above a small flat.", "Other Comments": "Water at year-round creek.", "Layer Title": "Informal Site", "Latitude": 50.70716, "Longitude": -126.58256, "x": -14091106.0, "y": 6569656.754 }, "geometry": { "type": "Point", "coordinates": [ -126.58256, 50.70716 ] } },
{ "type": "Feature", "properties": { "Title": "Kains Beach", "Description": "Informal site secondary", "Land Tenure": "Provincial Forest", "Tent Sites": "10 +", "Landing Comments": "Rocky approach. Seek the clear entry route through from Pinnacle Island to prominent sea stack near shore.", "Camp Comments": "Roomy sand, pebble beach. Some protection from SW, NW. Might be little room at Springs.", "Other Comments": "Attractive. View.", "Layer Title": "Informal Site", "Latitude": 50.45541, "Longitude": -128.0342, "x": -14252701.681, "y": 6525522.011 }, "geometry": { "type": "Point", "coordinates": [ -128.0342, 50.45541 ] } },
{ "type": "Feature", "properties": { "Title": "Favada Point south", "Description": "Informal site secondary", "Land Tenure": "Provincial Forest", "Tent Sites": "2 - 3", "Landing Comments": "Moderate landing on slightly steep cobble beach in small cove. Pebble, drift logs at top. Floods at Springs. 3 other possible landings in coves to NW.", "Camp Comments": "Camp on beach or forest margin except during Springs when 1 or 2 small sites high on mossy bluffs may be used, Hammock opportunities. Brushing, levelling could yield more tent sites.", "Other Comments": "Water at seasonal stream. Flagged trail leads up bluffs to unknown destination, possibly residence.", "Layer Title": "Informal Site", "Latitude": 49.72831, "Longitude": -124.62305, "x": -13872974.578, "y": 6399355.678 }, "geometry": { "type": "Point", "coordinates": [ -124.62305, 49.72831 ] } },
{ "type": "Feature", "properties": { "Title": "Texada Island north", "Description": "Emergency Pullout", "Land Tenure": "Private upland, Public Foreshore", "Tent Sites": "n/a", "Landing Comments": "200 mm boulders low tide, 75 mm cobble at high tide.", "Camp Comments": "Pocket beach may flood at Springs. Upland awkward to access but at least 1 party camped here.", "Other Comments": "Marginal site but potentially useful in a pinch.", "Layer Title": "Emergency Pullout", "Latitude": 49.79738, "Longitude": -124.60019, "x": -13870429.347, "y": 6411259.67 }, "geometry": { "type": "Point", "coordinates": [ -124.60019, 49.79738 ] } },
{ "type": "Feature", "properties": { "Title": "Grilse Point", "Description": "Informal site primary", "Land Tenure": "Government of Canada", "Tent Sites": "8", "Landing Comments": "Easy to moderate om steep cobble, pebble, gravel beach at all tides, 15% slope. Vessel traffic. Optional cove landing on E shore with possibility of more protection but longer more awkward carry.", "Camp Comments": "Undeveloped, Occasionally also used for camping. Attractive flat gravel berm area just above beach but not visible from water level. Some shelter. Sites on grass roadway also feasible,", "Other Comments": "View. Large quarries nearby. Ferry service to Powell R from Blubber Bay, 0.7 NM to SW. Land tenure relates to navigation, communications aids on shore.", "Layer Title": "Informal Site", "Latitude": 49.80248, "Longitude": -124.60618, "x": -13871096.875, "y": 6412139.435 }, "geometry": { "type": "Point", "coordinates": [ -124.60618, 49.80248 ] } },
{ "type": "Feature", "properties": { "Title": "Fegen Islets west", "Description": "Dispersed site primary", "Land Tenure": "Marine Provincial Park", "Tent Sites": "8", "Landing Comments": "Steep wide gravel beach at SE corner of islet. High water access easier. NE aspect.", "Camp Comments": "Roomy beach camping on gravel. Exposed.", "Other Comments": "Attractive. View. See <a href=\"https://bcparks.ca/sabine-channel-marine-park/\" target=\"_blank\" style=\"color:blue\">Sabine Channel Marine Provincial Park</a>", "Layer Title": "Dispersed Site", "Latitude": 49.52105, "Longitude": -124.38491, "x": -13846464.955, "y": 6363740.306 }, "geometry": { "type": "Point", "coordinates": [ -124.38491, 49.52105 ] } },
{ "type": "Feature", "properties": { "Title": "Powerline east", "Description": "Informal site primary", "Land Tenure": "Crown", "Tent Sites": "6 - 8", "Landing Comments": "Sheltered landing near creek mouth, large boulder, on beach of rounded cobble. NE aspect.", "Camp Comments": "Grassy sites among trees. Camp furniture. upland fire ring. Close to creek bank.", "Other Comments": "Water at creek with near year-round flow. Trail, BC Hydro access road nearby leading to primary island roads. AKA Long Beach.", "Layer Title": "Informal Site", "Latitude": 49.62964, "Longitude": -124.2823, "x": -13835042.573000001, "y": 6382381.36 }, "geometry": { "type": "Point", "coordinates": [ -124.2823, 49.62964 ] } },
{ "type": "Feature", "properties": { "Title": "Powerline west", "Description": "Informal site primary", "Land Tenure": "UREP  Provincial Recreation Reserve", "Tent Sites": "4", "Landing Comments": "Low to moderate gradient smooth beach of gravel, pebble, sand. Drift logs. S aspect. Larger E beach preferred over SW aspect beach under lines. Protected from several directions by rocky islet.", "Camp Comments": "Grass areas under trees. Possible beach top sites. Hammock opportunities. Sites further from lines likely to be found 300 m to SE along beach. Another suitable potential camping beach lies 0.5 NM to SE.", "Other Comments": "Water at large seasonal creek 300 m to SE. RD Official Community Plan notes as UREP with high recreational potential. Mapping shows BC Hydro right of way for transmission line. Some land near shore Crown lease. West Texada Island Cable Terminal. Road might be private (gated) until it joins FSR Davie Bay/Shingle Beach Roads 400 m from Terminal.", "Layer Title": "Informal Site", "Latitude": 49.5896, "Longitude": -124.35758, "x": -13843422.705, "y": 6375502.83 }, "geometry": { "type": "Point", "coordinates": [ -124.35758, 49.5896 ] } },
{ "type": "Feature", "properties": { "Title": "Cockburn Roberts Homesite", "Description": "Dispersed site primary", "Land Tenure": "Regional", "Tent Sites": "10 +", "Landing Comments": "Pea gravel, 15% slope at low water. S aspect.", "Camp Comments": "Semi-developed. 10 or more tent sites on several grassy level areas, some on old roadbed. Unenclosed pit toilet (Green Throne) presumably installed by Regional District. Several 'No Fires' signs on this and adjacent BC Hydro site. Camping neither officially sanctioned nor prohibited by Regional District but known to occur ,evidently tolerated.", "Other Comments": "Beach locally known as Harry's Beach (after Harry Roberts). Old home nearby at W end on adjacent leased property owned by BC Hydro is historic Roberts homestead Sunray. Boundary not marked between private land held by BC Hydro, SCRD Regional Park. Respectful camping without fire use also permitted there. Avoid entering sensitive wetlands behind beach area.", "Layer Title": "Dispersed Site", "Latitude": 49.67319, "Longitude": -124.18817, "x": -13824564.092, "y": 6389869.128 }, "geometry": { "type": "Point", "coordinates": [ -124.18817, 49.67319 ] } },
{ "type": "Feature", "properties": { "Title": "Buccaneer Bay", "Description": "Campsite primary", "Land Tenure": "Provincial Park", "Tent Sites": "5", "Landing Comments": "Easy on moderate gradient sand beach in large semi-enclosed bay, protected from waves from most directions. E aspect. Landing also easy but more exposed on outer W aspect sand beach.", "Camp Comments": "Camp in designated sites only in sandy flats. 2 pit toilets. 5 Fire rings. 5 Picnic tables. Metal food cache. No reservable sites, no user fees (2023). Park operator reported to not tolerate overflow camping if designated sites already occupied. Paddlers, boaters have been required to move at short notice. Site has no wind or sun protection except for pole structures that could be enclosed with a tarp.", "Other Comments": "View, trail to N Thormanby boat dock. Aka Grassy Point. Frequent use by power boaters. See <a href=https://bcparks.ca/buccaneer-bay-park/ target=_blank style=color:blue>Buccaneer Bay Provincial Park</a>", "Layer Title": "Campsite", "Latitude": 49.495, "Longitude": -123.99058, "x": -13802568.596000001, "y": 6359273.753 }, "geometry": { "type": "Point", "coordinates": [ -123.99058, 49.495 ] } },
{ "type": "Feature", "properties": { "Title": "Broken Islands Lodge", "Description": "Commercial", "Land Tenure": "Private", "Tent Sites": "n/a", "Landing Comments": "Paddlers can launch from beach in front of the lodge or possibly from the dock.", "Camp Comments": "n/a; Broken Islands Lodge houses paddlers.", "Other Comments": "The Broken Islands Lodge provides round trip water taxi transportation from Bamfield or Toquart Bay (soon to open again) for $90, including the kayak. Find the rates <a href=https://www.brokenislandslodge.com/water-taxi-rates target=_blank style=color:blue>here</a>. The MV Frances Barkley also arrives and unloads kayaks or canoes at the dock in front of Broken Islands Lodge but is cancelled for 2021.", "Layer Title": "Private or Commercial", "Latitude": 48.95658, "Longitude": -125.256, "x": -13943434.139, "y": 6267497.646 }, "geometry": { "type": "Point", "coordinates": [ -125.256, 48.95658 ] } },
{ "type": "Feature", "properties": { "Title": "Raynor Islands south", "Description": "Informal site primary", "Land Tenure": "Provincial Forest", "Tent Sites": "4 - 6", "Landing Comments": "Moderate gradient sand beach at low water, cobble above. Scattered boulders. N aspect. Beach wraps around W side of island, also to NE side. Exposed to NW but in lee of other islands. Protected from SE. One side or other should be protected in most conditions.", "Camp Comments": "Access upland at hung float. 4+ open forest clear tent sites. Hammock opportunities. Beach sites reported, but none seen that has tidal clearance.", "Other Comments": "None.", "Layer Title": "Informal Site", "Latitude": 50.87837, "Longitude": -127.21437, "x": -14161439.113, "y": 6599806.919 }, "geometry": { "type": "Point", "coordinates": [ -127.21437, 50.87837 ] } },
{ "type": "Feature", "properties": { "Title": "Okeover Arm Tuxwnech", "Description": "Campsite primary", "Land Tenure": "Provincial Park", "Tent Sites": "20", "Landing Comments": "Easy access on shallow steps from parking area, walk-in sites to rough low gradient beach with scattered boulders. E aspect. Close to Okeover public harbour.", "Camp Comments": "14 vehicle access sites, 2 double sites, 4 walk-in sites open seasonally. 4 smaller walk-in sites open all year. Light forest.", "Other Comments": "Water at tap. Swimming. 4 ha park. Overnight pay parking nearby if leaving campsite. See: <a href=\"https://bcparks.ca/okeover-arm-park/\" target=\"_blank\" style=\"color:blue\">Okeover Arm Provincial Park</a>", "Layer Title": "Campsite", "Latitude": 49.99191, "Longitude": -124.71508, "x": -13883219.311000001, "y": 6444874.913 }, "geometry": { "type": "Point", "coordinates": [ -124.71508, 49.99191 ] } },
{ "type": "Feature", "properties": { "Title": "Chop Bay west", "Description": "Informal site secondary", "Land Tenure": "Provincial Forest", "Tent Sites": "3 - 4", "Landing Comments": "Low gradient clam bed beach with pebble, scattered boulders in protected bay. Expect long carry at low water. SE aspect.", "Camp Comments": "Tent sites in second growth forest.", "Other Comments": "Attractive.", "Layer Title": "Informal Site", "Latitude": 50.65284, "Longitude": -126.51624, "x": -14083723.414000001, "y": 6560113.367 }, "geometry": { "type": "Point", "coordinates": [ -126.51624, 50.65284 ] } },
{ "type": "Feature", "properties": { "Title": "Henrietta Island", "Description": "Informal site secondary", "Land Tenure": "Crown Conservancy", "Tent Sites": "4 - 6", "Landing Comments": "Protected beach clam bed beach, moderate gradient, with pebble, cobble, scattered boulders. Rougher at top.", "Camp Comments": "Tent sites subject to brushing on small plateau where slope behind beach flattens. Little undergrowth. Hammock opportunities.", "Other Comments": "No comments.", "Layer Title": "Dispersed Site", "Latitude": 50.66362, "Longitude": -126.62789, "x": -14096152.124, "y": 6562005.436 }, "geometry": { "type": "Point", "coordinates": [ -126.62789, 50.66362 ] } },
{ "type": "Feature", "properties": { "Title": "Baronet Passage east", "Description": "Informal site secondary", "Land Tenure": "Provincial Forest", "Tent Sites": "4 - 6", "Landing Comments": "Rough beach of gravel at high water but boulders at lower water levels. Clam bed below.", "Camp Comments": "Tent sites in level, open forest with minor brushing. Beach top tent sites on gravel feasible at most tides.", "Other Comments": "No comments.", "Layer Title": "Informal Site", "Latitude": 50.55633, "Longitude": -126.54411, "x": -14086825.554, "y": 6543185.892 }, "geometry": { "type": "Point", "coordinates": [ -126.54411, 50.55633 ] } },
{ "type": "Feature", "properties": { "Title": "Baronet Passage north", "Description": "Informal site primary", "Land Tenure": "Provincial Forest", "Tent Sites": "6 - 8", "Landing Comments": "Large protected bay with broad clam bed beach. Moderate to low gradient. Cobble, some boulders. Long carry at low water, so use at high water suggested. S aspect.", "Camp Comments": "Beach top tent sites on gravel will be dry at most tides. Level second growth forest could take 2-4 additional tents with brushing, clearing of minor branches. Hammock opportunities.", "Other Comments": "Spacious. Stream mapped at centre bay but not seen 2023.", "Layer Title": "Informal Site", "Latitude": 50.55384, "Longitude": -126.63029, "x": -14096419.736, "y": 6542749.961 }, "geometry": { "type": "Point", "coordinates": [ -126.63029, 50.55384 ] } },
{ "type": "Feature", "properties": { "Title": "Grassy Island Plumper Islands", "Description": "Dispersed site secondary", "Land Tenure": "Marine Provincial Park", "Tent Sites": "3", "Landing Comments": "Land on exposed rock ledges. NW shore preferred. Strong currents.", "Camp Comments": "Exposed sites on rock lacking shade.", "Other Comments": "Attractive. View. See <a href=\"https://bcparks.ca/cormorant-channel-marine-park/\" target=\"_blank\" style=\"color:blue\">Cormorant Channel Marine Park</a>.", "Layer Title": "Dispersed Site", "Latitude": 50.59311, "Longitude": -126.78979, "x": -14114174.638, "y": 6549632.056 }, "geometry": { "type": "Point", "coordinates": [ -126.78979, 50.59311 ] } },
{ "type": "Feature", "properties": { "Title": "Claydon Bay", "Description": "Dispersed site primary", "Land Tenure": "Provincial Recreation Site", "Tent Sites": "4 - 6", "Landing Comments": "Protected beach of cobble, rubble, scattered boulders. Few drift logs. At low water likely low gradient clam bed, 200 m long carry. SE aspect.", "Camp Comments": "Tent sites on grass banks or in jumbled second growth forest. Many additional sites if brushed or deadfall removed. Hammock opportunities. Some areas damp where tributaries enter main stream.", "Other Comments": "Water at year-round stream. Remains of large wharf. Large 142 Ha. Provincial Recreation Site. Anchorage.", "Layer Title": "Dispersed Site", "Latitude": 50.9306, "Longitude": -126.90216, "x": -14126684.054, "y": 6609026.129 }, "geometry": { "type": "Point", "coordinates": [ -126.90216, 50.9306 ] } },
{ "type": "Feature", "properties": { "Title": "Little Flower Islet", "Description": "Informal site secondary", "Land Tenure": "Provincial Recreation Reserve", "Tent Sites": "3", "Landing Comments": "Protected tiny coves of gravel, bedrock, mussels, cobble on either side of isthmus between Hutt Island and islet. Low water landing easier. Challenging at high water on steep sloping bedrock. Exposed to wind, swell.", "Camp Comments": "Fragile grassy, mossy upland areas in tiny arbutus grove. No fires. Picnic table (2017)", "Other Comments": "View. Attractive. Google names islet Hart Island (Formerly Passarini).", "Layer Title": "Informal Site", "Latitude": 49.41088, "Longitude": -123.37815, "x": -13734393.312000001, "y": 6344869.599 }, "geometry": { "type": "Point", "coordinates": [ -123.37815, 49.41088 ] } },
{ "type": "Feature", "properties": { "Title": "Olivia Islet", "Description": "Informal site secondary", "Land Tenure": "Crown", "Tent Sites": "2 - 3", "Landing Comments": "Land at boulder gully on steep NE shore of islet.", "Camp Comments": "Up gully to right are small flat spots in trees, tall salal. Brushing likely needed. Short carry.", "Other Comments": "Better suited to lined out boat rather than canoe or kayak due to awkward land stowage for portable boats.", "Layer Title": "Informal Site", "Latitude": 50.8915, "Longitude": -126.61333, "x": -14094531.791, "y": 6602123.723 }, "geometry": { "type": "Point", "coordinates": [ -126.61333, 50.8915 ] } },
{ "type": "Feature", "properties": { "Title": "Anvils Foot", "Description": "Informal site secondary", "Land Tenure": "Provincial Forest", "Tent Sites": "unknown", "Landing Comments": "Difficult on gently sloping smooth bedrock shelf at high water in tiny cove, some exposure to winds, swells.  Shelf may carry stream drainage in wet weather. Unknown landing at low water. NE aspect.", "Camp Comments": "Potential for several tents in upland light forest, salal on gentle slopes. Steeper slopes immediately behind lower area.", "Other Comments": "Unlikely haven on inhospitable shore. Water at seasonal creeks. Benches also exist to N & S where determined paddlers could land on bedrock ledges to possibly camp on a bluff.", "Layer Title": "Informal Site", "Latitude": 49.5391, "Longitude": -123.29202, "x": -13724805.119000001, "y": 6366834.618 }, "geometry": { "type": "Point", "coordinates": [ -123.29202, 49.5391 ] } },
{ "type": "Feature", "properties": { "Title": "Montagu Channel east", "Description": "Informal site secondary", "Land Tenure": "Crown", "Tent Sites": "2 - 3", "Landing Comments": "Steep beach 15-20 % slope, sharp 75 mm gravel at all water levels in small cove. NW aspect.", "Camp Comments": "2 undeveloped upland sites on grass among small trees, one additional site possibly on bluff.", "Other Comments": "Awkward 4 m climb to upland bluff. Trains run infrequently on track immediately above. No highway access.", "Layer Title": "Informal Site", "Latitude": 49.53915, "Longitude": -123.25085, "x": -13720222.296, "y": 6366844.602 }, "geometry": { "type": "Point", "coordinates": [ -123.25085, 49.53915 ] } },
{ "type": "Feature", "properties": { "Title": "Maggy Point", "Description": "Campsite primary", "Land Tenure": "Crown Conservancy", "Tent Sites": "5 - 7", "Landing Comments": "Easy in bay N of Rough Islets. SW aspect. Pebble, gravel beach, with cobbles, boulders at sides. Moderate gradient. Protected from N, E, SE. Currents to 3 kt in Swanson Passage.", "Camp Comments": "Sites in forest. Pole shed kitchen shelter in need of minor roof repair 2023. Camp furniture. 5 tent platforms, new 2025. Food bin. Composting toilet.", "Other Comments": "Former commercial site. Short trail to nearby Rough Islets site. Wildlife viewing. See <a href=\"https://bcparks.ca/broughton-archipelago-park/\" target=\"_blank\" style=\"color:blue\">Broughton Archipelago Provincial Park</a>.", "Layer Title": "Campsite", "Latitude": 50.60905, "Longitude": -126.6774, "x": -14101663.919, "y": 6552429.179 }, "geometry": { "type": "Point", "coordinates": [ -126.6774, 50.60905 ] } },
{ "type": "Feature", "properties": { "Title": "Brem Bay", "Description": "Informal site secondary", "Land Tenure": "Provincial Forest", "Tent Sites": "8", "Landing Comments": "Low gradient beach of mud, 50 - 70 mm rocks leading to grassy estuary wetland. Might be island.", "Camp Comments": "Clearing under trees for several tents at wetland margin. More sites feasible with brushing. Coordinates given as N50D 26.026M,W124D 40.408M", "Other Comments": "Water at river. Salmon Bay Indian Reserve lies immediately W. N Frazer suggests camping 150 m S near the breakwater by the log dump. It at W end of beach to E of breakwater. Comment that carry over mud is too far at this side and easier by jetty, on NE corner but in IR.", "Layer Title": "Informal Site", "Latitude": 50.43375, "Longitude": -124.67354, "x": -13878594.454, "y": 6521734.916 }, "geometry": { "type": "Point", "coordinates": [ -124.67354, 50.43375 ] } },
{ "type": "Feature", "properties": { "Title": "Deep Bay Jedediah Island", "Description": "Campsite secondary", "Land Tenure": "Marine Provincial Park", "Tent Sites": "3 - 4", "Landing Comments": "Steep shoreline at cove head. Small rough beach. Sheltered. Often used by boaters with tenders. Little boat stowage room ashore.", "Camp Comments": "Dispersed camping permitted. Nearest to bay, sloped sites under trees adjacent to pit toilet 50 m above landing. Camping fees apply 15 May to 15 September. May pre-pay permit via Internet, but no reservable sites. Fee $5.00 per person per night (2024) via BC Parks Backcountry Registration System. Better camping located at Log Boom Bay approx 400 m along trail but that location unsanctioned by BC Parks.", "Other Comments": "Popular anchorage with stern tie rings. Extensive hiking trails. See <a href=\"https://bcparks.ca/jedediah-island-marine-park/\" target=\"_blank\" style=\"color:blue\">Jedediah Island Provincial Marine Park</a>", "Layer Title": "Dispersed Site", "Latitude": 49.50482, "Longitude": -124.21235, "x": -13827255.007, "y": 6360956.223 }, "geometry": { "type": "Point", "coordinates": [ -124.21235, 49.50482 ] } },
{ "type": "Feature", "properties": { "Title": "Lady Ellen Point", "Description": "Informal site secondary", "Land Tenure": "Crown", "Tent Sites": "2 - 5", "Landing Comments": "Gravel, sand, pebble beach, moderately steep. A few drift logs. Exposed NW aspect.", "Camp Comments": "Sites in level forest. Old tarp camp seen 2023 to W of point, possibly same long term squat seen in 2002, presumably using trail/road access.", "Other Comments": "Mapped trail access on Lady Ellen Point Trail, branching from Ledge Point Main, likely de-activated industrial roads. From shore estimated 10 min walk to road.", "Layer Title": "Informal Site", "Latitude": 50.61314, "Longitude": -127.12896, "x": -14151930.647, "y": 6553146.042 }, "geometry": { "type": "Point", "coordinates": [ -127.12896, 50.61314 ] } },
{ "type": "Feature", "properties": { "Title": "Sir Thomas Lipton", "Description": "Campsite primary", "Land Tenure": "Regional", "Tent Sites": "7 - 10", "Landing Comments": "Low gradient beach of sand, silt, pebble, small rocks at head of sheltered West Bay. S aspect. Land near creek mouth, large sign visible from water.", "Camp Comments": "Undeveloped sites along shore or in open forest. Some close to large painted sign facing seaward, others further E. Pit toilet adjacent to graded gravel access road leading to New Brighton. Rough connecting trails involve minor creek crossing. No fires permitted, but one fire pit remains. Deadfall reported on some potential tenting areas. Avoid camping under deciduous trees especially broadleaf maples.", "Other Comments": "Attractive. Year-round water at McDonald (or MacDonald) Creek or tributary 'Butcher Brook'. Small waterfall. Historic shipwreck. Sunshine Coast Regional District Park. Derelict dock washed up on beach. Road access no longer requires crossing gated private land (2022). Observe Rockfish Conservation Area in West Bay - no angling.", "Layer Title": "Campsite", "Latitude": 49.47163, "Longitude": -123.40171, "x": -13737015.142000001, "y": 6355269.696 }, "geometry": { "type": "Point", "coordinates": [ -123.40171, 49.47163 ] } },
{ "type": "Feature", "properties": { "Title": "Logan Creek", "Description": "Emergency Pullout", "Land Tenure": "National Park Reserve", "Tent Sites": "unknown", "Landing Comments": "At water levels of 1.7 m or higher moderate but safe landing on rocky beach protected by reef. More difficult at lower water levels.", "Camp Comments": "Established but unattractive campsite. Better suited for day use. Fees charged. Better alternative is Cullite Creek 1.3 NM to SW", "Other Comments": "Water at creek. Used by hikers on West Coast Trail. Landing or camping on the West Coast Trail is not permitted and could result in fines, except in emergency situations.", "Layer Title": "Emergency Pullout", "Latitude": 48.56976, "Longitude": -124.61751, "x": -13872357.535, "y": 6202171.997 }, "geometry": { "type": "Point", "coordinates": [ -124.61751, 48.56976 ] } },
{ "type": "Feature", "properties": { "Title": "Poett Nook Campground", "Description": "Commercial", "Land Tenure": "Private", "Tent Sites": "unknown", "Landing Comments": "See adjacent launch site information", "Camp Comments": "Developed drive-in commercial campground. 130 sites. Showers, toilets. Camping $53.55 includes power (2021) for 4 people http://www.poettnook.com/welcome.html", "Other Comments": "Phone: (250) 720-9572 year round: (250) 758-4490", "Layer Title": "Private or Commercial", "Latitude": 48.87815, "Longitude": -125.04403, "x": -13919837.869000001, "y": 6254210.877 }, "geometry": { "type": "Point", "coordinates": [ -125.04403, 48.87815 ] } },
{ "type": "Feature", "properties": { "Title": "Rondeault Point", "Description": "Dispersed site secondary", "Land Tenure": "Marine Provincial Park, Private upland", "Tent Sites": "10 +", "Landing Comments": "Sand beach at low tide, pea gravel with sand in mid band, pea gravel and pebble at high water. Protected NW aspect.", "Camp Comments": "Many tent sites on sand beach. Protected from S and partially from W. Reported June 2024 that a No Trespassing sign has been posted in upland. Park boundary is winter high water mark - above that is private land.", "Other Comments": "Views. See: <a href=\"https://bcparks.ca/maquinna-marine-park/\" target=\"_blank\" style=\"color:blue\">Maquinna Marine Provincial Park</a>.", "Layer Title": "Dispersed Site", "Latitude": 49.45586, "Longitude": -126.41679, "x": -14072652.991, "y": 6352568.362 }, "geometry": { "type": "Point", "coordinates": [ -126.41679, 49.45586 ] } },
{ "type": "Feature", "properties": { "Title": "Camper Bay", "Description": "Emergency Pullout", "Land Tenure": "National Park Reserve", "Tent Sites": "3 - 4", "Landing Comments": "Moderately steep pebble beach in cove. SW aspect. Swell hits main beach to give dumping wave in heavy swell conditions. NW beach has less or no swell due to protecting reef at cove entrance, depending on water level. Turn left or NW on entering cove if reef is blocking most swell.", "Camp Comments": "Camp at top of NW beach but not at all tide levels. Cliff behind give no easy upland access. Park fees apply. Might be feasible to carry gear to West Coast hiking trail campsite across lagoon at back of main beach to avoid being flooded at Springs.", "Other Comments": "Seasonal cabin normally staffed by local Pacheedaht trail guardians. AKA Camper Creek. Landing or camping on the West Coast Trail is not permitted and could result in fines, except in emergency situations.", "Layer Title": "Emergency Pullout", "Latitude": 48.55671, "Longitude": -124.55251, "x": -13865122.502, "y": 6199976.383 }, "geometry": { "type": "Point", "coordinates": [ -124.55251, 48.55671 ] } },
{ "type": "Feature", "properties": { "Title": "Cullite Creek", "Description": "Emergency Pullout", "Land Tenure": "National Park Reserve", "Tent Sites": "6", "Landing Comments": "In low swell, easy on sloped sand, pebble beach, with S aspect, mostly protected from W, NW.  Some surf likely in high swell conditions. To avoid scattered rock outcrops or boulders, aim for E side about 10 -15 m from base of steep cliff. See image for route.", "Camp Comments": "Tent sites under trees or on gravel creek bank. Food storage bin. Pit toilet. Fees charged.", "Other Comments": "Water at creek. Used by hikers on West Coast Trail.", "Layer Title": "Emergency Pullout", "Latitude": 48.56516, "Longitude": -124.59856, "x": -13870248.743000001, "y": 6201398.407 }, "geometry": { "type": "Point", "coordinates": [ -124.59856, 48.56516 ] } },
{ "type": "Feature", "properties": { "Title": "Billygoat Creek", "Description": "Emergency Pullout", "Land Tenure": "National Park Reserve", "Tent Sites": "n/a", "Landing Comments": "Steep shingle beach; right channel (S) is a funnel too narrow for access in any swell; far left (N) best landing in NW swell.", "Camp Comments": "Possible camping.", "Other Comments": "Pacific Rim National Park Reserve. Landing or camping on the West Coast Trail is not permitted and could result in fines, except in emergency situations.", "Layer Title": "Emergency Pullout", "Latitude": 48.7096, "Longitude": -125.0096, "x": -13916005.016000001, "y": 6225729.475 }, "geometry": { "type": "Point", "coordinates": [ -125.0096, 48.7096 ] } },
{ "type": "Feature", "properties": { "Title": "Tsuquanah Point northwest", "Description": "Emergency Pullout", "Land Tenure": "National Park Reserve", "Tent Sites": "unknown", "Landing Comments": "Somewhat protected, fairly steep pocket beach. Surf may dump. Watch for rocks at NW end of beach. Beware of severe turbulence, standing waves, rips, breakers off Nitinat Bar especially when Nitinat Lake (tidal) drains seaward on ebb.", "Camp Comments": "Camping not currently sanctioned by Parks Canada but might occur. Space for 5 or more tents on beach.", "Other Comments": "Water at small stream. Secluded. In Pacific Rim National Park Reserve. Landing or camping on the West Coast Trail is not permitted and could result in fines, except in emergency situations.", "Layer Title": "Emergency Pullout", "Latitude": 48.67058, "Longitude": -124.8576, "x": -13899084.12, "y": 6219150.05 }, "geometry": { "type": "Point", "coordinates": [ -124.8576, 48.67058 ] } },
{ "type": "Feature", "properties": { "Title": "Meade Islets", "Description": "Informal site secondary", "Land Tenure": "Crown", "Tent Sites": "3", "Landing Comments": "Easy on sand on W side of islet at high water only. Cobble, weed, long carry at mid, low water. Easier approach from E, on steep cobble beach.", "Camp Comments": "3 or tide-dependent variable number of sites on sand tombolo between drift logs. Upland site reported at centre of islet but not found (2017). Dense upland vegetation.", "Other Comments": "Attractive. No fires above high water.", "Layer Title": "Informal Site", "Latitude": 48.92522, "Longitude": -125.12094, "x": -13928399.306, "y": 6262182.593 }, "geometry": { "type": "Point", "coordinates": [ -125.12094, 48.92522 ] } },
{ "type": "Feature", "properties": { "Title": "Robinson Island Barkley Sound", "Description": "Informal site secondary", "Land Tenure": "Crown", "Tent Sites": "3", "Landing Comments": "Easy approach on low gradient sand beach at all water levels. N aspect. Protected by rock reefs to N, E from swell, wind.", "Camp Comments": "3 upland sites on strip above beach. 2 further upland sites feasible with minor brushing, levelling. Island at back of bay looks flat, may have potential for group camping.", "Other Comments": "Water possible at seasonal creek 0.3 NM to N behind point. Site may be accessed at high water in any weather via narrow channel to Julia Passage.", "Layer Title": "Informal Site", "Latitude": 48.951, "Longitude": -125.2005, "x": -13937255.907, "y": 6266551.205 }, "geometry": { "type": "Point", "coordinates": [ -125.2005, 48.951 ] } },
{ "type": "Feature", "properties": { "Title": "Macktush Bill Motyka Recreation Site", "Description": "Commercial", "Land Tenure": "Private", "Tent Sites": "unknown", "Landing Comments": "Easy on concrete boat ramp, gravel boat ramp and various beaches. 2 lagoons.", "Camp Comments": "Developed site for vehicle based camping. Pit toilets, playground, hot showers, store. Fees charged. Reservations.", "Other Comments": "Large campsite, launch used by sports fishers. Site is 30 km drive from Port Alberni along Canal Main. which also goes by Arden Creek. Near confluence of Macktush Creek and Alberni Inlet. Water at taps. Campsite located on Mosaic Forest Management land, managed by Silvifor Resource Consultants Ltd.", "Layer Title": "Private or Commercial", "Latitude": 49.10411, "Longitude": -124.8331, "x": -13896357.059, "y": 6292545.844 }, "geometry": { "type": "Point", "coordinates": [ -124.8331, 49.10411 ] } },
{ "type": "Feature", "properties": { "Title": "Arden Creek", "Description": "Campsite secondary", "Land Tenure": "Provincial Recreation Site", "Tent Sites": "6", "Landing Comments": "Primitive boat launch.", "Camp Comments": "2 pleasant walk-in pads overlooking water up steep paths and 4 vehicle pads in trees or along shoreline. Picnic tables, toilets.", "Other Comments": "Also launch site. Water at creek. Site 17.5 km along Canal Main. No fees charged (2014). Operated by Hupacasath First Nation.", "Layer Title": "Campsite", "Latitude": 49.1413, "Longitude": -124.8137, "x": -13894197.717, "y": 6298871.01 }, "geometry": { "type": "Point", "coordinates": [ -124.8137, 49.1413 ] } },
{ "type": "Feature", "properties": { "Title": "Homfray Creek", "Description": "Informal site primary", "Land Tenure": "Provincial Forest", "Tent Sites": "6", "Landing Comments": "Mixed low gradient beach of gravel with some boulders at higher water levels, rougher at lower levels with an oyster band. W aspect. Protected from S but otherwise exposed.", "Camp Comments": "Upland forest sites would need brushing, Alternative camp on old roadbed about 250 m N of main site with access from main creek, past large boulders. Area S of creek has grassy sections. Trail leads into upland. Report of difficult access to tenting area (July 2023) with no beach camping evident seems to refer to site to N of creek. 'Little to no boat storage at high water without difficult lift over large boulders. Our team used the floating dock for kayak storage and camped on old road bed.' Better camping area is S of creek.", "Other Comments": "Water at year-round creek. View. Active log dump at head of bay 350 m to N of site. Logged behind.", "Layer Title": "Informal Site", "Latitude": 50.29133, "Longitude": -124.63312, "x": -13874095.02, "y": 6496882.996 }, "geometry": { "type": "Point", "coordinates": [ -124.63312, 50.29133 ] } },
{ "type": "Feature", "properties": { "Title": "Lloyd Point", "Description": "Informal site primary", "Land Tenure": "Crown tenure - Section 17 designated use area, Provincial Forest", "Tent Sites": "3", "Landing Comments": "Mixed low gradient beach of cobble with some boulders. SW aspect. Protected from N.", "Camp Comments": "Upland sites require brushing in level open forest. Possible sites among rocks in grassy open area at top of beach. 180 m to S at small creek additional upland forest sites reported suited to large group.", "Other Comments": "View. Water at Lloyd Creek to N with uncertain access along shore. Logged behind. Seasonal creek 180 m to SE.", "Layer Title": "Informal Site", "Latitude": 50.18795, "Longitude": -124.61319, "x": -13871877.024, "y": 6478888.45 }, "geometry": { "type": "Point", "coordinates": [ -124.61319, 50.18795 ] } },
{ "type": "Feature", "properties": { "Title": "Teakerne Head", "Description": "Informal site secondary", "Land Tenure": "Provincial Forest", "Tent Sites": "3 - 4", "Landing Comments": "Easy on long beach of large pebble. W aspect. Moderately protected from most winds.", "Camp Comments": "1 secluded site behind old machinery float immediately usable. 2 or 3 other level forested sires at shore margin usable with light brushing.", "Other Comments": "Quiet. Log handling site nearby to N appears inactive. Old donkey engine float (2005), fruit trees. Swimming. Popular anchorage.", "Layer Title": "Informal Site", "Latitude": 50.18275, "Longitude": -124.81603, "x": -13894457.27, "y": 6477985.281 }, "geometry": { "type": "Point", "coordinates": [ -124.81603, 50.18275 ] } },
{ "type": "Feature", "properties": { "Title": "Jamieson Island central", "Description": "Informal site secondary", "Land Tenure": "Provincial Forest", "Tent Sites": "1 - 2", "Landing Comments": "Clam bed beach of varying gradients in bay, well-protected from W.   Gravel upper beach. A few small boulders. SE aspect.", "Camp Comments": "Grassy gravel bench at beach top will be dry in most tides. Usable tent site if small drift log debris, small rocks were moved. Hammock opportunities. Dense vegetation in upland.", "Other Comments": "Attractive.", "Layer Title": "Informal Site", "Latitude": 50.56258, "Longitude": -126.50598, "x": -14082581.053, "y": 6544280.728 }, "geometry": { "type": "Point", "coordinates": [ -126.50598, 50.56258 ] } },
{ "type": "Feature", "properties": { "Title": "Zorro Bay Ts’itpsm", "Description": "Campsite primary", "Land Tenure": "Provincial Recreation Site", "Tent Sites": "10 +", "Landing Comments": "Easy on wide gravel beach, sheltered except from N. Moderate gradient. NE aspect. Land to N of wharf, boathouse. Drift logs often on beach. Prominent sign visible from water. Alternate more exposed beach of small round stones usable during outflows with good shelter from N across neck of isthmus. Faces S. Possible to carry gear to site 110 m across neck of isthmus on good trail across gated private land for safer access.", "Camp Comments": "Upland sites in mixed woods up trail behind centre beach. 1 site at beach top on pebble. 6 tent platforms, 2 accessed on N side of bay up wooden stair. Composting toilet. Steel food bin. Beach fire pit. Fire bucket. 2 Picnic tables, Visitor log book.", "Other Comments": "Water at stream with boat access only 200 m N. View. Swimming. Overlooked by derelict cabin on private peninsula. Boathouse, derelict wharf nearby. Please respect all private property. Squamish (Coast Salish) name Ts’itpsm. Site stewards Sea Kayak Assn of BC. Site is often used by visitors in powered vessels as well as in paddlecraft. Squamish Yacht Club mooring buoy in outer bay.", "Layer Title": "Campsite", "Latitude": 49.60215, "Longitude": -123.25866, "x": -13721091.79, "y": 6377658.325 }, "geometry": { "type": "Point", "coordinates": [ -123.25866, 49.60215 ] } },
{ "type": "Feature", "properties": { "Title": "Tantalus Landing Sxwan’shnm", "Description": "Campsite primary", "Land Tenure": "Provincial Recreation Site", "Tent Sites": "6", "Landing Comments": "Semi-cleared boat run through rough boulder, bedrock shore 40 m W of creek mouth, or at high water, moderate landing at creek mouth on boulders, bedrock ledges. S aspect. 10% slope or greater, some portions gravel, varied 100 mm cobble. Prone to drift logs.  Prominent sign visible from water. Very limited portable boat stowage unless boats carried up bank.", "Camp Comments": "Steps lead up bank across footbridge crossing creek to upland sites at 3 small level flats near shore or 3 wooden platforms built on steep slopes above. Composting toilet. Steel food bin near landing, large picnic table built on old industrial concrete footing to be shared by all site users. Visitor log book. Please restrict any fires to near-level open rock slab near NE shore in calm conditions.", "Other Comments": "Water at year-round stream, waterfall through centre of site. Attractive. View. Squamish (Coast Salish) name Sxwan’shnm. Site stewards: Sea Kayak Assn of BC.", "Layer Title": "Campsite", "Latitude": 49.67652, "Longitude": -123.21988, "x": -13716774.141000001, "y": 6390441.376 }, "geometry": { "type": "Point", "coordinates": [ -123.21988, 49.67652 ] } },
{ "type": "Feature", "properties": { "Title": "Booker Lagoon", "Description": "Informal site secondary", "Land Tenure": "Provincial Forest", "Tent Sites": "2", "Landing Comments": "Islet 35 m long oriented SW to NE in sheltered lagoon. Approach at NW side, NE end. Rock shelf, no beach. Tidal rapid at lagoon entrance. Max current in rapid reported as 8 kn.", "Camp Comments": "Grassy saddle in mid islet with firs at either end. This location or slightly to S at end of islet used by Paddlefanatics group May 2014, who also checked other locations. Well protected. N Frazer gives coordinates as lat N50D 47.50M,W126D 44.98M (WGS84) which seems to be the same general site. Adjacent islet in similar orientation but slightly to W is apparently not the site.", "Other Comments": "Swimming from landing ledges.", "Layer Title": "Informal Site", "Latitude": 50.79119, "Longitude": -126.74985, "x": -14109728.849, "y": 6584441.229 }, "geometry": { "type": "Point", "coordinates": [ -126.74985, 50.79119 ] } },
{ "type": "Feature", "properties": { "Title": "George Fraser Islands north", "Description": "Informal site secondary", "Land Tenure": "Crown", "Tent Sites": "2 - 3", "Landing Comments": "Beach of pebble, boulders at low water, sand, gravel mid to high water.  Easier at higher water.  Protected from NW, but overall exposed location.", "Camp Comments": "Beach camping", "Other Comments": "No comments.", "Layer Title": "Informal Site", "Latitude": 48.90536, "Longitude": -125.51275, "x": -13972015.062000001, "y": 6258818.874 }, "geometry": { "type": "Point", "coordinates": [ -125.51275, 48.90536 ] } },
{ "type": "Feature", "properties": { "Title": "Finnerty Islands central", "Description": "Dispersed site primary", "Land Tenure": "Marine Provincial Park", "Tent Sites": "3 - 4", "Landing Comments": "Easy on protected gravel, small rock beach. NE aspect.", "Camp Comments": "One site on gravel berm or tombolo at head of beach, 2 or 3 others upland in juniper, arbutus grove.", "Other Comments": "Attractive. View. Lagoons. Charted height 48 m on some CHS charts. See <a href=\"https://bcparks.ca/sabine-channel-marine-park/\" target=\"_blank\" style=\"color:blue\">Sabine Channel Marine Provincial Park</a>", "Layer Title": "Dispersed Site", "Latitude": 49.50213, "Longitude": -124.38793, "x": -13846800.806, "y": 6360496.187 }, "geometry": { "type": "Point", "coordinates": [ -124.38793, 49.50213 ] } },
{ "type": "Feature", "properties": { "Title": "Philip Point west", "Description": "Informal site secondary", "Land Tenure": "Provincial Forest", "Tent Sites": "3 - 4", "Landing Comments": "Protected creek mouth behind islet has clam bed moderate gradient beach of coarse sand, gravel with 50-70 mm cobble, occasional boulders. Beach grass on upper beach covers more cobble, rocks. Firm clam bed with some cobble st low water. Few drift logs. W aspect.", "Camp Comments": "Upland tent sites on S bank in open second growth forest. Shaded in morning but open to afternoon sun. Berry bushes impede access to upland. Access would need brushing.", "Other Comments": "Attractive. Water at creek, possibly year-round. Flowing in mid-July drought 2023. Attractive. View. Logging debris. Inactive log dump 0.6 NM to E (2023).", "Layer Title": "Informal Site", "Latitude": 50.87236, "Longitude": -126.68375, "x": -14102369.996, "y": 6598746.101 }, "geometry": { "type": "Point", "coordinates": [ -126.68375, 50.87236 ] } },
{ "type": "Feature", "properties": { "Title": "Hannant Peninsula", "Description": "Informal site secondary", "Land Tenure": "Provincial Forest", "Tent Sites": "2", "Landing Comments": "Easy on protected smooth bedrock. Protected boulder cove to E dries, but likely suitable at high water.", "Camp Comments": "Tent site on dry beach grass at point. Other sites nearby on rock shelves. Hammock opportunities.", "Other Comments": "Attractive, view, sunny. Water across bay at Little McIntosh Creek. Anchorage in cove N of Hannant Point.", "Layer Title": "Informal Site", "Latitude": 50.86049, "Longitude": -126.50899, "x": -14082916.771, "y": 6596652.528 }, "geometry": { "type": "Point", "coordinates": [ -126.50899, 50.86049 ] } },
{ "type": "Feature", "properties": { "Title": "Boyle Point northwest", "Description": "Dispersed site primary", "Land Tenure": "Provincial Park", "Tent Sites": "4", "Landing Comments": "Easy on semi-protected pebble beach of moderate gradient 0.2 NM W of Boyle Point. Scattered boulders. S aspect.", "Camp Comments": "Sunny beach sites or on grassy former homestead site. Large level upland bench slightly higher. Rest of upland steep. Mostly used by day visitors.", "Other Comments": "Attractive. View. Seasonal stream. aka Betty's Beach, Diane's Beach. Rough steep trail leads in 1.5 km to main trail back to parking lot at end of East Road. Other extensive trails.", "Layer Title": "Dispersed Site", "Latitude": 49.47628, "Longitude": -124.69131, "x": -13880573.559, "y": 6356065.9 }, "geometry": { "type": "Point", "coordinates": [ -124.69131, 49.47628 ] } },
{ "type": "Feature", "properties": { "Title": "Atchison Islet", "Description": "Informal site secondary", "Land Tenure": "Crown", "Tent Sites": "3 - 4", "Landing Comments": "Land in drying channel between island, islet or on various rock ledges, depending on water level. Suitable for lining out boat. Easier access at high water, many boulders at low water. Currents. Kelp. Vessel traffic.", "Camp Comments": "Flat rock ledge facing S tip of Atchison Island or bluff sites on bedrock shelves at SW tip. Dense salal in centre.", "Other Comments": "Attractive. View.", "Layer Title": "Informal Site", "Latitude": 50.58204, "Longitude": -126.21131, "x": -14049778.873, "y": 6547690.929 }, "geometry": { "type": "Point", "coordinates": [ -126.21131, 50.58204 ] } },
{ "type": "Feature", "properties": { "Title": "Turner Cove", "Description": "Informal site secondary", "Land Tenure": "Provincial Forest", "Tent Sites": "unknown", "Landing Comments": "W or E shore of protected cove. On W shore, moderately sloped clam bed mud beach with mixed rocks, gravel at high water. One area  next to a large rock outcrop on the beach free of low water boulders. Beach may flood at springs.", "Camp Comments": "On W shore at N50D 55.683M,W126D 43.925M beach gives access to upland that appears fairly level but dense, mossy forest with old logging surface disturbance. On E shore, grassy point could be brushed but might be too steep for easy camping. Either area requires work.", "Other Comments": "Attractive.", "Layer Title": "Informal Site", "Latitude": 50.92688, "Longitude": -126.72775, "x": -14107268.599, "y": 6608370.402 }, "geometry": { "type": "Point", "coordinates": [ -126.72775, 50.92688 ] } },
{ "type": "Feature", "properties": { "Title": "Mackenzie Sound 1", "Description": "Informal site secondary", "Land Tenure": "Provincial Forest", "Tent Sites": "unknown", "Landing Comments": "Steep rock shore with patch of grass on top lies half way into creek mouth. Bay overall shallow clam beds with low gradient.", "Camp Comments": "Upland forest camp on N shore of cove has old poles but not very level (1999). Not viewed on 2015 visit. Sunny.", "Other Comments": "Water at creek.", "Layer Title": "Informal Site", "Latitude": 50.92963, "Longitude": -126.67742, "x": -14101665.333000001, "y": 6608856.324 }, "geometry": { "type": "Point", "coordinates": [ -126.67742, 50.92963 ] } },
{ "type": "Feature", "properties": { "Title": "Stuart Narrows north", "Description": "Informal site primary", "Land Tenure": "Provincial Forest", "Tent Sites": "6", "Landing Comments": "Clam bed beach, pebble gravel.", "Camp Comments": "Tent sites in second growth forest with little underbrush if dead branches, tree debris moved. Hammock opportunities.", "Other Comments": "Water at year-round stream flowing during drought of mid-July2023.", "Layer Title": "Informal Site", "Latitude": 50.89979, "Longitude": -126.95022, "x": -14132033.791, "y": 6603586.24 }, "geometry": { "type": "Point", "coordinates": [ -126.95022, 50.89979 ] } },
{ "type": "Feature", "properties": { "Title": "Helen Bay", "Description": "Informal site secondary", "Land Tenure": "Provincial Forest", "Tent Sites": "3 - 4", "Landing Comments": "Small pebble, gravel, small rock beach in W bay. Moderate gradient. Protected. Forest comes to waterline.", "Camp Comments": "Usable small tent sites in forest on moss, duff needing dead branches moved. Clearing in cedar trees above beach may require brushing, levelling. Hammock opportunities.", "Other Comments": "Water at seasonal stream, dry July 2023. Anchorage. Flagging evident 2023 could relate to stream or intended logging? Junk freezer in bush. Debris. Might be old logging camp.", "Layer Title": "Informal Site", "Latitude": 50.90369, "Longitude": -126.93724, "x": -14130588.652000001, "y": 6604274.454 }, "geometry": { "type": "Point", "coordinates": [ -126.93724, 50.90369 ] } },
{ "type": "Feature", "properties": { "Title": "Deep Harbour north", "Description": "Informal site secondary", "Land Tenure": "Provincial Forest", "Tent Sites": "3 - 4", "Landing Comments": "Small moderate gradient pebble beach in bight. Scattered cobble, boulders. Forest comes down to waterline. No distinctive landmark. SW aspect.", "Camp Comments": "Tent sites in second growth forest on flat area 2-3 m up bank behind beach. Upland steep at sides.", "Other Comments": "Attractive. Small anchorage.", "Layer Title": "Informal Site", "Latitude": 50.80052, "Longitude": -126.57394, "x": -14090146.103, "y": 6586084.291 }, "geometry": { "type": "Point", "coordinates": [ -126.57394, 50.80052 ] } },
{ "type": "Feature", "properties": { "Title": "Joe Cove", "Description": "Informal site primary", "Land Tenure": "Crown Conservancy", "Tent Sites": "4 - 6", "Landing Comments": "Shell tombolo which joins to steep islet. 2 small very protected beaches with N, S aspects. Moderate gradient. Occasional boulders.", "Camp Comments": "Many well-used all-weather upland tent sites on duff, bare soil. Rustic furniture.", "Other Comments": "Attractive. Water source reported at lake-fed stream in unnamed cove W of Joe Cove, assumed to be N 50 D 44.5818M, W126 D 41.6874 M. Commercial group use likely. Anchorage. Upland in Broughton Archipelago Conservancy. Waters, islets lie in Marine Provincial Park.", "Layer Title": "Dispersed Site", "Latitude": 50.74594, "Longitude": -126.66189, "x": -14099936.853, "y": 6576475.405 }, "geometry": { "type": "Point", "coordinates": [ -126.66189, 50.74594 ] } },
{ "type": "Feature", "properties": { "Title": "Bain Creek Smenmántm Ḵ’í ḵp’ikw", "Description": "Campsite primary", "Land Tenure": "Provincial Recreation Site", "Tent Sites": "7 - 10", "Landing Comments": "2 small rocky beaches. S aspect. Moderate gradient curved cleared boat run of smaller rocks at N margin of creek mouth 50 m to E of prominent main sign facing water. Some boulders, bedrock.  Another narrower rough boat run through beach next to sign requires climbing on steps, hauling boats up bank. Frequent boulders elsewhere on main beaches. Limited area at high water. Alternate landing area 50 m to W of sign at W end of site on gravel with 100 mm rounded rocks at high water, but currently has poor upland access. Easiest boat stowage, best access on rack above E'most beach.", "Camp Comments": "Large shaded site. Several tent sites just E of main landing in upland forest SW of stream. S aspect. - several other sites higher up slope to SW. Hammock opportunities. Composting toilet up trail via steps. Steel food bin. Picnic table. Boat rack. Visitor log book. Fire bucket. Sunny bluff for picnics. No fires in upland.", "Other Comments": "Water at seasonal creek. Small waterfall. View. Attractive except Port Mellon mill visible, audible. Prominent sign visible from water. Squamish (Coast Salish) name Smenmántm Ḵ’í ḵp’ikw. Charted creek named Bain Ck is elsewhere. This creek is unnamed - maybe should be Bain Creek #2. Site stewards: Sea Kayak Assn of BC.", "Layer Title": "Campsite", "Latitude": 49.54268, "Longitude": -123.42975, "x": -13740137.097, "y": 6367450.224 }, "geometry": { "type": "Point", "coordinates": [ -123.42975, 49.54268 ] } },
{ "type": "Feature", "properties": { "Title": "Cook Cove", "Description": "Emergency Pullout", "Land Tenure": "Private upland, Public Foreshore", "Tent Sites": "n/a", "Landing Comments": "Easy in either of 2 coves with beaches of pebble, cobble with aspects generally N (NE, N)  Protected from SE, NW. Mostly floods at high water. Some riprap banks. SE cove gives easier upland access.", "Camp Comments": "Industrial site suited to emergency use only. Two semi-sandy tent sites at Neaps high water mark that likely will flood at tides above 3.3 m. One potential uneven upland site in forest. BC Hydro Transmission line nearby with grassed area, prominent cable sign. Hammock opportunities.", "Other Comments": "Water at seasonal creek. Power transmission line right of way nearby. Road at nearby Jonathan Road, BC Hydro Utility Access Road leading to Porlier Pass Road.", "Layer Title": "Emergency Pullout", "Latitude": 48.9188, "Longitude": -123.40637, "x": -13737533.98, "y": 6261094.803 }, "geometry": { "type": "Point", "coordinates": [ -123.40637, 48.9188 ] } },
{ "type": "Feature", "properties": { "Title": "Twin Beaches", "Description": "Dispersed site primary", "Land Tenure": "Provincial Recreation Site", "Tent Sites": "4 - 6", "Landing Comments": "Beach of small cobbles. SE aspect. Optional landing on similar but smaller beach on opposite side of neck. W aspect.", "Camp Comments": "Camp on grassy ridge 15+ m elevation in open, level pine, fir forest. Steep obvious approach up open grass slope. Hammock opportunities. Undeveloped. 2 tent sites on grass, Additional sites to W may need light brushing of brambles, holly.", "Other Comments": "Attractive. View.", "Layer Title": "Dispersed Site", "Latitude": 49.54871, "Longitude": -124.27902, "x": -13834676.666, "y": 6368484.616 }, "geometry": { "type": "Point", "coordinates": [ -124.27902, 49.54871 ] } },
{ "type": "Feature", "properties": { "Title": "Jamieson Island west", "Description": "Informal site secondary", "Land Tenure": "Provincial Forest", "Tent Sites": "2 - 5", "Landing Comments": "Beaches on N, S  of dying channel between islets give access to small clear bank areas. Gravel, clam shell, cobble, bedrock beach. Rougher on N side. SE or N aspects. Some boulders. Small lagoon on N side.", "Camp Comments": "3-4 tent sites on grassy patches at forest margin. I site on bluff. Hammock opportunities.", "Other Comments": "unknown", "Layer Title": "Informal Site", "Latitude": 50.56023, "Longitude": -126.51349, "x": -14083417.285, "y": 6543868.22 }, "geometry": { "type": "Point", "coordinates": [ -126.51349, 50.56023 ] } },
{ "type": "Feature", "properties": { "Title": "George Fraser Islands", "Description": "Informal site secondary", "Land Tenure": "Crown", "Tent Sites": "3", "Landing Comments": "Beach of pebble, boulders at low water, sand, gravel mid to high water.  Easier at higher water.  Protected from NW, but overall exposed location.", "Camp Comments": "Beach camping.", "Other Comments": "No comments.", "Layer Title": "Informal Site", "Latitude": 48.9041, "Longitude": -125.51406, "x": -13972160.768, "y": 6258605.096 }, "geometry": { "type": "Point", "coordinates": [ -125.51406, 48.9041 ] } },
{ "type": "Feature", "properties": { "Title": "Fleming Island Lagoon", "Description": "Informal site secondary", "Land Tenure": "Crown", "Tent Sites": "5", "Landing Comments": "Shallow lagoon, with reef/rocks. Sand, gravel beach. It's actually difficult to find. The lagoon itself and the entrance are not readily visible as the entrance is hidden behind the rock reef. On more exposed NW side of island. Access easy at high water but awkward due to extensive mud at low water.", "Camp Comments": "Camp in upland - two locations. Stinging nettles at one of sites.", "Other Comments": "Pleasant, protected site but avoid low water.", "Layer Title": "Informal Site", "Latitude": 48.89668, "Longitude": -125.1317, "x": -13929597.282, "y": 6257348.487 }, "geometry": { "type": "Point", "coordinates": [ -125.1317, 48.89668 ] } },
{ "type": "Feature", "properties": { "Title": "Frances Bay", "Description": "Informal site secondary", "Land Tenure": "Provincial Forest", "Tent Sites": "3", "Landing Comments": "Moderate landing on beach of pebbles, large cobbles, some boulders. Exposed to S. Boat run. (not found at last site condition report) but likely nearby.", "Camp Comments": "Undeveloped beach camping between drift logs. 2 brushed upland sites (2023). Large level ground in upland, room for a few tents. Brushing would help. Other former tent sites on old roadway overgrown, unusable. Hammock opportunities for about 3 people. Beware of hazard trees.", "Other Comments": "View. Old industrial roads. Inactive log dump.", "Layer Title": "Informal Site", "Latitude": 50.34903, "Longitude": -125.03342, "x": -13918656.279, "y": 6506943.123 }, "geometry": { "type": "Point", "coordinates": [ -125.03342, 50.34903 ] } },
{ "type": "Feature", "properties": { "Title": "Pachena Bay", "Description": "Commercial", "Land Tenure": "Treaty Settlement Land", "Tent Sites": "nan", "Landing Comments": "Large low gradient sand beach. SW aspect. Surf depends on swell direction.  Length of bay usually offers some shelter.", "Camp Comments": "Developed commercial campground. Set up mainly for RVs. Beachfront sites at forest edge. Hot showers, flush toilets, sani-dump. Open May-September. Limited off-season camping begins on March 1 for self-contained units only - main washroom/shower house remains closed until May. Reservations: (250) 728-1287 Email: Info@PachenaBayCampground.ca Web: https://pachenabaycampground.ca/beachfront-rv-and-tenting-sites/", "Other Comments": "Location next to Huu-ay-aht First Nation community of Anacla. Bamfield 5 km. West Coast hiking Trail trailhead nearby. Owned and operated by Huu-ay-aht First Nation. Attractive beach, river, wildlife viewing.", "Layer Title": "Private or Commercial", "Latitude": 48.79527, "Longitude": -125.12169, "x": -13928482.428, "y": 6240194.124 }, "geometry": { "type": "Point", "coordinates": [ -125.12169, 48.79527 ] } },
{ "type": "Feature", "properties": { "Title": "Bonner Islet east", "Description": "Informal site secondary", "Land Tenure": "Crown", "Tent Sites": "unknown", "Landing Comments": "Protected, but surf possible on 2.5m or higher tides.", "Camp Comments": "Some beach sites at most tide levels but uncertain if usable at Springs. More wind protection than at W beach site.", "Other Comments": "Water at creek. Trail to W beach for viewing sea state.", "Layer Title": "Informal Site", "Latitude": 50.24617, "Longitude": -127.7788, "x": -14224271.229, "y": 6489018.323 }, "geometry": { "type": "Point", "coordinates": [ -127.7788, 50.24617 ] } },
{ "type": "Feature", "properties": { "Title": "Restless Mountain", "Description": "Dispersed site secondary", "Land Tenure": "Provincial Park", "Tent Sites": "2 - 3", "Landing Comments": "Sand, gravel beach moderate gradient with steeper gravel sections. SE aspect. W side has more protection from surf. in lee of reefs,rock outcrops.  All sand to mid water, gravel at high water.  At centre beach heavy surf possible. Scattered rocks, boulders with clear sections.", "Camp Comments": "Undeveloped. Beach sites near forest edge, .One established tent site. No cleared upland sites. Two other sites between creeks. Sand, gravel sites may need minor leveling.", "Other Comments": "Water at seasonal streams crossing beach, Attractive. See <a href=https://bcparks.ca/lawn-point-park/ target=_blank style=color:blue>Lawn Point Provincial Park</a>", "Layer Title": "Dispersed Site", "Latitude": 50.32573, "Longitude": -127.93098, "x": -14241211.55, "y": 6502878.81 }, "geometry": { "type": "Point", "coordinates": [ -127.93098, 50.32573 ] } },
{ "type": "Feature", "properties": { "Title": "Denham Bay", "Description": "Emergency Pullout", "Land Tenure": "Private", "Tent Sites": "n/a", "Landing Comments": "Beach or float dock in semi-protected bay.", "Camp Comments": "No known camping - summer fishing resort has 4 rental cabins. Open approx May - September. Managers: Peter Geneau, Sarah Askwith. Peter: 250-703-6978 or Sarah: 250-218-8538 denhamdocks@gmail.com", "Other Comments": "For emergency use only, unless pre-booked.", "Layer Title": "Emergency Pullout", "Latitude": 50.43273, "Longitude": -125.22359, "x": -13939826.608, "y": 6521557.252 }, "geometry": { "type": "Point", "coordinates": [ -125.22359, 50.43273 ] } },
{ "type": "Feature", "properties": { "Title": "Dent Island Lodge", "Description": "Emergency Pullout", "Land Tenure": "Private", "Tent Sites": "n/a", "Landing Comments": "Rough beaches, float docks. Vessel traffic, strong currents. Drying rapid, rocky channel adjacent to Lodge. Access possible from NW or SE sides but SE side more protected.", "Camp Comments": "Resort fishing lodge open June - September. Pre-booking required for all stays. Call 250-203-2553.", "Other Comments": "Listed for emergency use only. For emergency use only, unless pre-booked.", "Layer Title": "Emergency Pullout", "Latitude": 50.40792, "Longitude": -125.18503, "x": -13935533.572000001, "y": 6517222.584 }, "geometry": { "type": "Point", "coordinates": [ -125.18503, 50.40792 ] } },
{ "type": "Feature", "properties": { "Title": "Espinosa Inlet north", "Description": "Informal site primary", "Land Tenure": "Provincial Forest", "Tent Sites": "2 - 3", "Landing Comments": "Easy on moderately steep pebble beach. Suited to all water levels, all-weather. NW aspect offering some protection from wind, swell.", "Camp Comments": "Small upland tent sites along short trail, 3-4 hammocks hangs, at S corner of beach. Potential for 3 more upland sites with minor work, plus beach sites if pebbles levelled. May be harder to access at Springs, but will be dry.", "Other Comments": "Inactive log dump with old roads behind. Better than Espinosa Inlet site to S.", "Layer Title": "Informal Site", "Latitude": 49.88979, "Longitude": -126.91743, "x": -14128383.235, "y": 6427210.378 }, "geometry": { "type": "Point", "coordinates": [ -126.91743, 49.88979 ] } },
{ "type": "Feature", "properties": { "Title": "Abrams middle beach", "Description": "Dispersed site secondary", "Land Tenure": "Provincial Park", "Tent Sites": "2 - 4", "Landing Comments": "Well protected narrow rocky cove ends in low gradient sand, grit beach. Pebble above. Many drift logs. 2 all-tide channels, one channel navigable only at high water. S aspect. Boomers, kelp. Vessel traffic outside.", "Camp Comments": "2 tent sites at a distance SE from high water landing. Additional sites if brushed. Scramble over rocks around headland. Hammock opportunities. Beach camping potential at Neaps. Deadfall hazards.", "Other Comments": "Might be former village site. See <a href=\"https://bcparks.ca/vargas-island-park/\" target=\"_blank\" style=\"color:blue\">Vargas Island Provincial Park</a>. We have created a <a href=\"https://www.bcmarinetrails.org/paddling-within-the-ahousaht-hahoulthee\" target=\"_blank\" style=\"color:blue\">Vargas Island webpage</a> with additional information.", "Layer Title": "Dispersed Site", "Latitude": 49.15131, "Longitude": -125.97169, "x": -14023103.829, "y": 6300574.302 }, "geometry": { "type": "Point", "coordinates": [ -125.97169, 49.15131 ] } },
{ "type": "Feature", "properties": { "Title": "Goletas Waterfall", "Description": "Informal site secondary", "Land Tenure": "Provincial Forest", "Tent Sites": "2 - 3", "Landing Comments": "In cove with NE aspect. Easy on moderate gradient beach of angular cobble, rocks to 200 mm, scattered boulders. Watch for larger submerged rocks at low tide, uncovered rocks are very slippery. Pebble above. Protected from all directions except NE. Lesser gradient on lower beach makes for long carry at low water.", "Camp Comments": "All-tide beach camping on pebble. Summer Springs to 5.0 m leave small beach area. Upland sites also possible with brushing. Potential for hammock use.", "Other Comments": "Water at year-round creek, waterfall, pool. Attractive. View.", "Layer Title": "Informal Site", "Latitude": 50.80129, "Longitude": -127.63181, "x": -14207908.098, "y": 6586219.209 }, "geometry": { "type": "Point", "coordinates": [ -127.63181, 50.80129 ] } },
{ "type": "Feature", "properties": { "Title": "Mels Beach Vargas Island", "Description": "Dispersed site primary", "Land Tenure": "Provincial Park", "Tent Sites": "10", "Landing Comments": "Broad low gradient exposed sand beach. NW aspect. Expect less surf & swell or none to W where island blocks wrapping.  <br /><br />", "Camp Comments": "Dispersed beach sites except at highest Springs. At Springs, favour nearby Dick and Jane Beach. Green throne toilet.", "Other Comments": "Attractive. Some private land, cabin at N end of bay with signage. See <a href=https://bcparks.ca/vargas-island-park/ target=_blank style=color:blue>Vargas Island Provincial Park</a>. See <a href=https://www.bcmarinetrails.org/paddling-within-the-ahousaht-hahoulthee/ target=_blank style=color:blue>Vargas Island webpage</a> with information on Ahousaht access passes.A short access trail to Dick and Jane's Beach and at low tides makes it possible to walk to Secret Beach on the sand. From Secret Beach there is a trail that takes one all the way to Surfers and Fingers beaches. The landing at the eastern end of Mel's Beach is protected by a tombolo at low tides.", "Layer Title": "Dispersed Site", "Latitude": 49.2088, "Longitude": -126.0269, "x": -14029250.668, "y": 6310364.084 }, "geometry": { "type": "Point", "coordinates": [ -126.0269, 49.2088 ] } },
{ "type": "Feature", "properties": { "Title": "Alder Bay Resort", "Description": "Commercial", "Land Tenure": "Private", "Tent Sites": "20 +", "Landing Comments": "Easy on sand, gravel beach, float or concrete ramp. NNW aspect. Protected by breakwater.", "Camp Comments": "Large oceanside RV park with tent sites. Full service RV park. Tents welcome. Water, flush toilets, showers, laundry, food truck restaurant. Phone: 1-250-956-4117 Email: stay@alderbay.com", "Other Comments": "From Hwy #19 turn right onto Beaver Cove Road. Entrance 6km on left. Alder Bay RV Park & Marina, PO Box 1090 Port McNeill, BC, V0N 2R0. Double concrete boat ramp. Floats. Vehicles may be parked for $5.00/day fee.", "Layer Title": "Private or Commercial", "Latitude": 50.55941, "Longitude": -126.91215, "x": -14127796.359, "y": 6543725.056 }, "geometry": { "type": "Point", "coordinates": [ -126.91215, 50.55941 ] } },
{ "type": "Feature", "properties": { "Title": "Favada Cobble Beach", "Description": "Informal site secondary", "Land Tenure": "Crown", "Tent Sites": "2", "Landing Comments": "Cobble, boulder beach runs at angle behind rock outcrop. Little protection from swells. Close to cliffs on N. Beach floods at Springs.", "Camp Comments": "2 small upland sites, if lightly brushed. Better sites than at Favada Point south.", "Other Comments": "Marginal site overall.", "Layer Title": "Informal Site", "Latitude": 49.73133, "Longitude": -124.62876, "x": -13873609.656, "y": 6399875.944 }, "geometry": { "type": "Point", "coordinates": [ -124.62876, 49.73133 ] } },
{ "type": "Feature", "properties": { "Title": "Favada Point Cove", "Description": "Informal site secondary", "Land Tenure": "Crown", "Tent Sites": "5 - 7", "Landing Comments": "Angular cobbles, boulders with pebbles at top on beach of S aspect. Moderately steep. Drift logs. Protected except from S. Could be hazardous in strong S wind, swell.", "Camp Comments": "Grassy upland sites on headland to W. Hammock opportunities. Ruined cabin.", "Other Comments": "Attractive. More capacity than neighbouring sites. Flagging suggests trail leading to Crescent Bay Road or to stream entering Maple Bay to N.", "Layer Title": "Informal Site", "Latitude": 49.73421, "Longitude": -124.6331, "x": -13874093.339, "y": 6400371.613 }, "geometry": { "type": "Point", "coordinates": [ -124.6331, 49.73421 ] } },
{ "type": "Feature", "properties": { "Title": "Laura Creek", "Description": "Emergency Pullout", "Land Tenure": "Provincial Park", "Tent Sites": "5 - 7", "Landing Comments": "Low gradient exposed sand beach. Bands of rocks at lower tides. Subject to NW swell, winds, surf lacking protection.", "Camp Comments": "4 tent platforms, food cache, pit toilet approximately 200 m W of creek on N Coast hiking trail. 1 or more beach sites on sand.", "Other Comments": "Water at creek. On N Coast hiking trail. Landing here is potentially hazardous.", "Layer Title": "Emergency Pullout", "Latitude": 50.80862, "Longitude": -128.2391, "x": -14275510.978, "y": 6587509.853 }, "geometry": { "type": "Point", "coordinates": [ -128.2391, 50.80862 ] } },
{ "type": "Feature", "properties": { "Title": "Cox Bay", "Description": "Commercial", "Land Tenure": "Public Foreshore, Municipal public access", "Tent Sites": "unknown", "Landing Comments": "Exposed sweeping low gradient sand beach. W aspect. Heavier, more consistent surf than nearby beaches in swells except from S.  Headland at S end offers more protection. Landing not advised in winter or in swells over 1 m. Vessel traffic. Beware of surfers.", "Camp Comments": "Bookable private commercial campsites e.g. Long Beach Lodge Resort, Cox Bay Beach Resort, Pacific Sands Beach Resort.", "Other Comments": "Tidepools. Parking at public lot accessed by entrance to Long Beach Lodge Resort. Also on Maltby Road.", "Layer Title": "Private or Commercial", "Latitude": 49.10111, "Longitude": -125.87374, "x": -14012201.053, "y": 6292035.67 }, "geometry": { "type": "Point", "coordinates": [ -125.87374, 49.10111 ] } },
{ "type": "Feature", "properties": { "Title": "Sharp Creek", "Description": "Informal site primary", "Land Tenure": "Provincial Forest", "Tent Sites": "7 - 10", "Landing Comments": "Very low gradient mud flat dries to sedge bank. Easiest at high water. At lower water, prefer  approach from N.  NW aspect. Winds funnel in Lemmens Inlet. Obvious opening in forest canopy at creek exit.", "Camp Comments": "Upland sites in forest clearing behind sedge directly up from landing. Camping on sedge or grass feasible at neaps. Pay attention to good sanitation, food protection - practice the Marine Trails Code of Conduct.", "Other Comments": "Water at seasonal creek running through site.", "Layer Title": "Informal Site", "Latitude": 49.18459, "Longitude": -125.86376, "x": -14011089.127, "y": 6306240.659 }, "geometry": { "type": "Point", "coordinates": [ -125.86376, 49.18459 ] } },
{ "type": "Feature", "properties": { "Title": "Raynor Islands central beach", "Description": "Informal site secondary", "Land Tenure": "Crown", "Tent Sites": "2 - 3", "Landing Comments": "Large protected low gradient sand, clam bed beach. Rock islets. Scattered boulders, bedrock outcrops. Long carry at low water. N aspect.", "Camp Comments": "2 beach top sites on grass, rocks. 1 site on flat rock outcrop. Other potential sites lack tidal clearance. Relatively easy upland access makes additional sites feasible with brushing. Hammock opportunities.", "Other Comments": "No comments.", "Layer Title": "Informal Site", "Latitude": 50.88379, "Longitude": -127.22957, "x": -14163131.058, "y": 6600762.5 }, "geometry": { "type": "Point", "coordinates": [ -127.22957, 50.88379 ] } },
{ "type": "Feature", "properties": { "Title": "Popplewell Cove", "Description": "Informal site primary", "Land Tenure": "Provincial Forest", "Tent Sites": "4 - 6", "Landing Comments": "Moderate gradient beach of boulders, cobble, sand in semi-protected cove. Grassy upland margin. SE aspect.", "Camp Comments": "Protected tent sites in level second growth forest will need dead branches removed but no significant underbrush.", "Other Comments": "Water at year-round stream crossing beach, flowing in drought mid-July 2023.", "Layer Title": "Informal Site", "Latitude": 50.84845, "Longitude": -126.95947, "x": -14133063.886, "y": 6594529.938 }, "geometry": { "type": "Point", "coordinates": [ -126.95947, 50.84845 ] } },
{ "type": "Feature", "properties": { "Title": "Wehlis Bay", "Description": "Informal site secondary", "Land Tenure": "Provincial Forest", "Tent Sites": "3 - 4", "Landing Comments": "Clam bed beach with boulders, cobble at most water levels. Some sand, grassy patches. Large open bay. Drift log accumulation. SE aspect. Open to wind.", "Camp Comments": "Undeveloped. Tent sites in level second growth forest on N side of bay, if dead branches moved, but little underbrush. Various grass patches lumpy or boulder-strewn. Beach sites limited by drift log mass.", "Other Comments": "Water at 2 seasonal streams crossing beach at corners.", "Layer Title": "Informal Site", "Latitude": 50.86724, "Longitude": -126.92778, "x": -14129535.726, "y": 6597844.234 }, "geometry": { "type": "Point", "coordinates": [ -126.92778, 50.86724 ] } },
{ "type": "Feature", "properties": { "Title": "Browning Islands", "Description": "Informal site secondary", "Land Tenure": "Crown", "Tent Sites": "1 - 2", "Landing Comments": "Moderate gradient cobble beach in small bay. Protected from NW but exposed to E. E aspect. Drift logs make beach access more awkward at high water.", "Camp Comments": "1 potential tent site. At least 2 easy hammock sites. Lumpy, rough terrain, beach.", "Other Comments": "No comments.", "Layer Title": "Informal Site", "Latitude": 50.89627, "Longitude": -127.3297, "x": -14174277.589, "y": 6602964.851 }, "geometry": { "type": "Point", "coordinates": [ -127.3297, 50.89627 ] } },
{ "type": "Feature", "properties": { "Title": "Cook Island south", "Description": "Informal site secondary", "Land Tenure": "Crown", "Tent Sites": "1 - 2", "Landing Comments": "Large clam bed lies behind rocks. Cobble, boulders. SE aspect. Alternative access from low gradient clam bed on other side of neck. NW aspect.", "Camp Comments": "Small bluffs areas offer possible sites. Dense salal. Hammock opportunities.", "Other Comments": "No comments.", "Layer Title": "Informal Site", "Latitude": 50.59162, "Longitude": -126.54799, "x": -14087258.142000001, "y": 6549371.658 }, "geometry": { "type": "Point", "coordinates": [ -126.54799, 50.59162 ] } },
{ "type": "Feature", "properties": { "Title": "Wells Passage west", "Description": "Informal site secondary", "Land Tenure": "Provincial Forest", "Tent Sites": "1 - 2", "Landing Comments": "Clam bed at low water. Cobble, boulder at high water. Exposed to wind from several directions. SE aspect.", "Camp Comments": "Beach top sites on cobble possible at Neaps. Dense upland vegetation. Possible hammock opportunities.", "Other Comments": "Water at seasonal stream.", "Layer Title": "Informal Site", "Latitude": 50.85526, "Longitude": -126.93856, "x": -14130735.973, "y": 6595730.718 }, "geometry": { "type": "Point", "coordinates": [ -126.93856, 50.85526 ] } },
{ "type": "Feature", "properties": { "Title": "OBrien Bay north", "Description": "Informal site secondary", "Land Tenure": "Provincial Forest", "Tent Sites": "2 - 4", "Landing Comments": "Sheltered smooth rock ledges or adjacent small cove with cobble, boulders. NE aspect.", "Camp Comments": "Tent sites on grass at most tides.", "Other Comments": "Attractive. View.", "Layer Title": "Informal Site", "Latitude": 50.8503, "Longitude": -126.55105, "x": -14087598.668, "y": 6594855.594 }, "geometry": { "type": "Point", "coordinates": [ -126.55105, 50.8503 ] } },
{ "type": "Feature", "properties": { "Title": "Daedalus Peninsula", "Description": "Informal site secondary", "Land Tenure": "Provincial Forest, Provincial Recreation Reserve", "Tent Sites": "1 - 2", "Landing Comments": "Relatively smooth cobble, boulder, beach in double bay with additional bay across rocky neck. Moderate gradient. E aspect. Protected except from NE.", "Camp Comments": "Small beach-top site good for most tides. Marked trail with rope for assistance up bank, leading to rustic bench. I upland site off trail. Potential for more sites with brushing. Hammock opprtunities.", "Other Comments": "Attractive. View. Wildlife viewing. Tex Lyon hiking trail runs nearby. Water source at head of bay immediately to S i.e. Basket Eaters Bay. Some confusion in naming, identity of sites. Official name, if any, unknown.", "Layer Title": "Informal Site", "Latitude": 50.73475, "Longitude": -127.41192, "x": -14183429.944, "y": 6574508.039 }, "geometry": { "type": "Point", "coordinates": [ -127.41192, 50.73475 ] } },
{ "type": "Feature", "properties": { "Title": "Kutcous Point", "Description": "Informal site secondary", "Land Tenure": "unknown, IR", "Tent Sites": "25 +", "Landing Comments": "Low gradient sand beach, steeper at top. Spit to island reef creates heavier wave, surf than elsewhere. Avoid landing at main beach in heavy swell. Alternative landing in cove to E of main beach more protected but longer carry.", "Camp Comments": "25+ sites on beach camping except during winter storms. Some scattered upland forest sites. Toilet. Bear cache.", "Other Comments": "Attractive. View. Water at river at NW corner but go far upstream for fresh water. Part of Wild Side hiking trail.", "Layer Title": "Informal Site", "Latitude": 49.2512, "Longitude": -126.0904, "x": -14036319.122, "y": 6317592.765 }, "geometry": { "type": "Point", "coordinates": [ -126.0904, 49.2512 ] } },
{ "type": "Feature", "properties": { "Title": "Fingers", "Description": "Campsite primary", "Land Tenure": "Provincial Park", "Tent Sites": "10", "Landing Comments": "Coves between rock fingers protect sand beaches from dominant NW winds, surf. SE aspect.", "Camp Comments": "Beach sites on sand. Composting toilet. Animal-resistant food cache. Hammock opportunities. Amazing site. Obviously popular so difficult to get a good site in peak summer", "Other Comments": "Also known as Little Baja. Short trail 300 m to large beach with W aspect known as Surfers' Beach. Water at creek at centre of main bay 1.5 km. Hiking trail across S Vargas I. See <a href=\"http://www.env.gov.bc.ca/bcparks/explore/parkpgs/vargas_is/\" target=\"_blank\" style=\"color:blue\">Vargas Island Provincial Park</a>. See <a href=\"https://www.bcmarinetrails.org/paddling-within-the-ahousaht-hahoulthee/\" target=\"_blank\" style=\"color:blue\">Vargas Island webpage</a> with information on Ahousaht access passes.", "Layer Title": "Campsite", "Latitude": 49.18784, "Longitude": -126.02641, "x": -14029195.788000001, "y": 6306794.223 }, "geometry": { "type": "Point", "coordinates": [ -126.02641, 49.18784 ] } },
{ "type": "Feature", "properties": { "Title": "Cow Bay west 2", "Description": "Dispersed site primary", "Land Tenure": "Marine Provincial Park", "Tent Sites": "10", "Landing Comments": "Broad sand beach of moderately low gradient. SE aspect.", "Camp Comments": "Beach sites on sand among drift logs.", "Other Comments": "Attractive. Water sources at Cow Bay west, approx 500 m to W.", "Layer Title": "Dispersed Site", "Latitude": 49.27322, "Longitude": -126.16048, "x": -14044120.615, "y": 6321348.058 }, "geometry": { "type": "Point", "coordinates": [ -126.16048, 49.27322 ] } },
{ "type": "Feature", "properties": { "Title": "Popplewell Point north", "Description": "Informal site secondary", "Land Tenure": "Provincial Forest", "Tent Sites": "1 - 3", "Landing Comments": "Clam bed beach at low water. Sand, silt or mud, pebble. Boulders at high water. Moderate gradient. Protected from S,W. E aspect.", "Camp Comments": "Beach top site at Neaps. Grassy at forest margin. Brushing likely needed. Hammock opportunities.", "Other Comments": "Attractive. Water at seasonal stream but Popplewell Cove 0.3 NM to SW more reliable source.", "Layer Title": "Informal Site", "Latitude": 50.84989, "Longitude": -126.95203, "x": -14132235.001, "y": 6594784.009 }, "geometry": { "type": "Point", "coordinates": [ -126.95203, 50.84989 ] } },
{ "type": "Feature", "properties": { "Title": "Ahous Bay south", "Description": "Campsite primary", "Land Tenure": "Provincial Park", "Tent Sites": "unlimited", "Landing Comments": "S end of overall large bay usually more protected, may be calm. Hook at S corner gives more shelter.", "Camp Comments": "Entire expansive sand beach suited to camping. Random wilderness camping allowed. Please use animal-proof food bins at N and S ends of bay. New fully enclosed outhouse 2024. Kitchen pole structure for hanging a group tarp.", "Other Comments": "Water at creek in centre bay. Attractive long sandy beach. Hiking trail across S Vargas I. See <a href=\"https://bcparks.ca/vargas-island-park/\" target=\"_blank\" style=\"color:blue\">Vargas Island Provincial Park</a>. See <a href=\"https://www.bcmarinetrails.org/paddling-within-the-ahousaht-hahoulthee/\" target=\"_blank\" style=\"color:blue\">Vargas Island webpage</a> with information on Ahousaht access passes. Link to the Ahousaht map showing where camping or day use allowed.", "Layer Title": "Campsite", "Latitude": 49.16618, "Longitude": -126.01258, "x": -14027655.905, "y": 6303105.167 }, "geometry": { "type": "Point", "coordinates": [ -126.01258, 49.16618 ] } },
{ "type": "Feature", "properties": { "Title": "Chetarpe", "Description": "Commercial", "Land Tenure": "IR", "Tent Sites": "15 +", "Landing Comments": "Low gradient sand beach, usable at all water levels. Small surf possible. Point at S offers protection. Beach generally floods. Marine traffic hazards. Hazards off Chetarpe Point in S approach to beach.", "Camp Comments": "Tent sites at 2 current (2024) clearings under willow trees. Some potential for hammocks, but most trees small.", "Other Comments": "Attractive. Sunny. Water at seasonal stream.", "Layer Title": "Private or Commercial", "Latitude": 49.24516, "Longitude": -126.00911, "x": -14027270.406, "y": 6316563.102 }, "geometry": { "type": "Point", "coordinates": [ -126.00911, 49.24516 ] } },
{ "type": "Feature", "properties": { "Title": "Atleo River", "Description": "Informal site primary", "Land Tenure": "Provincial Forest", "Tent Sites": "4 - 6", "Landing Comments": "Easy on gravel beach. W aspect. Protected from S, open to N. Vessel traffic. Frequent high afternoon winds.", "Camp Comments": "4-5 tent sites in W-facing open forest clearings. Rustic site requiring more site levelling work. 2-3 additional beach tent sites to N. MHSS Stewardship Fee (Ahousaht First Nation) required to camp.", "Other Comments": "Attractive. Year-round water at Atleo R approx. 600 m to S.. On paddling route to Mux̣šiƛa Hot Springs at Nism̓aakqin. Refer to FN Info box for payment of stewardship fee.", "Layer Title": "Informal Site", "Latitude": 49.37493, "Longitude": -126.06012, "x": -14032948.702, "y": 6338720.628 }, "geometry": { "type": "Point", "coordinates": [ -126.06012, 49.37493 ] } },
{ "type": "Feature", "properties": { "Title": "Deserters Islet", "Description": "Informal site secondary", "Land Tenure": "Crown Conservancy", "Tent Sites": "1 - 2", "Landing Comments": "Protected beach of bedrock, small boulders in channel between islands. All-tide. S aspect.", "Camp Comments": "Walk across rocks to small grass patch for 1-2 small tents. Sheltered except from S. Short carry. Small, easily used site.", "Other Comments": "Lift boats up rocks to store ashore. See <a href=\"https://bcparks.ca/mahpahkum-ahkwuna-deserters-walker-conservancy/\" target=\"_blank\" style=\"color:blue\">Mahpahkum-Ahkwuna/Deserters-Walker Conservancy</a>.", "Layer Title": "Dispersed Site", "Latitude": 50.88361, "Longitude": -127.48606, "x": -14191683.282, "y": 6600731.445 }, "geometry": { "type": "Point", "coordinates": [ -127.48606, 50.88361 ] } },
{ "type": "Feature", "properties": { "Title": "Deserters Meadow", "Description": "Dispersed site primary", "Land Tenure": "Crown Conservancy", "Tent Sites": "6 - 8", "Landing Comments": "In protected cove, low gradient sand, mud clam bed beach. Scattered boulders. Gravel at high water. NW aspect. Much rougher alternative landing on E (outer) shore.", "Camp Comments": "5 or more tent sites in small meadow. Short trail up bank from beach via awkward step. Small gravel beach top sites for additional 3 tents, dry at 4.5 m tides but marginal at 4.8 m. Ensure to minimize your impact on sensitive wildflowers.", "Other Comments": "View. See <a href=\"https://bcparks.ca/mahpahkum-ahkwuna-deserters-walker-conservancy/\" target=\"_blank\" style=\"color:blue\">Mahpahkum-Ahkwuna/Deserters-Walker Conservancy</a>.", "Layer Title": "Dispersed Site", "Latitude": 50.88464, "Longitude": -127.47533, "x": -14190488.268, "y": 6600912.657 }, "geometry": { "type": "Point", "coordinates": [ -127.47533, 50.88464 ] } },
{ "type": "Feature", "properties": { "Title": "Tomlinson Point south", "Description": "Informal site secondary", "Land Tenure": "Provincial Forest", "Tent Sites": "5 - 7", "Landing Comments": "Large low gradient sandy clam bed beach. Steeper at beach top. More rocky at sides. Exposed to SW but mostly protected from NW, SE. Some upper beach remains dry at Neaps, but Springs might flood it entirely. Long carry at low water.<br />", "Camp Comments": "Up to 10 beach top sites under trees on sand appear to be dry most tides. Easy upland access to approx. 3 additional small tent sites requiring brushing. Hammock opportunities.", "Other Comments": "No comments.", "Layer Title": "Informal Site", "Latitude": 50.90351, "Longitude": -127.25234, "x": -14165665.802, "y": 6604242.768 }, "geometry": { "type": "Point", "coordinates": [ -127.25234, 50.90351 ] } },
{ "type": "Feature", "properties": { "Title": "Staples Island northwest", "Description": "Informal site secondary", "Land Tenure": "Crown Conservancy", "Tent Sites": "1 - 3", "Landing Comments": "Protected low gradient clam bed beach. Mud at low water, boulders, cobble at mid, higher water levels. Visible grass mostly floods. Long carry at low water. Old boat run visible at mid, high water. N aspect.<br />", "Camp Comments": "1 tent site on gravel beach top clear of tidal challenges, 2 possible additional sites upland w much brushing of vegetation.", "Other Comments": "See <a href=\"https://bcparks.ca/mahpahkum-ahkwuna-deserters-walker-conservancy/\" target=\"_blank\" style=\"color:blue\">Mahpahkum-Ahkwuna/Deserters-Walker Conservancy</a>.", "Layer Title": "Dispersed Site", "Latitude": 50.89539, "Longitude": -127.5286, "x": -14196418.368000001, "y": 6602810.597 }, "geometry": { "type": "Point", "coordinates": [ -127.5286, 50.89539 ] } },
{ "type": "Feature", "properties": { "Title": "Shelter Passage Islet", "Description": "Informal site secondary", "Land Tenure": "Crown Conservancy", "Tent Sites": "1 - 2", "Landing Comments": "Low gradient beaches in moderately protected bay. Bedrock outcrops. Few drift logs. NW aspect.<br />", "Camp Comments": "Possible 1 tent site on flat rock with marginal tidal clearance. Upland access moderately easy. Additional 1 upland site with much brushing.", "Other Comments": "Short carry if flat rock is used.", "Layer Title": "Dispersed Site", "Latitude": 50.8775, "Longitude": -127.49139, "x": -14192276.393, "y": 6599652.724 }, "geometry": { "type": "Point", "coordinates": [ -127.49139, 50.8775 ] } },
{ "type": "Feature", "properties": { "Title": "Wishart Island west", "Description": "Informal site secondary", "Land Tenure": "Crown Conservancy", "Tent Sites": "1 - 2", "Landing Comments": "Easy in sheltered cove on very low gradient large clam bed, gravel beaches with scattered boulders. Beaches mostly flood. Few drift logs. Long carry at low water.", "Camp Comments": "1 site on grass under cedar. 1 potential gravel beach top site at Neaps. Upland potential. Easy upland access for additional tent or hammock use with brushing.", "Other Comments": "Fish farm bunkhouse clearly visible. See <a href=\"https://bcparks.ca/mahpahkum-ahkwuna-deserters-walker-conservancy/\" target=\"_blank\" style=\"color:blue\">Mahpahkum-Ahkwuna/Deserters-Walker Conservancy</a>.", "Layer Title": "Dispersed Site", "Latitude": 50.87597, "Longitude": -127.48463, "x": -14191524.207, "y": 6599384.213 }, "geometry": { "type": "Point", "coordinates": [ -127.48463, 50.87597 ] } },
{ "type": "Feature", "properties": { "Title": "Petes Bay", "Description": "Campsite secondary", "Land Tenure": "Provincial Recreation Site", "Tent Sites": "4 - 6", "Landing Comments": "Broad shingle, pebble beach of moderate gradient. SW aspect. Exposed to NW.", "Camp Comments": "Grass areas adjacent to intact (2024) unoccupied furnished house. Much debris, materials near house. Adjacent grassy areas for tents.", "Other Comments": "House in Rec Site apparently used by locals.", "Layer Title": "Campsite", "Latitude": 49.55508, "Longitude": -124.28497, "x": -13835339.796, "y": 6369576.433 }, "geometry": { "type": "Point", "coordinates": [ -124.28497, 49.55508 ] } },
{ "type": "Feature", "properties": { "Title": "Pages Resort", "Description": "Commercial", "Land Tenure": "Private", "Tent Sites": "8", "Landing Comments": "Two options: 1. Kayak docking area on the south side of our marina with a lowered launching area and storage both on racks or on the docks.  2. There are campsites right on the water overlooking the bay.  Kayaks can be pulled right up on the shore at these sights.", "Camp Comments": "Page's Resort has 8 sites within 100 metres and they also have wheelbarrows to make it easier for these and the other 8 sites that are a little farther away.", "Other Comments": "They are open year-round and have washrooms with showers, a BBQ area, and a grocery and liquor store on site. Book your camping spot on the <a href=https://www.pagesresort.com/campground target=_blank style=color:blue>Page's Resort.</a>. Or email the resort at info@pagesresort.com or phone 250-247-8931. Their address is: 3350 Coast Road, Gabriola Island", "Layer Title": "Private or Commercial", "Latitude": 49.14817, "Longitude": -123.69683, "x": -13769868.462, "y": 6300039.732 }, "geometry": { "type": "Point", "coordinates": [ -123.69683, 49.14817 ] } }
]
}
